{"type": "FeatureCollection", "features": [{"type": "Feature", "properties": {"facility_layer": "UPIS_C_UQ151", "urban_facility": "대로1류", "urban_facility_landuse": "기타", "urban_facility_source": "도시계획 시설정보"}, "geometry": {"type": "Polygon", "coordinates": [[[127.14353710098851, 37.47410406565425], [127.14352638551252, 37.47393111034376], [127.14325545782711, 37.47394179594738], [127.14227878411444, 37.473980535187096], [127.14212075270477, 37.47398676004293], [127.14166926647103, 37.474004505528455], [127.14096332446377, 37.47403237076191], [127.140577576923, 37.47402012121259], [127.14010009177206, 37.47403951309976], [127.13996630078564, 37.47407183570442], [127.13975796519111, 37.474079828232014], [127.1383353388605, 37.47413599458641], [127.13819898618131, 37.47412786316214], [127.1376243956349, 37.47415033063328], [127.1375122584342, 37.47415478455175], [127.1369397736288, 37.47415409051657], [127.13696608843625, 37.47457834223341], [127.13753566630211, 37.474532727979714], [127.13764780406592, 37.47452827403824], [127.1379619482313, 37.474515928393316], [127.13808635412789, 37.47448163670164], [127.13837893588287, 37.47448598340448], [127.14043357474016, 37.474405072529684], [127.1409855689436, 37.474383284812355], [127.14207506443984, 37.474340277503885], [127.14214277648138, 37.474337674136464], [127.14223309676657, 37.474334142808004], [127.14230080862782, 37.474331449250066], [127.14327714791531, 37.47429280032824], [127.14354809685364, 37.47428206839888], [127.14353710098851, 37.47410406565425]]]}}, {"type": "Feature", "properties": {"facility_layer": "UPIS_C_UQ151", "urban_facility": "소로3류", "urban_facility_landuse": "기타", "urban_facility_source": "도시계획 시설정보"}, "geometry": {"type": "Polygon", "coordinates": [[[127.14235664818659, 37.47523139356685], [127.14230080862782, 37.474331449250066], [127.14223309676657, 37.474334142808004], [127.14228893551568, 37.475234087158036], [127.14235664818659, 37.47523139356685]]]}}, {"type": "Feature", "properties": {"facility_layer": "UPIS_C_UQ151", "urban_facility": "소로3류", "urban_facility_landuse": "기타", "urban_facility_source": "도시계획 시설정보"}, "geometry": {"type": "Polygon", "coordinates": [[[127.14214277648138, 37.474337674136464], [127.14207506443984, 37.474340277503885], [127.14213090146798, 37.475240312031424], [127.14219861415047, 37.4752376185308], [127.14214277648138, 37.474337674136464]]]}}, {"type": "Feature", "properties": {"facility_layer": "UPIS_C_UQ151", "urban_facility": "중로1류", "urban_facility_landuse": "기타", "urban_facility_source": "도시계획 시설정보"}, "geometry": {"type": "Polygon", "coordinates": [[[127.14329569696422, 37.47537479130607], [127.1433886092836, 37.47542612699695], [127.14332948760482, 37.47512922774689], [127.14325364331931, 37.475195992883826], [127.14235664818659, 37.47523139356685], [127.14228893551568, 37.475234087158036], [127.14219861415047, 37.4752376185308], [127.14213090146798, 37.475240312031424], [127.14115500110627, 37.475278770767915], [127.14107123053843, 37.47521823230262], [127.14107194701165, 37.47554277233353], [127.14115782365316, 37.475459057908765], [127.14214423945499, 37.47542022623373], [127.14221195229926, 37.47541753272522], [127.14230227388029, 37.47541400134193], [127.14236998671298, 37.47541130774289], [127.14329569696422, 37.47537479130607]]]}}, {"type": "Feature", "properties": {"facility_layer": "UPIS_C_UQ151", "urban_facility": "중로1류", "urban_facility_landuse": "기타", "urban_facility_source": "도시계획 시설정보"}, "geometry": {"type": "Polygon", "coordinates": [[[127.14453022439844, 37.4780472963121], [127.144446335135, 37.47798685051671], [127.14443490365129, 37.47780197884393], [127.14439433996374, 37.477695349322794], [127.14438407607481, 37.47752984775663], [127.144371828571, 37.47733191252733], [127.14437180168922, 37.477331478293664], [127.1443702500192, 37.47733153945501], [127.1443324298846, 37.47672287762414], [127.14432076061956, 37.4766125604058], [127.14429959812739, 37.47650314301295], [127.14426898520968, 37.476395148361554], [127.1442291343116, 37.47628909987624], [127.14422262845619, 37.47627535248672], [127.1441913762539, 37.47620920629861], [127.14419044686613, 37.47620723852261], [127.14418016752538, 37.47618549366675], [127.14413428604193, 37.47610386301151], [127.14412381598756, 37.47608561544002], [127.14410742832078, 37.47605941532831], [127.14404027342741, 37.47595237571851], [127.14399510431893, 37.47588037373948], [127.14394520965246, 37.47580083109814], [127.14376096501339, 37.475507124546695], [127.14375046556631, 37.475488832614786], [127.14373915375252, 37.47547075570161], [127.14371828111393, 37.47543320904479], [127.14371621014631, 37.47542915342187], [127.14371453798546, 37.47542624020986], [127.14371225416616, 37.475421406334895], [127.14369887730952, 37.475395210115764], [127.14368105521794, 37.47535666867922], [127.14367621228239, 37.47534512089462], [127.14367521340006, 37.47534300668041], [127.14367424777221, 37.47534043659821], [127.14366470195662, 37.47531767497188], [127.14365004379643, 37.475278318822376], [127.14364391796101, 37.47525971171367], [127.14364320427805, 37.47525781219506], [127.1436426609729, 37.475255893634944], [127.14363696768385, 37.475238600367284], [127.14362547361657, 37.47519851960713], [127.14361922113571, 37.47517312102085], [127.1436186331613, 37.475171044716575], [127.143618351701, 37.47516958923535], [127.14361556193334, 37.47515825674234], [127.14360734551204, 37.475117721537394], [127.1436021229617, 37.47508566744998], [127.14360163368511, 37.47508313730817], [127.14360149192247, 37.475081794362204], [127.14360071146977, 37.475077004228595], [127.14359577285471, 37.475036104680214], [127.14359309243342, 37.475002224228845], [127.1435929105081, 37.475000500810225], [127.14359228293554, 37.474994522861195], [127.14358878516396, 37.47493801469436], [127.14358354310048, 37.474853477798256], [127.1435731320517, 37.47468569317559], [127.14356699733588, 37.47458670468585], [127.14356402500519, 37.47453863488518], [127.14356149708196, 37.47449783294082], [127.1435558051482, 37.47440662266211], [127.14355370631536, 37.474372837609664], [127.14353741744678, 37.474109173501695], [127.14352638551252, 37.47393111034376], [127.14325545782711, 37.47394179594738], [127.14327714791531, 37.47429280032824], [127.14332948760482, 37.47512922774689], [127.1433886092836, 37.47542612699695], [127.14340280184521, 37.475458455922656], [127.14341846545032, 37.47549150388146], [127.14343514585106, 37.47552419021605], [127.14344887210382, 37.47554904138052], [127.14346282429841, 37.47557380217169], [127.14347586680678, 37.475595770948274], [127.14356964284592, 37.47568512773334], [127.14388216015934, 37.47618390660752], [127.14390450123418, 37.476220640559376], [127.14392548689672, 37.47625800684146], [127.14394500357992, 37.47629573529086], [127.1439631646765, 37.476334005971914], [127.14397985679003, 37.47637263882169], [127.1439950800895, 37.4764117239407], [127.14400894728368, 37.47645108099328], [127.14402111938288, 37.47649080048888], [127.14403193537244, 37.476530791919], [127.14404116897313, 37.476570965456816], [127.14404893340668, 37.476611411066244], [127.1440552283286, 37.476651948547676], [127.1440599408544, 37.47669266813769], [127.14406307081049, 37.476733479736474], [127.14410074430275, 37.47734260146216], [127.14410634191289, 37.47743260476162], [127.14413981343786, 37.47797190386009], [127.14406396701034, 37.47803866948914], [127.14453022439844, 37.4780472963121]]]}}, {"type": "Feature", "properties": {"facility_layer": "UPIS_C_UQ151", "urban_facility": "소로3류", "urban_facility_landuse": "기타", "urban_facility_source": "도시계획 시설정보"}, "geometry": {"type": "Polygon", "coordinates": [[[127.14230169625493, 37.475419462101414], [127.14230269602564, 37.47542811052813], [127.14230379745827, 37.47543671378362], [127.14230501185803, 37.47544527185438], [127.14230633922494, 37.47545378474045], [127.1423078249993, 37.475462369517906], [127.1423083847143, 37.47546544126734], [127.14231202441698, 37.475483222707275], [127.14231629705732, 37.475500922302686], [127.14232119127996, 37.475518513037045], [127.14232670706839, 37.475535985900194], [127.14233283310095, 37.47555333189558], [127.1423395806494, 37.475570532989614], [127.14234692708693, 37.475587580199125], [127.14235486105795, 37.47560444650752], [127.14235890080981, 37.47561249664902], [127.14236301947888, 37.47562042956602], [127.1423672624887, 37.475628353324666], [127.14237162983933, 37.47563626792491], [127.14237611024257, 37.475644182390226], [127.14238069239322, 37.47565209673404], [127.14238536500312, 37.475660019979856], [127.14239012805533, 37.47566794311766], [127.14239495897343, 37.4756758841944], [127.14239986902874, 37.47568382517655], [127.14240482435652, 37.475691793134565], [127.14240982492298, 37.47569977004845], [127.14241488210092, 37.47570779194472], [127.14241995058515, 37.47571581382725], [127.1428148983519, 37.47634063744847], [127.14281997827791, 37.476348686329274], [127.1428250922396, 37.47635679823931], [127.14283019494803, 37.47636493719258], [127.14283529772541, 37.47637311218559], [127.1428403666729, 37.476381332268964], [127.1428454131297, 37.47638961544908], [127.14285041443436, 37.47639793472306], [127.1428553593495, 37.47640632614441], [127.1428602478411, 37.47641477169312], [127.14286506862094, 37.47642328039273], [127.14286979909531, 37.476431861280304], [127.14287443924727, 37.476440505345835], [127.14287896650018, 37.47644923063637], [127.14288331278469, 37.47645791109316], [127.14289129217293, 37.47647476829851], [127.14289874052153, 37.47649178831897], [127.14290563516862, 37.47650894415166], [127.14291199874141, 37.476526244779656], [127.14291779725582, 37.47654365420362], [127.14292304205065, 37.47656119043013], [127.14292773305776, 37.476578817419224], [127.14293185897135, 37.47659653518454], [127.14293543106244, 37.4766143256926], [127.1429358195345, 37.47661649664172], [127.14293741973069, 37.476625757023776], [127.14293887316192, 37.476635125701655], [127.14294020220107, 37.47664447650834], [127.14294139550886, 37.47665379143738], [127.14294247572977, 37.47666308848171], [127.14294345415216, 37.47667235861778], [127.14294434208124, 37.47668160183213], [127.14294515080542, 37.47669080910115], [127.14294588034159, 37.47669998943489], [127.14294656460568, 37.476709142792764], [127.1429471922584, 37.47671825116828], [127.14294778596137, 37.47672734156437], [127.14294836824028, 37.47673636890402], [127.14294892792566, 37.4767454052807], [127.14298509661477, 37.47732870646474], [127.14301428511808, 37.47732756328424], [127.14301760794766, 37.47738101572764], [127.14302098803256, 37.477380885539745], [127.14302125612652, 37.47738516497607], [127.14305631170937, 37.47738377148866], [127.14301118958757, 37.476657077630655], [127.14301013100308, 37.47663527465793], [127.14300405748766, 37.47659194374994], [127.14299414102591, 37.47654906794332], [127.14298038196387, 37.476506827437014], [127.14296278098686, 37.476465582629594], [127.14294145115336, 37.47642533338398], [127.14292909189616, 37.47640597663876], [127.14242913825896, 37.47560558331832], [127.14241189910874, 37.47557614111464], [127.14239759728196, 37.47554561420417], [127.14238691176091, 37.47551436217927], [127.14237984845967, 37.475485538540326], [127.14237459347866, 37.47545644244468], [127.14237114715398, 37.47542725409257], [127.14236998671298, 37.47541130774289], [127.14230112084141, 37.475414047765774], [127.14230169625493, 37.475419462101414]]]}}, {"type": "Feature", "properties": {"facility_layer": "UPIS_C_UQ151", "urban_facility": "소로3류", "urban_facility_landuse": "기타", "urban_facility_source": "도시계획 시설정보"}, "geometry": {"type": "Polygon", "coordinates": [[[127.14214423945499, 37.47542022623373], [127.14214551914567, 37.475439506150636], [127.1421473654444, 37.475459506194625], [127.14215331873612, 37.47549932339134], [127.14216198476375, 37.47553886705821], [127.14217438673641, 37.47558119938288], [127.14219255807137, 37.47562550704173], [127.14221524879338, 37.4756683677134], [127.14222874096457, 37.47568916478983], [127.14272767216026, 37.47648775816651], [127.14274377789377, 37.47651548977067], [127.14275739816851, 37.47654412534504], [127.14276841942039, 37.4765733947257], [127.14277684147703, 37.476603207813405], [127.1427824380597, 37.476633474779064], [127.14278520882586, 37.47666401542314], [127.1428304455508, 37.47739269143472], [127.1428657724542, 37.47739128866936], [127.14286550436907, 37.47738700923265], [127.14286887313213, 37.47738687005264], [127.14286530177378, 37.47733346295241], [127.14289476137334, 37.477332193336956], [127.14285859353716, 37.476748973214136], [127.14285803399838, 37.47674000891698], [127.1428574744597, 37.47673104461981], [127.14285688110701, 37.476722134423184], [127.14285626521168, 37.47671326029353], [127.14285561545142, 37.476704413234444], [127.14285490924954, 37.47669561129292], [127.14285413528374, 37.4766868454725], [127.14285330487635, 37.47667812476967], [127.14285238407753, 37.47666943120497], [127.1428513842265, 37.4766607827849], [127.1428502714074, 37.47665217955], [127.14284906823083, 37.47664362147324], [127.1428477294756, 37.476635108608676], [127.14284625490421, 37.476626514816395], [127.14284569512448, 37.47662342505018], [127.14284204393397, 37.47660564364402], [127.14283777110599, 37.47658794407133], [127.14283287669178, 37.47657035336198], [127.14282736070884, 37.47655288052592], [127.14282123447974, 37.476535534559524], [127.14281449803885, 37.4765183334827], [127.14280715140342, 37.47650128630534], [127.1427992059301, 37.476484420043825], [127.14279516608384, 37.476476369918785], [127.14279105862718, 37.476468437004655], [127.14278681554185, 37.47646052227254], [127.14278244808229, 37.47645259867895], [127.14277796758775, 37.47644468423033], [127.14277338534659, 37.476436769903145], [127.14276871264718, 37.47642884667391], [127.14276394950647, 37.476420923552595], [127.14275910719591, 37.476412982505636], [127.14275420835997, 37.47640504152605], [127.14274925294782, 37.47639707358382], [127.1427442409934, 37.47638909669894], [127.14273920639555, 37.476381101820834], [127.1427341264929, 37.476373061946575], [127.14233917920932, 37.475748229047824], [127.14233406540937, 37.47574015315573], [127.14232897420398, 37.47573206822649], [127.1423238715931, 37.475723929250506], [127.14231878022089, 37.475715754220815], [127.14231370007046, 37.47570753412741], [127.14230866504042, 37.47569925991991], [127.14230366382566, 37.47569093161182], [127.14229870771433, 37.475682540179626], [127.1422938193338, 37.47567409460639], [127.14228899866707, 37.47566558588217], [127.14228426830758, 37.47565700496998], [127.1422796395774, 37.475648360866444], [127.14227511244268, 37.47563963555149], [127.14227076627616, 37.47563095507089], [127.14226277581227, 37.47561409783421], [127.14225533900066, 37.47559707775721], [127.14224843328132, 37.4755799218969], [127.14224208124746, 37.475562621216454], [127.14223628296621, 37.47554521175593], [127.14223102711519, 37.475527684518894], [127.14222633632127, 37.475510048488516], [127.14222221063466, 37.47549233069482], [127.14221865007191, 37.4754745401479], [127.14221826167731, 37.47547239622596], [127.14221666159486, 37.475463135832115], [127.14221519697176, 37.47545376715671], [127.14221387936651, 37.47544442533628], [127.14221268615177, 37.47543510138776], [127.14221159473428, 37.47542580434804], [127.14221073142946, 37.475417579228946], [127.14214423945499, 37.47542022623373]]]}}, {"type": "Feature", "properties": {"facility_layer": "UPIS_C_UQ151", "urban_facility": "대로1류", "urban_facility_landuse": "기타", "urban_facility_source": "도시계획 시설정보"}, "geometry": {"type": "Polygon", "coordinates": [[[127.1377379287035, 37.477967203867834], [127.13772142908886, 37.47790847758865], [127.13766246326516, 37.47781087697648], [127.13764855485397, 37.477747102091264], [127.13763611568814, 37.47768305521077], [127.13762525898206, 37.477618826305154], [127.13761587184064, 37.47755450560506], [127.13760806715116, 37.47749000288066], [127.13760173201867, 37.477425408362436], [127.13759755995794, 37.47736910056694], [127.13761308596509, 37.47732745641138], [127.1376078441336, 37.477242317795415], [127.13758673080348, 37.47719530982481], [127.13757543462171, 37.477013320499125], [127.13746619649946, 37.475250275808285], [127.1374933568676, 37.47514095302179], [127.13745981745261, 37.47459948941369], [127.13753566630211, 37.474532727979714], [127.13696608843625, 37.47457834223341], [127.1369925190386, 37.47500394528366], [127.137033070752, 37.47511057741806], [127.13714660570157, 37.4769423640561], [127.13713579905124, 37.477030674623286], [127.13712398905389, 37.47712682505397], [127.13713761297309, 37.47734629341589], [127.13713970656325, 37.477378727071056], [127.1371451533041, 37.477452422750716], [127.13715240876532, 37.47752602625291], [127.13716147278936, 37.47759944747731], [127.13717223248959, 37.47767277665326], [127.13718491381775, 37.47774592342069], [127.13719929066947, 37.47781888803864], [127.13721547594173, 37.477891580276676], [127.1372334696396, 37.47796400013408], [127.13725315871281, 37.478036147739864], [127.1372746560585, 37.47810793286334], [127.13729784878899, 37.47817944573341], [127.13732284963844, 37.47825050601921], [127.13746874207487, 37.47859037620012], [127.13750311987079, 37.47865755134749], [127.13753907970035, 37.47872427416224], [127.13757662124048, 37.478790364442965], [127.13761574465778, 37.47885591228819], [127.1376563367355, 37.478920827726576], [127.13775213981476, 37.47900730354028], [127.1386245629735, 37.48028625683348], [127.13900473137303, 37.48013624890297], [127.1387688238061, 37.479790448600205], [127.13869072671174, 37.479619168853375], [127.13814478256413, 37.478818721105746], [127.13810805207481, 37.4787637123858], [127.13807256411108, 37.47870807151696], [127.13803843205505, 37.47865197856965], [127.13783997809645, 37.47825657795858], [127.13781703679079, 37.47819930072965], [127.13779533847574, 37.478141661661525], [127.13777488331228, 37.478083750854914], [127.13775578451664, 37.478025658279954], [127.1377379287035, 37.477967203867834]]]}}, {"type": "Feature", "properties": {"facility_layer": "UPIS_C_UQ152", "urban_facility": "도시철도 (106정거장)", "urban_facility_landuse": "도로/교통시설", "urban_facility_source": "도시계획 시설정보"}, "geometry": {"type": "Polygon", "coordinates": [[[127.14301390816468, 37.477793237364196], [127.14304311944214, 37.477792085139235], [127.14304048498931, 37.47774997548473], [127.14304387639628, 37.477749845282624], [127.14304063503079, 37.47769764513788], [127.14303724364316, 37.47769778434991], [127.14303648559638, 37.477685486587234], [127.14304156139696, 37.47768529129774], [127.1430366990005, 37.477606801869584], [127.14303161191671, 37.477607006182375], [127.14303099383552, 37.4775969877857], [127.1430343852356, 37.47759685758389], [127.14303047912021, 37.477533864235305], [127.143027087723, 37.47753399443702], [127.14302646966003, 37.47752398505019], [127.14303154544974, 37.47752378976116], [127.14302668307474, 37.47744530033038], [127.14302159600189, 37.4774455046427], [127.14302083796035, 37.47743320687944], [127.143024229353, 37.477433076677876], [127.14302098803256, 37.477380885539745], [127.14301760794766, 37.47738101572764], [127.14301428511808, 37.47732756328424], [127.14298509661477, 37.47732870646474], [127.14289476137334, 37.477332193336956], [127.14286530177378, 37.47733346295241], [127.14286887313213, 37.47738687005264], [127.14286550436907, 37.47738700923265], [127.14286874558171, 37.47743920037522], [127.14287212566948, 37.47743907019159], [127.1428728949752, 37.47745135893237], [127.14286780788451, 37.47745155422812], [127.14287267009382, 37.47753004366568], [127.14287775717285, 37.47752983935975], [127.142878375233, 37.47753985775737], [127.14287499514067, 37.477539987941206], [127.14287890112591, 37.477602981295085], [127.14288228122103, 37.47760285111116], [127.14288291057092, 37.47761286048512], [127.1428778234863, 37.4776130647913], [127.14288268570009, 37.47769154521627], [127.142887772807, 37.477691349919866], [127.14288853081251, 37.477703638673525], [127.14288515071284, 37.47770376885765], [127.14288838066498, 37.477755969020336], [127.14289177205553, 37.47775582981259], [127.14289441778155, 37.477797966486996], [127.14289724393342, 37.47779784597539], [127.14292357251837, 37.47779680534921], [127.14301390816468, 37.477793237364196]]]}}, {"type": "Feature", "properties": {"facility_layer": "UPIS_C_UQ153", "urban_facility": "완충녹지", "urban_facility_landuse": "공원/녹지", "urban_facility_source": "도시계획 시설정보"}, "geometry": {"type": "Polygon", "coordinates": [[[127.1372856096484, 37.47814460004911], [127.13725303800221, 37.478038166121905], [127.13722433166348, 37.477931024963404], [127.13719950208488, 37.47782326666337], [127.13717859465136, 37.47771499028233], [127.13716117420213, 37.477603132916514], [127.13714792488014, 37.47749091936772], [127.13713885815132, 37.47737844873432], [127.13713685502121, 37.47734602398531], [127.1370015271175, 37.477351350976285], [127.13700135753614, 37.47735135117072], [127.13700336060784, 37.47738377592211], [127.13701325723031, 37.4775051655301], [127.13702789032295, 37.47762624336248], [127.13704723710235, 37.477746901323435], [127.1370712973792, 37.477867022280655], [127.13710003704752, 37.477986489140235], [127.13713342200059, 37.47810518480774], [127.13717141813102, 37.47822299218821], [127.13721401395811, 37.478339803170236], [127.13724388123246, 37.4783386336054], [127.13732201255411, 37.478250245690845], [127.1372856096484, 37.47814460004911]]]}}, {"type": "Feature", "properties": {"facility_layer": "UPIS_C_UQ151", "urban_facility": "소로3류", "urban_facility_landuse": "기타", "urban_facility_source": "도시계획 시설정보"}, "geometry": {"type": "Polygon", "coordinates": [[[127.14304387639628, 37.477749845282624], [127.14304048498931, 37.47774997548473], [127.14304311944214, 37.477792085139235], [127.14301390816468, 37.477793237364196], [127.14303332235691, 37.47810640222425], [127.14310096975764, 37.47810370828391], [127.14307858418123, 37.477743785017374], [127.14304357356765, 37.477745133407495], [127.14304387639628, 37.477749845282624]]]}}, {"type": "Feature", "properties": {"facility_layer": "UPIS_C_UQ151", "urban_facility": "소로3류", "urban_facility_landuse": "기타", "urban_facility_source": "도시계획 시설정보"}, "geometry": {"type": "Polygon", "coordinates": [[[127.14289177205553, 37.47775582981259], [127.14288838066498, 37.477755969020336], [127.14288808915158, 37.47775125713127], [127.14285282982729, 37.47775261477248], [127.14287521449363, 37.478112628183375], [127.14294298626679, 37.47810993418471], [127.14292357251837, 37.47779680534921], [127.14289441778155, 37.477797966486996], [127.14289177205553, 37.47775582981259]]]}}, {"type": "Feature", "properties": {"facility_layer": "UPIS_C_UQ151", "urban_facility": "소로3류", "urban_facility_landuse": "기타", "urban_facility_source": "도시계획 시설정보"}, "geometry": {"type": "Polygon", "coordinates": [[[127.1431160123765, 37.47834669034249], [127.1430483986741, 37.478349384251125], [127.14319253498115, 37.480673650520465], [127.14322173607088, 37.48067249826322], [127.14322354354611, 37.48070165248934], [127.14322692378022, 37.48070152229532], [127.14322719196645, 37.48070583776867], [127.14326235083256, 37.48070443508576], [127.1431160123765, 37.47834669034249]]]}}, {"type": "Feature", "properties": {"facility_layer": "UPIS_C_UQ151", "urban_facility": "소로3류", "urban_facility_landuse": "기타", "urban_facility_source": "도시계획 시설정보"}, "geometry": {"type": "Polygon", "coordinates": [[[127.14307482477896, 37.48070750705645], [127.14307301736135, 37.480678352827965], [127.14310220714887, 37.48067720061379], [127.14295806229228, 37.47835291622358], [127.14289025638355, 37.478355610271784], [127.14303658776608, 37.480713355305404], [127.14307170143272, 37.48071196174333], [127.1430714332554, 37.48070764626965], [127.14307482477896, 37.48070750705645]]]}}, {"type": "Feature", "properties": {"facility_layer": "UPIS_C_UQ151", "urban_facility": "중로1류", "urban_facility_landuse": "기타", "urban_facility_source": "도시계획 시설정보"}, "geometry": {"type": "Polygon", "coordinates": [[[127.14449884525496, 37.47937919445779], [127.14450732403553, 37.47937891389738], [127.14444562385056, 37.47838509400264], [127.14452158334258, 37.478318327995716], [127.14404684560985, 37.47830998167028], [127.14413039626083, 37.47837069845505], [127.14414182691444, 37.478555480040775], [127.144182616996, 37.47866219945965], [127.14430694257474, 37.48066326303078], [127.1443124276333, 37.4807532664051], [127.14432922189768, 37.48102318600832], [127.1443420515143, 37.48122967992244], [127.14426597569212, 37.48129635582386], [127.14357251477584, 37.48132368098677], [127.14323369782913, 37.481337062250944], [127.14307565101375, 37.481343288407245], [127.14273683371583, 37.48135657814713], [127.14211640338266, 37.4813810143563], [127.14203273810583, 37.48132038641649], [127.14200324241169, 37.48084424246335], [127.14199764705597, 37.48075423911207], [127.14185705745653, 37.478487126703186], [127.14193290613522, 37.478420272390984], [127.14146664686396, 37.47841172542395], [127.14155042115432, 37.47847217346822], [127.14156289895912, 37.47867623549383], [127.14160254546034, 37.47877791155193], [127.141675257624, 37.47993705355185], [127.14177912102872, 37.481610810047826], [127.14202749756066, 37.48160105444013], [127.14238123891124, 37.481587118242324], [127.14273509318768, 37.481573180850624], [127.14308906038988, 37.48155924226399], [127.14324710765887, 37.481553016089066], [127.14463041569759, 37.48149845998882], [127.14449884525496, 37.47937919445779]]]}}, {"type": "Feature", "properties": {"facility_layer": "UPIS_C_UQ156", "urban_facility": "소하천", "urban_facility_landuse": "하천/수공간", "urban_facility_source": "도시계획 시설정보"}, "geometry": {"type": "Polygon", "coordinates": [[[127.13949469640066, 37.48186553669377], [127.13943778281067, 37.481841726615684], [127.13940427188493, 37.48181734860184], [127.13934131483008, 37.481765614501015], [127.13928831598125, 37.48171864406041], [127.13915342719332, 37.4815915799288], [127.13911490512832, 37.48154720544767], [127.13909224065141, 37.48151867010821], [127.13906819171984, 37.48147499955978], [127.13891466991775, 37.48117424384682], [127.13874004151816, 37.48083044458083], [127.13867947144698, 37.48072311557903], [127.13861221723202, 37.480608225890286], [127.13858205496011, 37.480559787022614], [127.13852299178261, 37.480472548512346], [127.13845850553643, 37.48038729845883], [127.13843312529075, 37.48035714433219], [127.13839313583834, 37.480313492106724], [127.13824972738244, 37.48016210974696], [127.13819343672411, 37.48010694349936], [127.1381346665748, 37.480056014796766], [127.13808711058778, 37.480016786119265], [127.13794853201732, 37.47990954686256], [127.137805440852, 37.479807448353036], [127.13775348297013, 37.47977209892175], [127.1376642918371, 37.4797162495455], [127.13759230750381, 37.479672453703934], [127.13751964539824, 37.47962892889862], [127.13746441530549, 37.47959700691], [127.1373645986533, 37.47954198043104], [127.13729568139638, 37.4795060195922], [127.13721556907447, 37.479468720068034], [127.13718716966639, 37.47945658916146], [127.13701677585065, 37.47938515507685], [127.13682920123641, 37.479315722624015], [127.13672592107216, 37.47928313450137], [127.13607865350305, 37.47908619368082], [127.13577843839973, 37.47899589444294], [127.13541103544024, 37.47888720006382], [127.13530549470532, 37.47885425285729], [127.13524361312922, 37.47883206817132], [127.1351834224618, 37.4788070884357], [127.1351236821352, 37.478781026958394], [127.13479079542333, 37.478626700939856], [127.1347715597135, 37.478617622519366], [127.13471361690503, 37.478584981495985], [127.13466868854395, 37.47855962389114], [127.13465458434518, 37.47857531720887], [127.13455943547426, 37.478536681315155], [127.13454281320618, 37.478560504487845], [127.1339936748771, 37.478284423868686], [127.13402388821487, 37.478319159639426], [127.13412388586859, 37.47843414139051], [127.13424277353043, 37.47857995212773], [127.1344449176662, 37.47868173628085], [127.13442648464165, 37.47870455235207], [127.13453820504571, 37.47878630964552], [127.13453894015205, 37.4787864439682], [127.13456963262381, 37.478810592290074], [127.1346463325942, 37.47886288111194], [127.13487889986246, 37.47897637929422], [127.13487926254058, 37.478976883445654], [127.13490227896594, 37.47897577626458], [127.1349084465302, 37.47897913003746], [127.13491779404798, 37.47898420113265], [127.13492713027735, 37.47898928124985], [127.13493647779767, 37.47899435234354], [127.13494581402955, 37.47899943245926], [127.13495515024668, 37.479004503564255], [127.13496449778677, 37.479009583665714], [127.13497383402247, 37.47901466377917], [127.13498317024337, 37.47901973488192], [127.13499251778728, 37.47902481498115], [127.1350018540107, 37.4790298860824], [127.13501119025145, 37.4790349661929], [127.13501366858347, 37.479036305885025], [127.13502102429601, 37.479040243960526], [127.1350310616359, 37.47904540436745], [127.13504125701618, 37.47905042944471], [127.13505156515012, 37.4790552832034], [127.13506200868098, 37.479059983637946], [127.13507256494934, 37.47906450374386], [127.13508322268147, 37.479068861553884], [127.13509399316702, 37.479073048045215], [127.13510487638985, 37.479077054207835], [127.13511584977063, 37.47908089808727], [127.13512690195546, 37.47908455266627], [127.1351370488361, 37.47908773073727], [127.13513802165465, 37.47908802696765], [127.13514858691089, 37.47909124060457], [127.13515914087839, 37.47909446326339], [127.13516970613644, 37.47909767689843], [127.13518026010574, 37.4791008995553], [127.13519082536556, 37.479104113188455], [127.13520139062629, 37.47910732682066], [127.1352119445983, 37.47911054947472], [127.13522250986087, 37.479113763105026], [127.13523306383469, 37.47911698575718], [127.13524362909904, 37.479120199385605], [127.13525418305859, 37.47912341302586], [127.1352647483408, 37.479126635662375], [127.13527530230218, 37.47912984930073], [127.13528586758619, 37.479133071935365], [127.13529643285507, 37.47913628555904], [127.13530698681917, 37.479139499194574], [127.13531755210589, 37.479142721826356], [127.13532810607175, 37.479145935459975], [127.1353386713603, 37.47914915808986], [127.13534922532801, 37.4791523717216], [127.13535979060228, 37.4791555853396], [127.13537035589353, 37.47915880796665], [127.13538090986393, 37.47916202159554], [127.13539147515698, 37.479165244220674], [127.1354020291292, 37.47916845784769], [127.135412594408, 37.47917167146096], [127.13542314839806, 37.47917489409606], [127.13543371367868, 37.47917810770741], [127.13544426767055, 37.479181330340644], [127.13545483295295, 37.4791845439501], [127.13546539825232, 37.4791877665686], [127.13547595223085, 37.479190980188974], [127.13548651751599, 37.47919419379561], [127.13549707151236, 37.479197416424086], [127.1355076367993, 37.47920063002882], [127.13551819078141, 37.47920384364541], [127.13552875608625, 37.47920706625824], [127.13553932137586, 37.479210279860105], [127.13554987537678, 37.47921350248386], [127.13556044066823, 37.47921671608385], [127.13557099465486, 37.47921992969572], [127.1355815599642, 37.47922315230378], [127.13559212525831, 37.47922636590092], [127.13560267926376, 37.47922958851996], [127.1356132445597, 37.479232802115185], [127.13562379856695, 37.47923602473231], [127.13563436386471, 37.479239238325654], [127.13564491785763, 37.479242451930894], [127.13565548317331, 37.47924567453236], [127.13566603716805, 37.4792488881357], [127.13567660246946, 37.47925210172526], [127.13568716778782, 37.47925532432385], [127.13569772178528, 37.479258537924366], [127.13570828710544, 37.47926176052107], [127.1357188411047, 37.47926497411967], [127.1357294064106, 37.479268187704506], [127.13573996042777, 37.479271410311206], [127.13575052573546, 37.47927462389414], [127.13576109106016, 37.4792778464861], [127.13577164506394, 37.47928106007998], [127.13578221039046, 37.479284282670065], [127.13579276439604, 37.479287496262025], [127.13580332970822, 37.479290709840214], [127.13581388373174, 37.4792939324403], [127.13582444904573, 37.479297146016584], [127.13583500307104, 37.47930036861478], [127.13584556838684, 37.47930358218918], [127.13585613370356, 37.479306795762625], [127.13586668773156, 37.47931001835798], [127.13587725305011, 37.47931323192953], [127.13588780707992, 37.47931645452298], [127.13589837240022, 37.47931966809264], [127.13590893772147, 37.479322881661346], [127.13591949175401, 37.47932610425197], [127.13593005707706, 37.47932931781878], [127.13594061111138, 37.4793325404075], [127.13595117643624, 37.47933575397241], [127.13596173045623, 37.47933896754924], [127.13597229579902, 37.47934219012226], [127.13598284982085, 37.47934540369719], [127.13599341516543, 37.47934862626833], [127.13600398049478, 37.4793518398285], [127.1360145345193, 37.4793550534006], [127.1360250998666, 37.47935827596889], [127.13603565389293, 37.47936148953909], [127.13604621924203, 37.479364712105465], [127.13605677327017, 37.47936792567378], [127.13606733862109, 37.47937114823827], [127.13607790395679, 37.479374361791805], [127.1360884579876, 37.47937757535728], [127.13609902334123, 37.47938079791893], [127.13610957737389, 37.4793840114825], [127.13612014271315, 37.47938722503228], [127.13613069676377, 37.47939044760393], [127.13614126210484, 37.47939366115179], [127.13615181615725, 37.479396883721584], [127.13616238150017, 37.479400097267565], [127.13617294684396, 37.479403310812586], [127.13618350089907, 37.4794065333795], [127.13619406624467, 37.47940974692264], [127.1362046203016, 37.47941296948768], [127.13621518564901, 37.47941618302891], [127.13622575101347, 37.479419405579186], [127.13623630505693, 37.4794226191314], [127.13624687040708, 37.47942583266978], [127.13625742446852, 37.47942905523009], [127.13626798982042, 37.47943226876658], [127.13627854386752, 37.47943548231502], [127.13628910923741, 37.47943870485959], [127.13629966328631, 37.47944191840614], [127.136310228658, 37.47944514094882], [127.13632079401444, 37.47944835448056], [127.13633134808222, 37.47945157703426], [127.13634191344046, 37.479454790564105], [127.13635246749384, 37.479458004105915], [127.13636303287007, 37.47946122664386], [127.13637358692525, 37.47946444018377], [127.13638415230331, 37.47946766271981], [127.13639471766605, 37.47947087624493], [127.13640527172393, 37.47947408978202], [127.13641583710469, 37.479477312315225], [127.13642639116443, 37.479480525850406], [127.13643695654697, 37.4794837483817], [127.13644751060849, 37.479486961915], [127.13645807597665, 37.47949017543442], [127.13646863005619, 37.479493397975816], [127.13647919542613, 37.47949661149333], [127.13648976081322, 37.47949983401991], [127.13650031487924, 37.479503047548455], [127.13651091420158, 37.479506279044394], [127.13652132124601, 37.479509465708986], [127.13653176227346, 37.47951268837387], [127.13654218075511, 37.47951594710367], [127.13655258796432, 37.479519223865424], [127.13656298393357, 37.4795225366792], [127.13657335734088, 37.47952587654785], [127.13658373079774, 37.479529243445576], [127.13659408167644, 37.47953262838824], [127.13660441000944, 37.479536049395804], [127.13661473839205, 37.479539497432455], [127.13662504421278, 37.479542972524015], [127.13663533877735, 37.47954647465761], [127.13664562208578, 37.479550003833204], [127.13665588283234, 37.479553560063735], [127.1366661323228, 37.4795571433363], [127.13667637055718, 37.47956075365088], [127.1366865862459, 37.4795644000304], [127.13669679066233, 37.479568064441985], [127.13670698382269, 37.47957175589557], [127.13671715442122, 37.47957547440415], [127.1367273137637, 37.47957921995476], [127.13673745054435, 37.479582992560346], [127.13674757606897, 37.479586792208], [127.13675769033759, 37.47959061889767], [127.13676778206063, 37.47959448165234], [127.13677786251142, 37.47959836243908], [127.13678792038424, 37.47960226127084], [127.13679796701729, 37.47960619615465], [127.13680799108857, 37.479610158093465], [127.13681800390391, 37.479614147074365], [127.13682800546323, 37.47961816309735], [127.13683798446087, 37.479622206175335], [127.13684794088051, 37.479626267298386], [127.13685788606047, 37.47963036447351], [127.1368678086787, 37.479634488703645], [127.13687772002478, 37.4796386309659], [127.13688762013118, 37.47964280928024], [127.13689748635389, 37.47964700565262], [127.13690735262645, 37.47965122905413], [127.13691718503159, 37.47965547952364], [127.1369270061808, 37.47965975703533], [127.13693681607418, 37.47966406158908], [127.13694660340589, 37.47966839319791], [127.13695636817594, 37.47967275186186], [127.13696611036812, 37.47967712857088], [127.1369758413207, 37.47968154133202], [127.13698556100118, 37.47968597212533], [127.13699525812005, 37.47969042997371], [127.13700493267731, 37.47969491487723], [127.13701458467297, 37.47969942683584], [127.13702422539654, 37.479703956826626], [127.13703384357481, 37.479708522882504], [127.1370434391752, 37.479713106983546], [127.13705302351983, 37.479717718126714], [127.13706258531914, 37.47972236533507], [127.13707212452434, 37.47972702157853], [127.13708164118427, 37.47973171388714], [127.13709114657217, 37.47973642422794], [127.13710062939853, 37.4797411616239], [127.13711008967958, 37.47974593508502], [127.1371195273666, 37.47975071758132], [127.13712895381413, 37.47975553612979], [127.13713835768387, 37.479760372723455], [127.13714773899208, 37.47976523637231], [127.13715709773876, 37.479770127076335], [127.13716644522977, 37.4797750448226], [127.13717575883717, 37.479779980627015], [127.13718506118887, 37.479784943473675], [127.13719434097914, 37.47978993337552], [127.13720359820785, 37.47979495033258], [127.13721283285882, 37.479799985334864], [127.13722204494833, 37.47980504739238], [127.13723124578217, 37.479810136492134], [127.13724041273245, 37.4798152436501], [127.13724956842707, 37.47982037785031], [127.13725870156019, 37.47982553910578], [127.13726781211562, 37.479830718406504], [127.1372768888201, 37.479835933785445], [127.13728596555842, 37.479841167183686], [127.13729500841322, 37.47984641864016], [127.1373040287066, 37.479851697151915], [127.13731302643855, 37.479857002718944], [127.13732200160904, 37.47986233534125], [127.13733095420186, 37.479867686008845], [127.13733988421689, 37.47987305472173], [127.13734879168688, 37.47987845949989], [127.13735767657913, 37.479883882323364], [127.13736653889367, 37.479889323192126], [127.13737538996894, 37.47989480011319], [127.13738420716071, 37.47990029509259], [127.13739300177475, 37.4799058081173], [127.13740177382743, 37.47991134819735], [127.13741052331869, 37.47991691533271], [127.1374192502323, 37.479922500513425], [127.13742794326238, 37.479928103752464], [127.13743662505321, 37.47993374304384], [127.13744528426638, 37.47993940038059], [127.137453909596, 37.47994507577568], [127.13746252367012, 37.47995077821312], [127.13747110386072, 37.47995649870893], [127.13747966148995, 37.47996224626013], [127.13748819655784, 37.479968020866664], [127.13749670904805, 37.479973813518626], [127.1375051989606, 37.47997962421596], [127.13751366631179, 37.479985461968674], [127.1375220997958, 37.47999132678981], [127.13753051070218, 37.47999720965633], [127.13753889903087, 37.48000311056826], [127.13754726479824, 37.4800090385356], [127.13755560798792, 37.48001498454837], [127.13756391731046, 37.48002095762954], [127.13757220407166, 37.480026957766164], [127.13758047954468, 37.48003296692521], [127.13758872116689, 37.480039012162685], [127.13759692888931, 37.48004506644864], [127.13760511405034, 37.48005114779002], [127.13761327663376, 37.48005724717687], [127.13762141665586, 37.480063373619174], [127.13762953410028, 37.48006951810694], [127.13763761767756, 37.48007568966319], [127.13764567867717, 37.480081879264915], [127.13765370579328, 37.48008808692513], [127.13766172165398, 37.48009432162783], [127.13766970363113, 37.480100574389006], [127.13767765172479, 37.48010684520873], [127.13768558856303, 37.4801131430709], [127.13769349151772, 37.48011945899162], [127.13770136058892, 37.48012579297086], [127.13770921840468, 37.48013215399259], [127.1377170423369, 37.480138533072854], [127.13772483238567, 37.480144930211694], [127.13773261117898, 37.480151354393016], [127.13774035608877, 37.480157796632895], [127.13774806711506, 37.48016425693136], [127.13775575556367, 37.48017073527537], [127.13776342145101, 37.480177240674905], [127.13777105345484, 37.48018376413304], [127.137778662881, 37.48019030563675], [127.13778623842367, 37.48019686519904], [127.13779379140502, 37.48020345181689], [127.13780132180868, 37.48021005648034], [127.13780881832885, 37.480216679202364], [127.13781628096551, 37.48022331998304], [127.13782372102452, 37.480229978809284], [127.13783113852219, 37.480236664691134], [127.13783852213635, 37.480243368631626], [127.13784588317282, 37.48025009061771], [127.1378532103258, 37.48025683066245], [127.13786051490108, 37.480263588752806], [127.13786778560922, 37.48027037391179], [127.13787503372329, 37.48027716810643], [127.1378822479702, 37.48028398936973], [127.13788943963942, 37.48029082867867], [127.1378965974251, 37.480297686046285], [127.13790372132723, 37.480304561472586], [127.13791083395753, 37.48031145493148], [127.13791790139844, 37.48031836646214], [127.13792494626165, 37.48032529603845], [127.13793195725766, 37.480332252683446], [127.13793894565961, 37.480339218364136], [127.13794096179078, 37.48034124328899], [127.13794590017798, 37.48034620210356], [127.13795283213501, 37.48035321289862], [127.1379597302085, 37.480360241752436], [127.13796659438201, 37.48036727965498], [127.13797343599423, 37.48037434461322], [127.13798024370645, 37.4803814186202], [127.13798701755145, 37.48038851969593], [127.13799376881875, 37.48039563881736], [127.13800049749199, 37.48040276697452], [127.13800718099205, 37.4804099222135], [127.13801384189806, 37.4804170864882], [127.13802046893684, 37.480424277831666], [127.13802707338147, 37.48043147821089], [127.13803364394252, 37.48043869664887], [127.13804018063628, 37.480445942155654], [127.13804669473598, 37.480453196698186], [127.13805317495199, 37.48046046929952], [127.1380596212844, 37.48046775995966], [127.13806603373314, 37.48047506867862], [127.13807242360413, 37.48048239544334], [127.13807774857412, 37.480488543127], [127.13807877957508, 37.480489731256924], [127.13808510167875, 37.480497094139295], [127.13809140118829, 37.48050446605747], [127.13809766681415, 37.48051185603445], [127.13810389857274, 37.480519273080304], [127.13811009641483, 37.480526690165014], [127.13811627169557, 37.480534134305486], [127.13812241309259, 37.48054159650485], [127.13812852058953, 37.480549067753074], [127.13813459420275, 37.480556557060176], [127.13814064523821, 37.48056406441308], [127.13814666238996, 37.480571589824876], [127.13815264564155, 37.480579124285555], [127.13815859500947, 37.480586676805125], [127.13816452179954, 37.480594247370504], [127.13817040339995, 37.48060183600789], [127.13817626240616, 37.48060943368108], [127.1381820875286, 37.48061704941323], [127.1381878787673, 37.48062468320426], [127.13819363612222, 37.4806323350542], [127.13819937088294, 37.480639995940024], [127.13820506045393, 37.48064767489785], [127.13821072744706, 37.480655371901534], [127.13821636054, 37.48066307795416], [127.13822195974916, 37.48067080206572], [127.13822753636403, 37.48067853521316], [127.13823306778919, 37.48068628643265], [127.1382385653305, 37.480694055711076], [127.13824404027754, 37.480701834025396], [127.13824948135714, 37.48070963940871], [127.13825488852011, 37.480717444830965], [127.13826026179923, 37.48072526831221], [127.13826560119452, 37.480733109852444], [127.13827090668951, 37.48074096044165], [127.13827617830069, 37.480748829089855], [127.13828056575088, 37.48075543735969], [127.13828141602795, 37.48075671579705], [127.1382866311609, 37.480764611540195], [127.13829180108758, 37.48077251634539], [127.1382969484363, 37.48078043919655], [127.13830205059523, 37.48078838011978], [127.13830713015975, 37.48079633007895], [127.13831217582394, 37.48080428908715], [127.13831717629826, 37.480812266167476], [127.1383221541946, 37.48082026129372], [127.13832709817416, 37.480828256459006], [127.13833200828624, 37.480836278693346], [127.1383368844979, 37.48084430997674], [127.1383417268092, 37.48085235030915], [127.13834653522011, 37.480860399690634], [127.13835130974704, 37.480868467131174], [127.13835605038997, 37.480876552630754], [127.1383607571325, 37.480884647179444], [127.13836542997461, 37.480892750777166], [127.13836814075788, 37.48089749591319], [127.13837006893269, 37.48090087243398], [127.13837467397393, 37.480908994129884], [127.13837924514758, 37.48091714289483], [127.13838378240429, 37.48092529169892], [127.138388285777, 37.480933458562056], [127.13839274394327, 37.480941634487394], [127.13839717953142, 37.48094982845873], [127.13840158121909, 37.48095803147916], [127.13840594900623, 37.480966243548714], [127.13841028290932, 37.480974473677385], [127.13841457158944, 37.480982703858224], [127.13841883769148, 37.48099095208512], [127.13842306989292, 37.48099920936114], [127.13842725690431, 37.481007484709366], [127.13843142132106, 37.48101576909362], [127.1384355405313, 37.481024062540115], [127.13843775338397, 37.48102854696111], [127.13843964851866, 37.4810324010495], [127.1384437792011, 37.4810407845825], [127.13844790990089, 37.481049177125335], [127.1384520405852, 37.481057560658], [127.13845617127043, 37.48106594419051], [127.138460301973, 37.48107433673285], [127.13846443266007, 37.481082720265036], [127.13846855205853, 37.48109111282019], [127.13847268274743, 37.48109949635209], [127.1384768134537, 37.48110788889378], [127.1384809441445, 37.48111627242536], [127.13848507485264, 37.48112466496674], [127.13848920554527, 37.481133048498], [127.1384933362388, 37.48114143202909], [127.13849745564373, 37.48114982458313], [127.13850158633913, 37.481158208113904], [127.1385057170519, 37.48116660065451], [127.13850984774913, 37.48117498418497], [127.13851397846376, 37.48118337672527], [127.13851810916287, 37.48119176025539], [127.13852223987934, 37.481200152795374], [127.1385263705803, 37.48120853632521], [127.1385304899926, 37.48121692887799], [127.13853462069538, 37.48122531240748], [127.13853479092714, 37.48122566360049], [127.13853875139912, 37.481233695936844], [127.13854288212025, 37.48124208847602], [127.13854701282581, 37.481250472005065], [127.13855114354877, 37.48125886454394], [127.13855527425619, 37.481267248072655], [127.138559393675, 37.48127564062433], [127.13856352438425, 37.48128402415271], [127.13856765511092, 37.481292416690955], [127.13857178582207, 37.48130080021904], [127.1385759165506, 37.48130919275695], [127.13858004726355, 37.481317576284745], [127.13858417797746, 37.481325959812345], [127.13858829740272, 37.48133435236291], [127.13859242811847, 37.48134273589021], [127.13859655885163, 37.481351128427335], [127.13860068956923, 37.481359511954295], [127.13860482030424, 37.48136790449113], [127.13860895102368, 37.48137628801779], [127.13861308176052, 37.481384680554285], [127.13861720117579, 37.48139306409374], [127.13862133191449, 37.481401456629925], [127.13862546263768, 37.48140984015596], [127.13862959337823, 37.481418232691816], [127.13863372410322, 37.48142661621755], [127.13863785482914, 37.481434999743094], [127.13864198557248, 37.481443392278486], [127.13864610499422, 37.48145177581685], [127.1386466496765, 37.481452865395894], [127.13865033774077, 37.48146030338368], [127.1386546269856, 37.481468812864776], [127.13865899534079, 37.48147730423383], [127.13866343150029, 37.48148577750401], [127.13866792414166, 37.48149422367843], [127.13867249589346, 37.481502651740804], [127.1386771241436, 37.481511061717406], [127.1386818201817, 37.48151944458506], [127.13868658400773, 37.48152780034381], [127.13869140431575, 37.48153612900677], [127.13869630373426, 37.481544439557645], [127.13870125965123, 37.48155273202269], [127.13870628333972, 37.48156098836879], [127.13871136352668, 37.48156922662905], [127.1387165227913, 37.48157742875721], [127.13872172724837, 37.48158561281264], [127.1387270107996, 37.481593769745956], [127.13873236215541, 37.48160190858026], [127.13873776997681, 37.48161001130872], [127.13874323428028, 37.481618086941275], [127.13874876637192, 37.48162613546481], [127.13875436625175, 37.4816341568793], [127.13876002261368, 37.48164215119791], [127.13876574676381, 37.481650118407444], [127.13877153870216, 37.481658058507925], [127.1387773871062, 37.481665962502476], [127.1387832919924, 37.48167383940108], [127.13878926466685, 37.48168168919061], [127.1387952938235, 37.48168951188416], [127.13880139075198, 37.48169729845863], [127.13880754416265, 37.481705057937084], [127.13881375405555, 37.4817127903196], [127.13882003172026, 37.48172048658296], [127.13882636585078, 37.48172814674033], [127.1388327677861, 37.481735788798524], [127.13883921486463, 37.481743385753845], [127.13884163951154, 37.481746194058836], [127.13884874030589, 37.48175885387908], [127.1388610521649, 37.48176475914493], [127.13886106353692, 37.48176479517173], [127.13893228793837, 37.481818114685964], [127.13905179677519, 37.48192469018771], [127.13909248398173, 37.481959736806374], [127.13913468416492, 37.48199364638755], [127.13917831808276, 37.48202636496191], [127.13922335175056, 37.48205785652746], [127.13926972858756, 37.482088094118545], [127.13931739197952, 37.48211703274959], [127.13936628532859, 37.48214463644506], [127.13941635203652, 37.48217086922944], [127.1394675242317, 37.48219571316052], [127.13951975660488, 37.48221912323972], [127.13957295867166, 37.48224108155143], [127.13962709646155, 37.48226156110395], [127.13966637631177, 37.48227501217765], [127.13966705506326, 37.48227521861425], [127.1394947758416, 37.481865698781185], [127.13949469640066, 37.48186553669377]]]}}, {"type": "Feature", "properties": {"facility_layer": "UPIS_C_UQ152", "urban_facility": "도시철도 (105정거장)", "urban_facility_landuse": "도로/교통시설", "urban_facility_source": "도시계획 시설정보"}, "geometry": {"type": "Polygon", "coordinates": [[[127.14321739609704, 37.48107445804062], [127.14324997759307, 37.481073175582274], [127.143246584276, 37.48101849790253], [127.14324319248345, 37.481018501970844], [127.14324242290853, 37.481006123140254], [127.14324749893315, 37.48100592784157], [127.14324480507965, 37.48096242173458], [127.14327359930013, 37.48096128797251], [127.14326824666163, 37.48087489740732], [127.14323775670027, 37.480876096272034], [127.14323641572916, 37.48085450088603], [127.14323302419928, 37.48085464010386], [127.14323240606308, 37.480844621713906], [127.14323749338274, 37.48084442640212], [127.14323261926019, 37.480765937038676], [127.14323092348876, 37.480766002142566], [127.14323016539464, 37.4807537133977], [127.14322692378022, 37.48070152229532], [127.14322354354611, 37.48070165248934], [127.14322173607088, 37.48067249826322], [127.14319253498115, 37.480673650520465], [127.14310220714887, 37.48067720061379], [127.14307301736135, 37.480678352827965], [127.14307482477896, 37.48070750705645], [127.1430714332554, 37.48070764626965], [127.14307187640934, 37.48071481770704], [127.14307467476202, 37.48075983737644], [127.14307805499895, 37.48075970718669], [127.14307882437416, 37.480771995919035], [127.14307373707598, 37.480772200233964], [127.14307861101581, 37.48085068059422], [127.14308368703036, 37.48085048530259], [127.1430856460572, 37.48088209007118], [127.14305177586431, 37.48088342808788], [127.1430571283732, 37.48096988173317], [127.14308592259951, 37.48096874801682], [127.14308862753116, 37.4810121820341], [127.14309370355657, 37.48101198674201], [127.1430944616311, 37.48102427548727], [127.14309108138227, 37.48102440567752], [127.1430944863003, 37.481079299588096], [127.14312705649465, 37.4810780171772], [127.14321739609704, 37.48107445804062]]]}}, {"type": "Feature", "properties": {"facility_layer": "UPIS_C_UQ151", "urban_facility": "소로3류", "urban_facility_landuse": "기타", "urban_facility_source": "도시계획 시설정보"}, "geometry": {"type": "Polygon", "coordinates": [[[127.14309402005401, 37.48107187589862], [127.14305886101248, 37.48107327853169], [127.14307565101375, 37.481343288407245], [127.1431433465544, 37.48134059438407], [127.14312705649465, 37.4810780171772], [127.1430944863003, 37.481079299588096], [127.14309402005401, 37.48107187589862]]]}}, {"type": "Feature", "properties": {"facility_layer": "UPIS_C_UQ156", "urban_facility": "소하천", "urban_facility_landuse": "하천/수공간", "urban_facility_source": "도시계획 시설정보"}, "geometry": {"type": "Polygon", "coordinates": [[[127.13989851910661, 37.48233854040068], [127.1400212323545, 37.48236074144182], [127.14014562845205, 37.482375822474545], [127.14019242090548, 37.48237981306015], [127.1400780600529, 37.482105051868], [127.14000885651059, 37.48208748239353], [127.13987197350143, 37.48204493531108], [127.13973993585032, 37.48199346249297], [127.13961376180804, 37.4819334231654], [127.13949474177417, 37.481865617730875], [127.13959610042251, 37.482104814171855], [127.13966707780826, 37.482275290667715], [127.13977828033981, 37.48230930853006], [127.13989851910661, 37.48233854040068]]]}}, {"type": "Feature", "properties": {"facility_layer": "UPIS_C_UQ156", "urban_facility": "소하천", "urban_facility_landuse": "하천/수공간", "urban_facility_source": "도시계획 시설정보"}, "geometry": {"type": "Polygon", "coordinates": [[[127.14415424043064, 37.48331989525158], [127.14417706874997, 37.48332031819189], [127.14427228700313, 37.48333020429687], [127.1443788116054, 37.483340076655395], [127.1444172673313, 37.48334156185425], [127.14445557880104, 37.48333854221201], [127.14446484655382, 37.48333672899895], [127.14449288672715, 37.48333101876852], [127.14452836625699, 37.48331926282333], [127.14455388387789, 37.48330697832698], [127.14456135048442, 37.48330336528548], [127.14459093593105, 37.4832838678514], [127.14461667085833, 37.48326104137092], [127.14463787791897, 37.483235427267296], [127.14464351818361, 37.4832286629305], [127.14466378840739, 37.48318611114481], [127.14467446286913, 37.4831512294873], [127.14468885795011, 37.483116793820734], [127.14471398633941, 37.483066487533236], [127.14473426804514, 37.48303591902932], [127.14476168347706, 37.48300507157347], [127.14478404249891, 37.48298477195007], [127.14482717635457, 37.482955347020216], [127.14485483614115, 37.48293999645776], [127.14489506675753, 37.48292372963481], [127.14494884191008, 37.48290726615713], [127.14500367392672, 37.482899541078176], [127.14505442237416, 37.48289668633825], [127.1453094992141, 37.48289448409666], [127.14535337163507, 37.48289659309968], [127.14542257128433, 37.48289930194338], [127.14547661080256, 37.482902840118705], [127.14554627222395, 37.482910503831114], [127.14560315326024, 37.48291593058623], [127.14562543524386, 37.4829204084161], [127.14569182359351, 37.48293104933673], [127.14573604683643, 37.482939194474056], [127.14583401474364, 37.482962140474925], [127.14600449369357, 37.4830104960666], [127.14604158553396, 37.48302009141074], [127.14611464560154, 37.48303117443312], [127.14613759960112, 37.48303231764145], [127.14618838165018, 37.4830351386775], [127.14624864080696, 37.48303335298027], [127.14633161166637, 37.48302433141381], [127.1463803071, 37.48301219831386], [127.14641737149564, 37.48300170125904], [127.14646313213692, 37.48298623802147], [127.14652234929596, 37.482965982949395], [127.14659409306641, 37.482945352067595], [127.14664891727126, 37.48293366183199], [127.1466928728554, 37.482926129528316], [127.14673798655159, 37.48292111858679], [127.1468394990035, 37.482917660077995], [127.14689726595913, 37.48291344441337], [127.14699764527323, 37.48290286925767], [127.14706502147773, 37.482898101078966], [127.1471104835849, 37.482897864869614], [127.14717799137962, 37.48290264707142], [127.14722287518622, 37.482907367035324], [127.14727829258075, 37.482910091786856], [127.1472907193836, 37.48291070715681], [127.14732442824132, 37.48291318836668], [127.14736852710493, 37.48292124294631], [127.14740053976023, 37.48292940253232], [127.14772798529421, 37.483047569484064], [127.14778014271462, 37.48306570514478], [127.14783353893213, 37.483081316446636], [127.14788716024296, 37.48309638684506], [127.14795276571311, 37.48311117206731], [127.14801903370643, 37.483123613829996], [127.14810539196344, 37.48313549904258], [127.14795665906588, 37.48291623575406], [127.14793734261377, 37.482913511640376], [127.147893906721, 37.48290338415029], [127.14785135893848, 37.48289064264238], [127.14779581560843, 37.48286971810219], [127.1476696473612, 37.482816715190594], [127.14761317597208, 37.48279525111171], [127.1475769717997, 37.48278286206126], [127.14733260594146, 37.48270540751922], [127.14729074699548, 37.48269212435838], [127.14723135851925, 37.48267633999958], [127.14717096107776, 37.48266497175808], [127.14714914245893, 37.482660403548316], [127.14710648572361, 37.48264964410729], [127.14708590450472, 37.48264183075861], [127.14706733177702, 37.482631942630626], [127.14699759692039, 37.48258634777502], [127.14696465598661, 37.48255998900739], [127.14687494437092, 37.48248000043967], [127.14684901144491, 37.482452641917014], [127.14681442763444, 37.482406913611534], [127.1467908587937, 37.48238009276911], [127.146772183337, 37.48236380761516], [127.14668838309088, 37.482300209849484], [127.14662180787667, 37.48225118708415], [127.14658694031452, 37.4822281642783], [127.1465509552061, 37.482206043834566], [127.14652197264061, 37.48219184359331], [127.14646122014554, 37.48216614951094], [127.14642059106588, 37.48215133283021], [127.14637861900646, 37.48213777918305], [127.14627138864228, 37.482107096370505], [127.14621595710788, 37.48209671265637], [127.14618181606662, 37.48209269995737], [127.14604916209838, 37.482081599784145], [127.1460007676818, 37.482079496568346], [127.14596663689275, 37.48208079969934], [127.14593135617139, 37.48208381612744], [127.14586500164225, 37.48209038441326], [127.14577424858504, 37.48210292905717], [127.14569964932002, 37.48211995892491], [127.14561501650844, 37.48214619119025], [127.14554271899063, 37.48217258856003], [127.145462047294, 37.482206834794354], [127.14541154593682, 37.48222626782287], [127.14536080841276, 37.48224047531271], [127.14528204039554, 37.48225931199303], [127.14521625907085, 37.482270113920755], [127.14517002255751, 37.48227314344496], [127.14510298435076, 37.48227115262662], [127.14504609477298, 37.48226689694108], [127.14498084075541, 37.48225192947482], [127.14491736693813, 37.48223371620918], [127.14486963286791, 37.48221629471537], [127.14481644834429, 37.4821924827068], [127.14476708907026, 37.48216470163318], [127.14473336145673, 37.482140325396266], [127.1446868067787, 37.48210100807904], [127.14460004216251, 37.4820174102012], [127.14454728535136, 37.48197467653512], [127.14449565084834, 37.48193941979401], [127.14441404300793, 37.48189185557087], [127.14434727301386, 37.48185832896923], [127.14431311006156, 37.481842692845404], [127.14425064864479, 37.48182150469358], [127.14420676266197, 37.48181191698946], [127.14415100546425, 37.481802433699805], [127.14409502609615, 37.48179502295387], [127.14400512726974, 37.48178702238904], [127.14395957554423, 37.48178734761124], [127.1439030519299, 37.48179101974108], [127.14385850658833, 37.48179738041741], [127.14379204709525, 37.48180818236992], [127.14372536590051, 37.4818213271541], [127.14364953681189, 37.48183979881], [127.14357732990258, 37.481860518564545], [127.14351316739067, 37.48188429201086], [127.14341623921, 37.48192576439236], [127.14327366211947, 37.48198206788218], [127.14318530278237, 37.48201704258724], [127.14318339340794, 37.48201776567718], [127.14315999338804, 37.48202572253758], [127.14313141158567, 37.48203179350213], [127.14310609010961, 37.482034076349436], [127.14298105367409, 37.48203918161802], [127.14271672405903, 37.48204958899603], [127.14265094571626, 37.48205606468857], [127.14258301280269, 37.48206515581922], [127.14252819062423, 37.48207792536858], [127.14243869290463, 37.482102989864536], [127.14237034604287, 37.482126497379895], [127.14228888842209, 37.48215839978393], [127.14224087936941, 37.48218089189163], [127.14219648843734, 37.48220950647765], [127.14215595911978, 37.482241450153644], [127.1421207514311, 37.482277532086975], [127.14208987482121, 37.48232613276819], [127.14207197327686, 37.482366338699904], [127.14200082148346, 37.48234723199958], [127.14192741102048, 37.4823294794416], [127.14189311487252, 37.48231501407845], [127.14186041511402, 37.48229568140479], [127.14180494580677, 37.482264842947686], [127.14174938927025, 37.48224175317492], [127.14171342241023, 37.48222864124337], [127.14167088904205, 37.48221679849101], [127.14163661725576, 37.482209270730486], [127.1415559746067, 37.482193418618984], [127.14149388226865, 37.48218799608787], [127.1414358913344, 37.48218716377171], [127.14119901513568, 37.482186903432684], [127.14074711903558, 37.48218716647882], [127.14069092361484, 37.48218516038022], [127.14063561486844, 37.48217963930768], [127.14034229176794, 37.482151422571114], [127.14016361069282, 37.48212784594641], [127.14012979683505, 37.482123290514046], [127.1400780600529, 37.482105051868], [127.14019242090548, 37.48237981306015], [127.14033934980948, 37.48239460615112], [127.14057647905244, 37.48241514043333], [127.140689654373, 37.48242131419017], [127.14087066760754, 37.482421731546516], [127.14103993254163, 37.482421531798096], [127.14145973111077, 37.482420945250084], [127.14148245772351, 37.482421549031905], [127.14151569568534, 37.482426375059326], [127.14154759477233, 37.48243471656721], [127.14155767548112, 37.482438398723296], [127.14156841447237, 37.48244343159949], [127.14162533827664, 37.4824721060401], [127.14171237300235, 37.482514169641895], [127.14176316459704, 37.48253447198419], [127.14181554567749, 37.48255224961511], [127.14186690501082, 37.48256777593448], [127.14193161953003, 37.48258463786261], [127.14199371137387, 37.48260168307345], [127.14198596558265, 37.482625298501944], [127.14198147597828, 37.482648910058984], [127.14198299031388, 37.48267269467863], [127.14199049560219, 37.48269575137531], [127.14200376386829, 37.48271708931818], [127.1420170191518, 37.48273148956918], [127.14204250221728, 37.48275497538427], [127.14207048313416, 37.482778007722125], [127.1421011622092, 37.482798874441286], [127.14212889087146, 37.48281397825886], [127.14216996733572, 37.48283248998445], [127.14221420315086, 37.48284757413099], [127.14224406821359, 37.48285636837237], [127.14228885584792, 37.48286424382792], [127.14232242986328, 37.48286726722604], [127.14237920076363, 37.48286837086125], [127.14248173312032, 37.482866086181204], [127.14254969721324, 37.48286717638031], [127.14259447743225, 37.48287108732565], [127.14266164324229, 37.482880557720094], [127.14271605934091, 37.4828920255145], [127.14277024531783, 37.48290736786194], [127.14283279546815, 37.48292738538497], [127.14288359895076, 37.48294768722953], [127.14293860829417, 37.48297393062286], [127.14298682855092, 37.4830033356216], [127.14303935754567, 37.4830452593493], [127.14307742135654, 37.483078821078095], [127.14311662203694, 37.48312166173887], [127.14315355818944, 37.48316873980395], [127.14318281315389, 37.48321357456507], [127.14320754545814, 37.483258324641994], [127.14323672894851, 37.48332514389034], [127.1432667205171, 37.48339475526318], [127.14330019143084, 37.483462740651476], [127.14333316321893, 37.48349991240771], [127.143367943099, 37.48353059477947], [127.1434163927352, 37.483561440925264], [127.14347669375127, 37.48358749750964], [127.14353010024617, 37.48360284044275], [127.14357160773741, 37.48360972825228], [127.14365381026212, 37.483618369101556], [127.14371034721722, 37.483621004078984], [127.14376720816506, 37.48361561973407], [127.14382135116286, 37.4836019494298], [127.14387183844993, 37.483580354699924], [127.14389860255389, 37.48356347374071], [127.14392277338644, 37.48354443349942], [127.14394455258054, 37.48352224263395], [127.14396777454408, 37.48349176081945], [127.14398581288063, 37.48345849214864], [127.1440224318675, 37.48339177394403], [127.14403877059007, 37.48336850842136], [127.14406101668148, 37.48334811897192], [127.14408890289636, 37.48333276831639], [127.14412065500052, 37.48332290909242], [127.14415424043064, 37.48331989525158]]]}}, {"type": "Feature", "properties": {"facility_layer": "UPIS_C_UQ151", "urban_facility": "중로1류", "urban_facility_landuse": "기타", "urban_facility_source": "도시계획 시설정보"}, "geometry": {"type": "Polygon", "coordinates": [[[127.13983629838005, 37.48287682607095], [127.13993489133414, 37.48292091371027], [127.13981161563783, 37.48262469188], [127.13976196075832, 37.4827056328259], [127.13654814374306, 37.483307352484445], [127.13643657513259, 37.48324581544413], [127.13646001146249, 37.483345457379166], [127.13651081512158, 37.48356147733144], [127.13657516209084, 37.48348739560291], [127.13983629838005, 37.48287682607095]]]}}, {"type": "Feature", "properties": {"facility_layer": "UPIS_C_UQ155", "urban_facility": "초등학교(국민학교)", "urban_facility_landuse": "교육연구시설", "urban_facility_source": "도시계획 시설정보"}, "geometry": {"type": "Polygon", "coordinates": [[[127.13977813632157, 37.48288771516165], [127.13868511374717, 37.483092371986665], [127.13895923107125, 37.48402211136444], [127.14015689379552, 37.48379786767971], [127.13977813632157, 37.48288771516165]]]}}, {"type": "Feature", "properties": {"facility_layer": "UPIS_C_UQ153", "urban_facility": "근린공원", "urban_facility_landuse": "공원/녹지", "urban_facility_source": "도시계획 시설정보"}, "geometry": {"type": "MultiPolygon", "coordinates": [[[[127.13703206774767, 37.48340185403636], [127.13657516209084, 37.48348739560291], [127.13651081512158, 37.48356147733144], [127.13672132778424, 37.4848535507567], [127.1367724396188, 37.4849572875119], [127.13679990191982, 37.4851258152338], [127.13690400271706, 37.48519515411957], [127.13732158339113, 37.48517872719577], [127.13703206774767, 37.48340185403636]]], [[[127.13605481262955, 37.48180580269889], [127.13606597917818, 37.48184776761765], [127.13629779524538, 37.48265713379126], [127.13631025983777, 37.48270403468437], [127.13632083683801, 37.48275123505958], [127.13632952611314, 37.48279866283745], [127.13635689517714, 37.48296664122169], [127.13640799392503, 37.48307038719425], [127.13643657513259, 37.48324581544413], [127.13654814374306, 37.483307352484445], [127.13700279914427, 37.48322223707121], [127.13679090294202, 37.48192166893361], [127.13605481262955, 37.48180580269889]]]]}}, {"type": "Feature", "properties": {"facility_layer": "UPIS_C_UQ153", "urban_facility": "완충녹지", "urban_facility_landuse": "공원/녹지", "urban_facility_source": "도시계획 시설정보"}, "geometry": {"type": "Polygon", "coordinates": [[[127.1405581855962, 37.48283005479692], [127.14038238584102, 37.48283697399171], [127.14039414010472, 37.48286521556012], [127.1404975204969, 37.483027751667436], [127.1406611168088, 37.483420881964406], [127.14070010631296, 37.48360043249986], [127.14110594298566, 37.484575593176025], [127.14118085437178, 37.48466970425062], [127.14132412801905, 37.485013987272644], [127.14141741197166, 37.485064900510515], [127.14148712342019, 37.48506215999819], [127.1405581855962, 37.48283005479692]]]}}, {"type": "Feature", "properties": {"facility_layer": "UPIS_C_UQ153", "urban_facility": "완충녹지", "urban_facility_landuse": "공원/녹지", "urban_facility_source": "도시계획 시설정보"}, "geometry": {"type": "Polygon", "coordinates": [[[127.14030868734478, 37.48373325892225], [127.14015499535655, 37.48336395701428], [127.14008009787017, 37.483269845249936], [127.13993489133414, 37.48292091371027], [127.13983629838005, 37.48287682607095], [127.13977813632157, 37.48288771516165], [127.14015689379552, 37.48379786767971], [127.14068493910669, 37.48506667552227], [127.14071361057015, 37.4850655425281], [127.14079028474096, 37.484976352245475], [127.14034767617066, 37.48391280956582], [127.14030868734478, 37.48373325892225]]]}}, {"type": "Feature", "properties": {"facility_layer": "UPIS_C_UQ151", "urban_facility": "중로1류", "urban_facility_landuse": "기타", "urban_facility_source": "도시계획 시설정보"}, "geometry": {"type": "Polygon", "coordinates": [[[127.13651081512158, 37.48356147733144], [127.13646001146249, 37.483345457379166], [127.1362513603036, 37.48336856288457], [127.13655606306168, 37.485238737238575], [127.13680775978777, 37.48520720261439], [127.13679990191982, 37.4851258152338], [127.1367724396188, 37.4849572875119], [127.13651081512158, 37.48356147733144]]]}}, {"type": "Feature", "properties": {"facility_layer": "UPIS_C_UQ151", "urban_facility": "대로1류", "urban_facility_landuse": "기타", "urban_facility_source": "도시계획 시설정보"}, "geometry": {"type": "Polygon", "coordinates": [[[127.13996615010403, 37.48183459446416], [127.13979080709777, 37.48141322144961], [127.13976355542214, 37.48134964266857], [127.13973483484038, 37.4812865160993], [127.13970487130993, 37.48122375137637], [127.13967343904525, 37.48116152896301], [127.13964053771764, 37.48109966865826], [127.1396063936156, 37.48103826029661], [127.13957078078796, 37.480977394241], [127.1395339253567, 37.480917070226035], [127.13949571426451, 37.48085728838258], [127.13945603428871, 37.480797958741405], [127.13900473137303, 37.48013624890297], [127.1386245629735, 37.48028625683348], [127.13862394164467, 37.48028652785479], [127.138660625814, 37.480340320101384], [127.1387388026542, 37.480511554703845], [127.13898578823314, 37.48087369530379], [127.13912049967576, 37.48101588765746], [127.13918185601774, 37.48111377302042], [127.13923928077496, 37.481213158593974], [127.13929270593366, 37.481313954362996], [127.13934208604157, 37.48141604325574], [127.13938737569495, 37.48151933523008], [127.1395472266149, 37.48190347054898], [127.13959524099005, 37.4821047250761], [127.13981161563783, 37.48262469188], [127.13993489133414, 37.48292091371027], [127.14008009787017, 37.483269845249936], [127.14015499535655, 37.48336395701428], [127.14030868734478, 37.48373325892225], [127.14034767617066, 37.48391280956582], [127.14097429601915, 37.48541849034675], [127.14111310661474, 37.48575202090451], [127.14118801920579, 37.48584614096329], [127.14170696474272, 37.48709302418422], [127.14174594737763, 37.48727257426673], [127.1421954106517, 37.48835246506339], [127.14232105642887, 37.48865433955646], [127.1424652743242, 37.4890008362845], [127.14254019184882, 37.48909494641393], [127.14258268416279, 37.48919706005009], [127.14265088577324, 37.48915907354256], [127.14278337588794, 37.48908278072764], [127.14288347966529, 37.489041305108486], [127.14298323357383, 37.48900023527313], [127.14296342404096, 37.488952623131986], [127.1427941015955, 37.48854582608268], [127.14271919561052, 37.48845171609146], [127.14197422188218, 37.486661839519854], [127.14193522771636, 37.48648228950789], [127.14150823337324, 37.48545633165565], [127.14132412801905, 37.485013987272644], [127.14118085437178, 37.48466970425062], [127.14110594298566, 37.484575593176025], [127.14070010631296, 37.48360043249986], [127.1406611168088, 37.483420881964406], [127.1404975204969, 37.483027751667436], [127.14039414010472, 37.48286521556012], [127.13996615010403, 37.48183459446416]]]}}, {"type": "Feature", "properties": {"facility_layer": "UPIS_C_UQ151", "urban_facility": "대로2류", "urban_facility_landuse": "기타", "urban_facility_source": "도시계획 시설정보"}, "geometry": {"type": "Polygon", "coordinates": [[[127.13868645188262, 37.48546331730433], [127.13874093480773, 37.48546117273044], [127.13896574816384, 37.48543185416035], [127.14080701716354, 37.485359329762495], [127.14086252886953, 37.4853571920076], [127.1409744653173, 37.485418327966855], [127.14079047658477, 37.484976153799266], [127.14071375720475, 37.48506535314527], [127.14068515354745, 37.48506646803959], [127.1389473397203, 37.48513490584823], [127.13872171791107, 37.48512353614465], [127.13732175258251, 37.485178501751214], [127.13690422844276, 37.485194928610824], [127.13655140777468, 37.48520901855541], [127.13650118321648, 37.48490078963415], [127.13637736900414, 37.484915716435076], [127.1364249425592, 37.48516470765803], [127.13626203049245, 37.48517384949971], [127.13626949787607, 37.485258480962656], [127.13624894385354, 37.4852592882724], [127.13621863945035, 37.485276730152265], [127.13647155712343, 37.48542096200941], [127.1364570882309, 37.4854921395443], [127.13645423085129, 37.485512784726026], [127.1364911672472, 37.48551138202718], [127.13656072547424, 37.48587547787427], [127.1366580664733, 37.4858636625855], [127.13661055060822, 37.48557203608435], [127.13693683846353, 37.485559210745855], [127.13727122118637, 37.485546050846], [127.13740505639876, 37.485513731287945], [127.13868645188262, 37.48546331730433]]]}}, {"type": "Feature", "properties": {"facility_layer": "UPIS_C_UQ153", "urban_facility": "완충녹지", "urban_facility_landuse": "공원/녹지", "urban_facility_source": "도시계획 시설정보"}, "geometry": {"type": "Polygon", "coordinates": [[[127.14118801920579, 37.48584614096329], [127.14111310661474, 37.48575202090451], [127.14097429601915, 37.48541849034675], [127.14086235962145, 37.48535738141729], [127.14080682540242, 37.48535957325867], [127.14208416711566, 37.48842865987253], [127.14213150651642, 37.48842679253308], [127.1421954106517, 37.48835246506339], [127.14174594737763, 37.48727257426673], [127.14170696474272, 37.48709302418422], [127.14118801920579, 37.48584614096329]]]}}, {"type": "Feature", "properties": {"facility_layer": "UPIS_C_UQ151", "urban_facility": "중로1류", "urban_facility_landuse": "기타", "urban_facility_source": "도시계획 시설정보"}, "geometry": {"type": "Polygon", "coordinates": [[[127.13701819414321, 37.48659447491174], [127.13688406755887, 37.485852312564376], [127.13684982485357, 37.485642166433834], [127.13684237044278, 37.485565112411805], [127.13661159302838, 37.485579540225444], [127.136659806434, 37.485875508749494], [127.13679484435627, 37.486622643827864], [127.13695590766672, 37.487366487204355], [127.13705586213322, 37.48779260867571], [127.13706593970514, 37.48783182665521], [127.13707769017167, 37.48787073637421], [127.13709109087239, 37.48790931082824], [127.1371061530353, 37.48794750495386], [127.13712283132058, 37.48798525573246], [127.1371411256815, 37.48802253613342], [127.1371610134083, 37.48805929212209], [127.13718244920956, 37.48809548770965], [127.13720543300558, 37.48813107784538], [127.13722993079527, 37.48816601751745], [127.13725591991711, 37.48820027972094], [127.1372833550464, 37.48823381044699], [127.13731221350483, 37.48826657368066], [127.1373424499835, 37.488298524423], [127.13737405314353, 37.48832964466602], [127.1374069663522, 37.48835988041373], [127.13744115563966, 37.4883892046742], [127.13747658701958, 37.48841758144541], [127.13751321519831, 37.48844497473839], [127.13755098357484, 37.48847134857721], [127.13758986951832, 37.48849669397689], [127.13762982770169, 37.48852095692854], [127.13767079023255, 37.48854411047931], [127.13771272317238, 37.48856614565729], [127.13775558122612, 37.48858702647374], [127.13779930780791, 37.4886067259629], [127.13784385763873, 37.48862521714606], [127.13788917416507, 37.48864249107764], [127.13793520080041, 37.488658520792], [127.1379818922816, 37.48867328832072], [127.13802918073107, 37.48868677572137], [127.13807703219257, 37.4886989650125], [127.1381253674975, 37.48870984727502], [127.13817414138211, 37.48871940454066], [127.13822330861551, 37.48872763686124], [127.13827278999588, 37.48873451729793], [127.13832254029214, 37.48874004590273], [127.13837249165877, 37.488744222753915], [127.13842259883165, 37.488747029883655], [127.1384728052888, 37.48874847636727], [127.13852303186106, 37.48874855328645], [127.13857324462423, 37.488747260680526], [127.13875081089317, 37.48874027905138], [127.13898891872006, 37.48880900081655], [127.13898827545081, 37.488550513715964], [127.13856208358034, 37.48856728088383], [127.13851960465858, 37.4885683753075], [127.13847710099942, 37.488568307454734], [127.13843462915683, 37.48856708626997], [127.13839222305414, 37.48856471171391], [127.13834995051953, 37.488561174698106], [127.13830785683271, 37.48855650220027], [127.13826598719113, 37.48855067614825], [127.1382243981651, 37.488543714496856], [127.13818312369416, 37.48853562621709], [127.13814222033203, 37.488526420253926], [127.1381017333252, 37.48851610556537], [127.13806171922725, 37.48850469109654], [127.13802221199386, 37.48849219482865], [127.13798325688762, 37.48847863472992], [127.1379449217689, 37.488464019732525], [127.1379072292859, 37.488448367830934], [127.13787022470095, 37.48843169699353], [127.13783396459962, 37.48841403418562], [127.13779848292052, 37.48839538837875], [127.13776381363478, 37.48837578656443], [127.13773001332758, 37.488355255708164], [127.13769710466272, 37.48833382281449], [127.13766514419237, 37.48831149682904], [127.13763415461268, 37.48828832277639], [127.13760416986136, 37.488264309628235], [127.13757524653916, 37.48823949336015], [127.13754739601836, 37.488213909999736], [127.13752065226892, 37.48818758653873], [127.13749506055132, 37.48816054094575], [127.13747064356082, 37.48813281824538], [127.13744743526686, 37.48810444542932], [127.13742544705737, 37.48807546753511], [127.13740471286889, 37.48804589353448], [127.1373852667194, 37.488015777448865], [127.13736711998011, 37.48798515530587], [127.13735030661981, 37.48795405409703], [127.13733482670239, 37.48792250986283], [127.13732070290568, 37.48789055861771], [127.13730796924709, 37.487858254383056], [127.13729662575761, 37.48782561517932], [127.13728668380784, 37.487792677033774], [127.13727815481711, 37.48775950300367], [127.1371781991333, 37.48733338172035], [127.13701819414321, 37.48659447491174]]]}}, {"type": "Feature", "properties": {"facility_layer": "UPIS_C_UQ151", "urban_facility": "소로2류", "urban_facility_landuse": "기타", "urban_facility_source": "도시계획 시설정보"}, "geometry": {"type": "Polygon", "coordinates": [[[127.14345696829758, 37.48237636905138], [127.14344098688777, 37.48236137757517], [127.14342566045867, 37.48234597084976], [127.14341098904424, 37.48233016689538], [127.1433969952737, 37.482313974695096], [127.14338367919785, 37.4822974212791], [127.14337107476909, 37.48228052462694], [127.14335919331022, 37.48226329373517], [127.14334804617823, 37.482245755620475], [127.14333763340677, 37.48222792830297], [127.14332797764177, 37.48220982977572], [127.14331910154623, 37.4821914870417], [127.14331099384755, 37.4821729181347], [127.14330367719153, 37.482154141047644], [127.14329715162876, 37.48213518281069], [127.14329142849884, 37.48211606143035], [127.14328651914143, 37.48209679491315], [127.14328241228378, 37.482077401292734], [127.14327914191182, 37.48205791656845], [127.14327668542961, 37.482038349777504], [127.14327505421083, 37.482018736946294], [127.14326506070131, 37.48185773107327], [127.14317480169937, 37.48186256056117], [127.14318471347462, 37.482022296128704], [127.14318654143288, 37.48204432340751], [127.14318930769919, 37.48206629550111], [127.1431929896111, 37.48208818540664], [127.14319758710131, 37.48210995708402], [127.14320311144274, 37.48213159249962], [127.14320952868373, 37.48215307367399], [127.14321686138616, 37.482174373549945], [127.14322507556432, 37.48219545612799], [127.14323418250801, 37.48221631238445], [127.1432441595545, 37.482236915316236], [127.14325499533015, 37.48225722889674], [127.14326668983558, 37.4822772531258], [127.14327920908472, 37.48229695200381], [127.14329255302702, 37.482316298500585], [127.14330671033969, 37.48233528361945], [127.14332165834266, 37.482353871347264], [127.14333738571317, 37.48237205268736], [127.14335385849881, 37.48238980966012], [127.14337107663178, 37.482407106225324], [127.14338901749984, 37.4824239424098], [127.14340764711649, 37.48244028221397], [127.1447129473274, 37.48354699242635], [127.14472522401739, 37.48355777153455], [127.14473701517382, 37.48356888460018], [127.1447483207966, 37.48358033162342], [127.14475909559141, 37.483592076619246], [127.14476936217089, 37.48360411956041], [127.14477908659859, 37.483616451478206], [127.14478825749916, 37.483629036346485], [127.14479687487244, 37.48364187416539], [127.14480491607108, 37.48365494694254], [127.14481236973685, 37.48366822766176], [127.14541720178276, 37.48479817612205], [127.1454179928261, 37.484797958918556], [127.14550308707729, 37.484774915782694], [127.14489557603514, 37.48363995243616], [127.14488680637729, 37.483624348737465], [127.1448773701468, 37.48360900713698], [127.14486725605482, 37.483593936658266], [127.14485648676606, 37.48357916430369], [127.14484507358705, 37.48356469005931], [127.14483302789327, 37.48355054995123], [127.14482037233202, 37.48353676197176], [127.14480711820983, 37.483523326107004], [127.14479326559562, 37.48351027839673], [127.14477885971489, 37.483497618785854], [127.14347355941241, 37.482390918302514], [127.14345696829758, 37.48237636905138]]]}}, {"type": "Feature", "properties": {"facility_layer": "UPIS_C_UQ153", "urban_facility": "완충녹지", "urban_facility_landuse": "공원/녹지", "urban_facility_source": "도시계획 시설정보"}, "geometry": {"type": "Polygon", "coordinates": [[[127.14806962895031, 37.48336647886919], [127.14825401316784, 37.48363831616018], [127.14847841464315, 37.48396912792598], [127.14852576353437, 37.483956310857984], [127.14856691066628, 37.483872710575184], [127.14856647651979, 37.48387207004384], [127.14839572893946, 37.483620351687364], [127.1482249711048, 37.48336865107264], [127.14822233799978, 37.48336045121877], [127.14806962895031, 37.48336647886919]]]}}, {"type": "Feature", "properties": {"facility_layer": "UPIS_C_UQ151", "urban_facility": "소로3류", "urban_facility_landuse": "기타", "urban_facility_source": "도시계획 시설정보"}, "geometry": {"type": "Polygon", "coordinates": [[[127.14425716969299, 37.483858794554365], [127.14419477593113, 37.48388000738568], [127.14475618653638, 37.484928867526875], [127.14482604738322, 37.48492160184174], [127.14425716969299, 37.483858794554365]]]}}, {"type": "Feature", "properties": {"facility_layer": "UPIS_C_UQ155", "urban_facility": "유치원(유아원)", "urban_facility_landuse": "기타", "urban_facility_source": "도시계획 시설정보"}, "geometry": {"type": "Polygon", "coordinates": [[[127.14728952818999, 37.48485244581928], [127.14755859602279, 37.48477960104696], [127.14741622667377, 37.48451363943426], [127.14714715965461, 37.48458648388396], [127.14728952818999, 37.48485244581928]]]}}, {"type": "Feature", "properties": {"facility_layer": "UPIS_C_UQ153", "urban_facility": "완충녹지", "urban_facility_landuse": "공원/녹지", "urban_facility_source": "도시계획 시설정보"}, "geometry": {"type": "Polygon", "coordinates": [[[127.15000475735862, 37.48542365067262], [127.14991721311338, 37.48537384524439], [127.14983193680622, 37.4853216042032], [127.14974903032481, 37.4852669904962], [127.14966859557366, 37.48521007608045], [127.14959074574494, 37.48515092388917], [127.14940706608783, 37.485034384295716], [127.14934280375196, 37.48497349402077], [127.14928105967137, 37.48491096975027], [127.14922190180735, 37.48484687447321], [127.14916538684919, 37.484781289212584], [127.14911157145013, 37.48471427697144], [127.14906052356915, 37.48464590073857], [127.14901228858689, 37.48457624155087], [127.14896691186573, 37.4845053714352], [127.14878313674569, 37.484206396408354], [127.14867873273107, 37.48417181995007], [127.14864207397812, 37.484181740567], [127.14886537795869, 37.484545006965206], [127.14891303415581, 37.4846194061974], [127.14896372937119, 37.484692513186474], [127.14901741824326, 37.48476425590519], [127.14907404408537, 37.48483455333023], [127.14913353890365, 37.48490332445234], [127.14919584602762, 37.484970497258075], [127.14926088617284, 37.485035999762125], [127.1493286026849, 37.485099768960865], [127.1493676932966, 37.48512456964083], [127.14947667555595, 37.4852151729583], [127.14958919153777, 37.48530297864439], [127.14970512803316, 37.485387914751094], [127.14982438312028, 37.485469900306384], [127.1499468096133, 37.4855488363752], [127.15007230562236, 37.485624660005946], [127.1506430105199, 37.48593729994145], [127.15073908853608, 37.48582593214935], [127.15000475735862, 37.48542365067262]]]}}, {"type": "Feature", "properties": {"facility_layer": "UPIS_C_UQ152", "urban_facility": "도시철도 (104정거장)", "urban_facility_landuse": "도로/교통시설", "urban_facility_source": "도시계획 시설정보"}, "geometry": {"type": "Polygon", "coordinates": [[[127.14576314445402, 37.48537222310686], [127.14580218842117, 37.485420342910665], [127.14583021257276, 37.48545297895616], [127.14585811274785, 37.48543879016156], [127.1458598805357, 37.48544084228264], [127.14593441461402, 37.4853999989626], [127.14595461117179, 37.48538973891201], [127.14588857045696, 37.48530824305689], [127.14584709578558, 37.48525435984789], [127.145850631514, 37.485252670658255], [127.14580002897425, 37.4851852205071], [127.1457960978806, 37.48518709938808], [127.14579106425313, 37.48518008674194], [127.14579370771081, 37.4851788941937], [127.14575462834088, 37.4851240529657], [127.14575177023245, 37.48512533587516], [127.14574935546787, 37.48512197809161], [127.14574656613115, 37.48511786392496], [127.14575074612328, 37.485116065831825], [127.14570879236538, 37.485054002074016], [127.14575565524326, 37.48503478960811], [127.14571323097944, 37.484969095393886], [127.14570934456711, 37.48497068589739], [127.14563045424757, 37.484992045753785], [127.14562471576498, 37.484983015719195], [127.14554394717686, 37.485015460113004], [127.1454605816736, 37.48503803265137], [127.14547882819093, 37.485066274802094], [127.14552124099842, 37.485131969113475], [127.14556787801435, 37.48511284709754], [127.14561098823246, 37.485176612385125], [127.14561562013178, 37.48517462453559], [127.14562115272112, 37.48518241144096], [127.14562354512829, 37.4851859044044], [127.14563449760887, 37.485201667561626], [127.1456456082654, 37.485217367454844], [127.14565686577401, 37.48523299508774], [127.14566828144143, 37.485248550446585], [127.14566379681918, 37.48525069128855], [127.14568191121515, 37.485274834016536], [127.14569307685004, 37.48528971392769], [127.14569786051811, 37.48529609618267], [127.14570148793383, 37.48530093012787], [127.14570467326634, 37.485305178962264], [127.14570743914611, 37.48530885166822], [127.14570786992316, 37.485309436792754], [127.14570946824306, 37.485311561202955], [127.14571439926365, 37.48531813248748], [127.14571892909765, 37.48531598257843], [127.1457244715775, 37.48532302163644], [127.1457287337257, 37.48532866570639], [127.1457258758515, 37.485330074754906], [127.14576025276286, 37.485373686257525], [127.14576314445402, 37.48537222310686]]]}}, {"type": "Feature", "properties": {"facility_layer": "UPIS_C_UQ155", "urban_facility": "고등학교", "urban_facility_landuse": "교육연구시설", "urban_facility_source": "도시계획 시설정보"}, "geometry": {"type": "Polygon", "coordinates": [[[127.14714715965461, 37.48458648388396], [127.1470055065644, 37.48462483377644], [127.14658126967441, 37.48473969233718], [127.14646371892957, 37.48480006847524], [127.14615840866041, 37.484882721970905], [127.1461123006577, 37.48496498567845], [127.14623968749747, 37.48520295509736], [127.14627598243142, 37.485267755628676], [127.14631495516788, 37.48533155275615], [127.14635656038129, 37.485394292472726], [127.14640075269327, 37.485455893741246], [127.14644749806644, 37.48551629353062], [127.1464967285254, 37.48557541984121], [127.14654838743564, 37.48563321867943], [127.14660244072326, 37.48568960899395], [127.14665879784987, 37.48574454584278], [127.14671742475771, 37.485797957184445], [127.14677823090722, 37.48584979807694], [127.14684117093259, 37.485899996492684], [127.14690616558212, 37.48594849846584], [127.14697314692783, 37.48599525902668], [127.14759045042013, 37.48541458669741], [127.14714715965461, 37.48458648388396]]]}}, {"type": "Feature", "properties": {"facility_layer": "UPIS_C_UQ153", "urban_facility": "근린공원", "urban_facility_landuse": "공원/녹지", "urban_facility_source": "도시계획 시설정보"}, "geometry": {"type": "MultiPolygon", "coordinates": [[[[127.15094851182766, 37.49055473617955], [127.15100410544859, 37.49054652982882], [127.15087331669551, 37.49047488557774], [127.15075802069833, 37.49060853235874], [127.14922988993087, 37.489771432967515], [127.14934518737381, 37.48963778765559], [127.1492054254262, 37.489561224303166], [127.14909011654373, 37.48969486949484], [127.14828606280524, 37.4892543902247], [127.14840136115872, 37.48912075483014], [127.14830400337557, 37.4890674105016], [127.14824809716421, 37.48903679189403], [127.14813279866576, 37.48917042714126], [127.147783348667, 37.48897899237361], [127.14731001664323, 37.48764589040882], [127.14755329416728, 37.48738831844439], [127.14739971353933, 37.48729620973063], [127.14708465199084, 37.48710725316243], [127.147444725526, 37.48672601934765], [127.14748554966408, 37.48668280200659], [127.146741274148, 37.486202837359826], [127.14659460381269, 37.486104069703096], [127.14645332909652, 37.48600043885274], [127.14631769908273, 37.485892115712694], [127.14618797422587, 37.48577930721324], [127.14606435842468, 37.48566221134425], [127.14594710083463, 37.48554104406007], [127.14583640536216, 37.48541601236043], [127.14573247596097, 37.48528735027469], [127.1456354826605, 37.48515529187317], [127.14554577592392, 37.48501982773556], [127.14535942668209, 37.485070240462726], [127.14528687328344, 37.48508852897365], [127.1451910344847, 37.4851100893579], [127.14509428593074, 37.48512894776883], [127.14499674086954, 37.48514519416676], [127.14489862527063, 37.485158738175485], [127.1447999389721, 37.48516948969374], [127.1447007952228, 37.48517753868291], [127.14464630359333, 37.485180848305745], [127.1448485776205, 37.48565353816354], [127.14493521937392, 37.48643946560574], [127.14476852247857, 37.486480663334625], [127.14410280152033, 37.48631523405668], [127.14336594282595, 37.48649749231354], [127.14314997021677, 37.486550910408454], [127.14333817969414, 37.4870033471033], [127.14293528942302, 37.48710987771749], [127.14299571598188, 37.48725504658518], [127.14272742277338, 37.48732600594129], [127.14282476384227, 37.48755987926709], [127.1429958073556, 37.487963052261996], [127.14277632542519, 37.48801665406636], [127.14255807526658, 37.48806403709295], [127.14271936489473, 37.488451544699174], [127.14279428210203, 37.48854560962689], [127.14282211044198, 37.48861243053639], [127.14301038592673, 37.48855858671653], [127.14303081225141, 37.488555579943736], [127.14305827196833, 37.48855875461076], [127.14308296300842, 37.48856875315752], [127.1431035964003, 37.488585595150354], [127.14313492539532, 37.48865583558977], [127.1431868765879, 37.48864112305219], [127.14324444758718, 37.48877014926083], [127.14319248502657, 37.48878487084711], [127.14292535987171, 37.48886044235685], [127.14293167526885, 37.48887561664464], [127.14296363843553, 37.48895238861539], [127.14303003719135, 37.48896591420334], [127.14304985583671, 37.488946410849294], [127.1430521099613, 37.48894253385004], [127.14308806404256, 37.488881132689706], [127.14308781821026, 37.48887069940673], [127.14308756107091, 37.48886026613728], [127.14308683743224, 37.4888303177713], [127.14315623493904, 37.48881518790209], [127.14322491841904, 37.488781227952714], [127.14324164652537, 37.48877778408908], [127.14324653695279, 37.48877483195351], [127.1432819670605, 37.4887534087226], [127.14347007649134, 37.48867155228658], [127.14358778125298, 37.48861041312457], [127.14363406448737, 37.48857026297047], [127.14383695076798, 37.48841054178694], [127.14392411954924, 37.48834619546628], [127.14414657680715, 37.4880732845695], [127.14432751943251, 37.48785123982459], [127.1444154377414, 37.487646696637775], [127.14443283169767, 37.487518102903614], [127.14434997379718, 37.48729223229774], [127.14433643023155, 37.48724584716836], [127.14431225081731, 37.487195600591406], [127.14433559642414, 37.48716421757341], [127.14437150158687, 37.48713750456632], [127.14441644453858, 37.48716610202042], [127.14447940155809, 37.48721359866274], [127.14458854757109, 37.48729077235071], [127.14470372406183, 37.48732838472836], [127.14484012034708, 37.48734641955512], [127.14497073276276, 37.48735536114681], [127.14508094635589, 37.48734009048169], [127.1451436685791, 37.48732370615347], [127.14524637878579, 37.487287180854665], [127.1453775213267, 37.48721881555084], [127.14548323036946, 37.48715426529356], [127.14555854843604, 37.48710263629532], [127.14563589558017, 37.48704785127355], [127.14575270312332, 37.487051583039175], [127.1457949240587, 37.48707558819163], [127.14589556529404, 37.48715114024791], [127.14594013376416, 37.48718460297959], [127.14597605125344, 37.487211562041445], [127.14598843894952, 37.487220863235265], [127.14633170346482, 37.48721359541243], [127.14671197332383, 37.48728115422364], [127.14676096960214, 37.48730037540343], [127.14678332936845, 37.48734431671429], [127.14683367818141, 37.48744301340861], [127.14687004385577, 37.48751431886404], [127.1470157799073, 37.48780020696784], [127.14704319780401, 37.48785765699518], [127.14707061574279, 37.48791510701551], [127.14716224387116, 37.48816925626688], [127.1471783563871, 37.48819833869929], [127.14735244087647, 37.488989742368595], [127.14737240483089, 37.48908044839698], [127.14758745976123, 37.48926782491765], [127.14794163956395, 37.48957641137606], [127.14813587903787, 37.489745648523105], [127.14820852794318, 37.48980895267902], [127.14845075831893, 37.49005390376996], [127.14881231451453, 37.48987706489609], [127.14960403452366, 37.49033684638846], [127.14963177717011, 37.490351128495156], [127.14964492666249, 37.4903563378071], [127.14966135785906, 37.490362840442074], [127.14973403438276, 37.49038766192913], [127.14978393967418, 37.490407700611925], [127.14983034907127, 37.49043248291926], [127.14987258340511, 37.4904616402982], [127.14990997465058, 37.4904947230924], [127.15050469744988, 37.49109117507532], [127.15059662988233, 37.49118337550655], [127.15060311061694, 37.49113862370087], [127.1506144378169, 37.491131455472214], [127.15065130375046, 37.491104730352674], [127.15068336795538, 37.491074326196504], [127.15071005484428, 37.491040793343956], [127.15073090199746, 37.49100472704224], [127.15074553752933, 37.49096675846369], [127.15075369144931, 37.490927581721124], [127.15076564192141, 37.490830186610424], [127.15077293166848, 37.490794290595126], [127.15078584324968, 37.49075941461609], [127.15080415160277, 37.49072610856552], [127.15082758640148, 37.49069490437223], [127.15094851182766, 37.49055473617955]]], [[[127.14455390647335, 37.48330696928964], [127.14477881454111, 37.48349764587065], [127.14479323172819, 37.48351030546782], [127.14481399369174, 37.483529877053215], [127.1448393501257, 37.483557498007194], [127.14486216514294, 37.48358642848967], [127.14488239332685, 37.4836165694471], [127.14489639308944, 37.48364151918572], [127.14565859092478, 37.483382437142474], [127.14648045568698, 37.4833034590921], [127.14750801026301, 37.483204705689424], [127.14752869841188, 37.48320345476535], [127.1475562108886, 37.483205601185546], [127.14758281492277, 37.4832115329249], [127.14800796883681, 37.4833689069425], [127.14804587611792, 37.48336740932835], [127.14822233795755, 37.483360451087215], [127.1481945081967, 37.48327378524353], [127.14819029881014, 37.48326067918739], [127.14816767675258, 37.483227326475166], [127.14810539196344, 37.48313549904258], [127.14801903370643, 37.483123613829996], [127.14795276571311, 37.48311117206731], [127.14788716024296, 37.48309638684506], [127.14783353893213, 37.483081316446636], [127.14778014271462, 37.48306570514478], [127.14772798529421, 37.483047569484064], [127.14740053976023, 37.48292940253232], [127.14736852710493, 37.48292124294631], [127.14732442824132, 37.48291318836668], [127.1472907193836, 37.48291070715681], [127.14727829258075, 37.482910091786856], [127.14733260594146, 37.48270540751922], [127.1475769717997, 37.48278286206126], [127.14761317597208, 37.48279525111171], [127.1476696473612, 37.482816715190594], [127.14779581560843, 37.48286971810219], [127.14785135893848, 37.48289064264238], [127.147893906721, 37.48290338415029], [127.14793734261377, 37.482913511640376], [127.14795665906588, 37.48291623575406], [127.14795602408671, 37.48291529950035], [127.14788896589467, 37.48281645271706], [127.14784550127047, 37.482746257379034], [127.14777014558355, 37.482624562395124], [127.14766955137938, 37.482426160487556], [127.14763366271015, 37.48233677559312], [127.14762863030842, 37.482324242890456], [127.1476049310213, 37.48226524733805], [127.14760437175401, 37.482263864636344], [127.14759891386916, 37.48225024502099], [127.14759347849906, 37.48223669105954], [127.14758880992035, 37.48222552442162], [127.14758820706528, 37.48222354442936], [127.14758772505276, 37.48222234318483], [127.14757760300598, 37.482188716876664], [127.14757746513064, 37.48218826404416], [127.14752509552665, 37.48201425541725], [127.14748207178056, 37.48180303289284], [127.14748206164148, 37.48180294598892], [127.14747838720163, 37.481773876380345], [127.14747837640097, 37.48177377465966], [127.14465369762316, 37.48188515938325], [127.14462966901738, 37.481498208612926], [127.14324636098269, 37.481552764704425], [127.14326536783821, 37.48185872180574], [127.14327280348411, 37.48198240228258], [127.14318439895573, 37.48201739506122], [127.14317503860025, 37.481862280966894], [127.1421377779303, 37.48190313696652], [127.14204120622628, 37.481833514388946], [127.14202675088809, 37.481600803047776], [127.1417783743569, 37.4816105586539], [127.14179737541161, 37.48191660610022], [127.1414972195055, 37.481928404779524], [127.13996526713109, 37.48183400083817], [127.13996540343601, 37.48183434305879], [127.1400780600529, 37.482105051868], [127.14012979683505, 37.482123290514046], [127.14016361069282, 37.48212784594641], [127.14034229176794, 37.482151422571114], [127.14063561486844, 37.48217963930768], [127.14069092361484, 37.48218516038022], [127.14074711903558, 37.48218716647882], [127.14119901513568, 37.482186903432684], [127.1414358913344, 37.48218716377171], [127.14149388226865, 37.48218799608787], [127.1415559746067, 37.482193418618984], [127.14163661725576, 37.482209270730486], [127.14167088904205, 37.48221679849101], [127.14171342241023, 37.48222864124337], [127.14174938927025, 37.48224175317492], [127.14180494580677, 37.482264842947686], [127.14186041511402, 37.48229568140479], [127.14189311487252, 37.48231501407845], [127.14192741102048, 37.4823294794416], [127.14200082148346, 37.48234723199958], [127.14207197327686, 37.482366338699904], [127.14199373400317, 37.482601692056555], [127.14193161953003, 37.48258463786261], [127.14186690501082, 37.48256777593448], [127.14181554567749, 37.48255224961511], [127.14176316459704, 37.48253447198419], [127.14171237300235, 37.482514169641895], [127.14162533827664, 37.4824721060401], [127.14156841447237, 37.48244343159949], [127.14155767548112, 37.482438398723296], [127.14154759477233, 37.48243471656721], [127.14151569568534, 37.482426375059326], [127.14148245772351, 37.482421549031905], [127.14145973111077, 37.482420945250084], [127.14103993254163, 37.482421531798096], [127.14087066760754, 37.482421731546516], [127.140689654373, 37.48242131419017], [127.14057647905244, 37.48241514043333], [127.14033934980948, 37.48239460615112], [127.14019242090548, 37.48237981306015], [127.14038253242207, 37.48283675757926], [127.14038262327227, 37.482836973712665], [127.14131444071445, 37.48280028538994], [127.14315729885328, 37.483964444991415], [127.14425632370352, 37.48426994013108], [127.1445434423454, 37.48494104547764], [127.14458805480554, 37.484939288575674], [127.14467679126786, 37.48493458599252], [127.14476542114332, 37.484927360670895], [127.14485360539821, 37.48491770312236], [127.14494132158332, 37.4849057034752], [127.14502846758693, 37.48489118165439], [127.1451149305075, 37.48487422789846], [127.14520058613756, 37.48485493245994], [127.14526422295228, 37.48483899745059], [127.14541717804649, 37.4847975905007], [127.14481236973685, 37.48366822766176], [127.14480489345834, 37.48365494696995], [127.14479684097053, 37.48364188321652], [127.14478822359725, 37.4836290453976], [127.14477904139031, 37.48361646054301], [127.14476931697983, 37.48360413763522], [127.14475905041756, 37.48359210370402], [127.14474826429918, 37.4835803497119], [127.14473697, 37.48356891168495], [127.14472517884357, 37.483557798619316], [127.14471291344272, 37.48354701048742], [127.1444648804556, 37.48333671994792], [127.14449288672715, 37.48333101876852], [127.14452836625699, 37.48331926282333], [127.14455390647335, 37.48330696928964]]], [[[127.14574964109028, 37.48496470813204], [127.14563233948004, 37.48499638627611], [127.14572037688113, 37.48512800511435], [127.1458151810146, 37.485256372018945], [127.14591668399366, 37.48538145101675], [127.14602472707672, 37.48550299901474], [127.14613909505408, 37.48562080902858], [127.14625960663159, 37.48573467403213], [127.14638602397723, 37.48584438706836], [127.14651814319186, 37.48594975014877], [127.14665572650387, 37.48605059235642], [127.14679851347128, 37.48614671577272], [127.146858095438, 37.48618513322357], [127.14745956777836, 37.486573011201216], [127.14685824202435, 37.48618492581321], [127.14676189545936, 37.48611990197696], [127.14662613018702, 37.48601798547135], [127.14649860647317, 37.48590948139364], [127.14638011613229, 37.485794568999445], [127.14627088702514, 37.485674149036626], [127.14617148481167, 37.4855484010381], [127.14608236259721, 37.48541777497408], [127.14600363497337, 37.48528308162771], [127.1458528278832, 37.48500143304182], [127.14574964109028, 37.48496470813204]]]]}}, {"type": "Feature", "properties": {"facility_layer": "UPIS_C_UQ151", "urban_facility": "소로2류", "urban_facility_landuse": "기타", "urban_facility_source": "도시계획 시설정보"}, "geometry": {"type": "Polygon", "coordinates": [[[127.1456321025612, 37.48499665686518], [127.14554561809882, 37.48502007119803], [127.14561411026904, 37.48512435956831], [127.14568683909363, 37.485226813696855], [127.14576372521304, 37.485327316542794], [127.14584468928348, 37.485425760074975], [127.14592964068761, 37.485522054295856], [127.14601850006122, 37.485616082163936], [127.14611116545977, 37.48570774468522], [127.14620753495433, 37.485796951875685], [127.14630751788637, 37.48588359571743], [127.14641098974496, 37.485967604274094], [127.14651784854387, 37.48604886053171], [127.14662798109296, 37.48612730155027], [127.146741274148, 37.486202837359826], [127.14740232862643, 37.48662913310414], [127.14759653008917, 37.486754366434226], [127.14779391925768, 37.486878838655464], [127.14794692403973, 37.48697155124735], [127.14813033877371, 37.48707854279867], [127.14831636023037, 37.487182620594226], [127.15031360389997, 37.48827675624482], [127.15032861912894, 37.488259357048015], [127.15031213980524, 37.48818847812704], [127.14836760004539, 37.4871232260706], [127.14806531387954, 37.48695178969501], [127.14778578251568, 37.486782405682874], [127.14765344148576, 37.48669834395384], [127.1474592287493, 37.48657310171998], [127.14679817444336, 37.48614680628961], [127.14667882410235, 37.48606703426496], [127.14656307450174, 37.485983969047545], [127.14645105022748, 37.48589771861503], [127.14634290976613, 37.485808381893605], [127.14623876639257, 37.48571606687508], [127.14613875602775, 37.485620899543584], [127.14604301455539, 37.485522987863284], [127.145951643972, 37.485422457859755], [127.14586475756117, 37.48531942653469], [127.1457824799457, 37.485214028895726], [127.14570489051985, 37.48510640000556], [127.1456321025612, 37.48499665686518]]]}}, {"type": "Feature", "properties": {"facility_layer": "UPIS_C_UQ151", "urban_facility": "소로3류", "urban_facility_landuse": "기타", "urban_facility_source": "도시계획 시설정보"}, "geometry": {"type": "Polygon", "coordinates": [[[127.14759653010672, 37.48675437544423], [127.14748554966408, 37.48668280200659], [127.147444725526, 37.48672601934765], [127.14755386064583, 37.48679639677379], [127.14775311776985, 37.486922038053514], [127.14779391925768, 37.486878838655464], [127.14759653010672, 37.48675437544423]]]}}, {"type": "Feature", "properties": {"facility_layer": "UPIS_C_UQ155", "urban_facility": "초(국),중학교", "urban_facility_landuse": "교육연구시설", "urban_facility_source": "도시계획 시설정보"}, "geometry": {"type": "Polygon", "coordinates": [[[127.15073618914114, 37.485988350100804], [127.15011803237768, 37.486704865623445], [127.14943927262992, 37.48749163260764], [127.14947688636062, 37.48751224543955], [127.15006821563875, 37.48783618777977], [127.15019925086737, 37.4878751623937], [127.15039038920474, 37.48797987017631], [127.15050157274403, 37.487963457974644], [127.15094779274034, 37.48744622509674], [127.15111582167049, 37.487251459550976], [127.15173396206643, 37.486534938900085], [127.15073618914114, 37.485988350100804]]]}}, {"type": "Feature", "properties": {"facility_layer": "UPIS_C_UQ151", "urban_facility": "소로3류", "urban_facility_landuse": "기타", "urban_facility_source": "도시계획 시설정보"}, "geometry": {"type": "Polygon", "coordinates": [[[127.14831636023037, 37.487182620594226], [127.14813033877371, 37.48707854279867], [127.14794692403973, 37.48697155124735], [127.14790613387926, 37.487014741673505], [127.14809072595085, 37.48712243460681], [127.14827795862283, 37.48722718670942], [127.14912830871256, 37.4876930345931], [127.14916673270099, 37.48764848619733], [127.14831636023037, 37.487182620594226]]]}}, {"type": "Feature", "properties": {"facility_layer": "UPIS_C_UQ152", "urban_facility": "도시철도(103정거장)", "urban_facility_landuse": "도로/교통시설", "urban_facility_source": "도시계획 시설정보"}, "geometry": {"type": "Polygon", "coordinates": [[[127.14889389145905, 37.48741078265476], [127.14884054650945, 37.48746902674847], [127.14884982834226, 37.4874741779044], [127.14885900860854, 37.487479428296275], [127.14886812121135, 37.48748476887181], [127.14887714353685, 37.48749019965919], [127.14888607560275, 37.487495729668474], [127.14889491737365, 37.4875013408797], [127.14890365757807, 37.48750705132693], [127.14891231879446, 37.48751284296203], [127.1489208784443, 37.48751873383324], [127.14892934778153, 37.48752469689645], [127.14893771555226, 37.48753075919579], [127.14894599302808, 37.48753690269717], [127.14895415759506, 37.48754312742886], [127.14896223188477, 37.48754944237263], [127.14897020457262, 37.487555838532614], [127.14898634282602, 37.48756896398022], [127.14904889169253, 37.48762000863087], [127.14916513985426, 37.48768369025435], [127.14916110115924, 37.48768837149069], [127.14930560232403, 37.48776753288491], [127.14930964103206, 37.48776286065368], [127.14959229413238, 37.48791769497607], [127.14959897147578, 37.487920831097036], [127.14960880607292, 37.48792527872019], [127.14961875342114, 37.48792956402119], [127.14962880223123, 37.48793369602422], [127.14963895248539, 37.48793766571922], [127.14964920418353, 37.487941473106204], [127.14965954600079, 37.4879451091893], [127.14966997797272, 37.48794859198848], [127.14968048873882, 37.48795189448794], [127.14969108965951, 37.487955043703444], [127.14971196537972, 37.48796224354047], [127.14972230720288, 37.48796587961806], [127.14973259270553, 37.48796962388538], [127.14974282186994, 37.48797346733247], [127.14975298340688, 37.487977418983476], [127.1497630773164, 37.48798147883845], [127.14977311486997, 37.487985628863264], [127.14978307350698, 37.48798989611623], [127.14979296448104, 37.48799425355325], [127.14980278782785, 37.487998719194294], [127.14981254352955, 37.48800328402941], [127.14982222027918, 37.488007948072806], [127.14983181807675, 37.48801271132448], [127.14984133690452, 37.48801756477448], [127.14985077679812, 37.4880225264428], [127.14986005848361, 37.488027533359], [127.14991129764911, 37.487968138175845], [127.14956545956376, 37.48777867729218], [127.14956949825616, 37.4877740050521], [127.1494249854945, 37.487694843995456], [127.14942095810434, 37.487699516216516], [127.14889389145905, 37.48741078265476]]]}}, {"type": "Feature", "properties": {"facility_layer": "UPIS_C_UQ153", "urban_facility": "일반광장", "urban_facility_landuse": "공원/녹지", "urban_facility_source": "도시계획 시설정보"}, "geometry": {"type": "Polygon", "coordinates": [[[127.14938570009677, 37.48803084899246], [127.14953944108188, 37.48785265495156], [127.14916673270099, 37.48764848619733], [127.14901300255278, 37.48782667974635], [127.14938570009677, 37.48803084899246]]]}}, {"type": "Feature", "properties": {"facility_layer": "UPIS_C_UQ151", "urban_facility": "소로3류", "urban_facility_landuse": "기타", "urban_facility_source": "도시계획 시설정보"}, "geometry": {"type": "Polygon", "coordinates": [[[127.1494191174191, 37.48778674432068], [127.1493806822033, 37.48783129281144], [127.14984656137804, 37.488086502723895], [127.1499583737628, 37.48814775642974], [127.15012609268197, 37.48823963678817], [127.15021926249261, 37.488290678334046], [127.15025769744402, 37.488246129574534], [127.1494191174191, 37.48778674432068]]]}}, {"type": "Feature", "properties": {"facility_layer": "UPIS_C_UQ151", "urban_facility": "중로3류", "urban_facility_landuse": "기타", "urban_facility_source": "도시계획 시설정보"}, "geometry": {"type": "Polygon", "coordinates": [[[127.14928356382343, 37.48812288776671], [127.14938570009677, 37.48803084899246], [127.14925846020611, 37.48796114463616], [127.14893508024966, 37.48833596804988], [127.14908293384362, 37.48841167469473], [127.1490726363922, 37.48836737638504], [127.14928356382343, 37.48812288776671]]]}}, {"type": "Feature", "properties": {"facility_layer": "UPIS_C_UQ151", "urban_facility": "소로3류", "urban_facility_landuse": "기타", "urban_facility_source": "도시계획 시설정보"}, "geometry": {"type": "Polygon", "coordinates": [[[127.15002149665538, 37.48826543778462], [127.15005877132958, 37.4882858526343], [127.15010744968224, 37.48822942487749], [127.15007018632997, 37.48820901002873], [127.15002149665538, 37.48826543778462]]]}}, {"type": "Feature", "properties": {"facility_layer": "UPIS_C_UQ151", "urban_facility": "소로3류", "urban_facility_landuse": "기타", "urban_facility_source": "도시계획 시설정보"}, "geometry": {"type": "Polygon", "coordinates": [[[127.15005877132958, 37.4882858526343], [127.15002149665538, 37.48826543778462], [127.15000869249195, 37.4882802843342], [127.14990330999689, 37.488314393432546], [127.1499949760702, 37.48835980579447], [127.15005877132958, 37.4882858526343]]]}}, {"type": "Feature", "properties": {"facility_layer": "UPIS_C_UQ151", "urban_facility": "소로1류", "urban_facility_landuse": "기타", "urban_facility_source": "도시계획 시설정보"}, "geometry": {"type": "Polygon", "coordinates": [[[127.14990330999689, 37.488314393432546], [127.14938570009677, 37.48803084899246], [127.14928356382343, 37.48812288776671], [127.1493391558279, 37.488114682199424], [127.14980198041886, 37.488368229245886], [127.14981227830083, 37.4884125274911], [127.14960134045965, 37.48865700804349], [127.14954574808263, 37.488665213734166], [127.14970481960697, 37.48875234823704], [127.14969452174108, 37.48870804998499], [127.1499949760702, 37.48835980579447], [127.14990330999689, 37.488314393432546]]]}}, {"type": "Feature", "properties": {"facility_layer": "UPIS_C_UQ151", "urban_facility": "소로3류", "urban_facility_landuse": "기타", "urban_facility_source": "도시계획 시설정보"}, "geometry": {"type": "Polygon", "coordinates": [[[127.14958890956926, 37.488442846967345], [127.14970101176878, 37.48831291740377], [127.14966374848512, 37.488292502427], [127.14940751585831, 37.48858948661994], [127.14944479052743, 37.48860990166218], [127.14955048542672, 37.48848739549472], [127.14958890956926, 37.488442846967345]]]}}, {"type": "Feature", "properties": {"facility_layer": "UPIS_C_UQ153", "urban_facility": "완충녹지", "urban_facility_landuse": "공원/녹지", "urban_facility_source": "도시계획 시설정보"}, "geometry": {"type": "Polygon", "coordinates": [[[127.15108650522154, 37.486016252627955], [127.15083226706595, 37.48587697322407], [127.15073618914114, 37.485988350100804], [127.1517339620484, 37.48653492989009], [127.15176553658546, 37.48649833617075], [127.15174493906144, 37.48640973999446], [127.15117910453118, 37.4860997752151], [127.15108650522154, 37.486016252627955]]]}}, {"type": "Feature", "properties": {"facility_layer": "UPIS_C_UQ153", "urban_facility": "완충녹지", "urban_facility_landuse": "공원/녹지", "urban_facility_source": "도시계획 시설정보"}, "geometry": {"type": "Polygon", "coordinates": [[[127.15209567754529, 37.4866018732787], [127.15198449637658, 37.486618286979166], [127.15195292189625, 37.486654880756156], [127.15345773503151, 37.48747918119192], [127.1534983560409, 37.48743208774319], [127.15348188521541, 37.48736120924587], [127.15209567754529, 37.4866018732787]]]}}, {"type": "Feature", "properties": {"facility_layer": "UPIS_C_UQ151", "urban_facility": "중로2류", "urban_facility_landuse": "기타", "urban_facility_source": "도시계획 시설정보"}, "geometry": {"type": "Polygon", "coordinates": [[[127.15311644383512, 37.4881610908201], [127.15366607765714, 37.48752395407192], [127.15378151341866, 37.487525337065705], [127.15348188521541, 37.48736120924587], [127.1534983560409, 37.48743208774319], [127.15222535185367, 37.48890772700318], [127.1521141672983, 37.488924140826526], [127.15216075857954, 37.48895511186086], [127.15239445154472, 37.48911047037324], [127.15237385255075, 37.48902187434919], [127.15249305771589, 37.488883697946335], [127.15292867682975, 37.48837874283793], [127.15311644383512, 37.4881610908201]]]}}, {"type": "Feature", "properties": {"facility_layer": "UPIS_C_UQ151", "urban_facility": "소로2류", "urban_facility_landuse": "기타", "urban_facility_source": "도시계획 시설정보"}, "geometry": {"type": "Polygon", "coordinates": [[[127.15055732930777, 37.488322796484894], [127.15046837978863, 37.48833591909154], [127.15045337588394, 37.48835331829159], [127.15198149131034, 37.48919040209381], [127.15199649502671, 37.489173002702586], [127.15198002523162, 37.48910212401469], [127.15055732930777, 37.488322796484894]]]}}, {"type": "Feature", "properties": {"facility_layer": "UPIS_C_UQ153", "urban_facility": "일반광장", "urban_facility_landuse": "공원/녹지", "urban_facility_source": "도시계획 시설정보"}, "geometry": {"type": "Polygon", "coordinates": [[[127.15604302979419, 37.48876407778523], [127.15589460292954, 37.488682776392466], [127.15578341952211, 37.48869919366682], [127.15563656139848, 37.48886944000022], [127.15585088177637, 37.48898683079603], [127.15604302979419, 37.48876407778523]]]}}, {"type": "Feature", "properties": {"facility_layer": "UPIS_C_UQ151", "urban_facility": "소로3류", "urban_facility_landuse": "기타", "urban_facility_source": "도시계획 시설정보"}, "geometry": {"type": "Polygon", "coordinates": [[[127.1505092824995, 37.48838394486841], [127.15047084762742, 37.488428493708554], [127.15056401790667, 37.48847953497992], [127.15073173828986, 37.4885714054603], [127.15084355211857, 37.48863265832033], [127.15151443888519, 37.48900015521673], [127.15157033510795, 37.48903078130047], [127.15263353766733, 37.489613174887396], [127.15272672219353, 37.48966421442222], [127.15289444788642, 37.489756090812556], [127.15298762146001, 37.489807130154105], [127.15302605553829, 37.48976258050742], [127.1505092824995, 37.48838394486841]]]}}, {"type": "Feature", "properties": {"facility_layer": "UPIS_C_UQ151", "urban_facility": "소로1류", "urban_facility_landuse": "기타", "urban_facility_source": "도시계획 시설정보"}, "geometry": {"type": "Polygon", "coordinates": [[[127.15055620270078, 37.48867205244647], [127.15046735622866, 37.48862338435936], [127.15016972339231, 37.48896837357576], [127.15011413084768, 37.48897657953378], [127.15027319238388, 37.48906371327821], [127.15026290544638, 37.48901941506463], [127.15047383081765, 37.48877492435299], [127.15052942317298, 37.48876671822582], [127.15146985235292, 37.48928188232625], [127.15148015134649, 37.4893261804168], [127.15126922769902, 37.4895706638883], [127.15121363483034, 37.48957887036353], [127.15137269891792, 37.48966600261337], [127.15136239994047, 37.489621704515955], [127.1516586310511, 37.48927835393669], [127.15157118196109, 37.489228045090826], [127.15055620270078, 37.48867205244647]]]}}, {"type": "Feature", "properties": {"facility_layer": "UPIS_C_UQ151", "urban_facility": "소로3류", "urban_facility_landuse": "기타", "urban_facility_source": "도시계획 시설정보"}, "geometry": {"type": "Polygon", "coordinates": [[[127.15168938027014, 37.48917908776705], [127.15172665585122, 37.4891995020854], [127.15177533353757, 37.48914307365165], [127.15173805797134, 37.48912265934843], [127.15168938027014, 37.48917908776705]]]}}, {"type": "Feature", "properties": {"facility_layer": "UPIS_C_UQ151", "urban_facility": "소로3류", "urban_facility_landuse": "기타", "urban_facility_source": "도시계획 시설정보"}, "geometry": {"type": "Polygon", "coordinates": [[[127.15172665585122, 37.4891995020854], [127.15168938027014, 37.48917908776705], [127.15167015732534, 37.489201357879516], [127.15157118196109, 37.489228045090826], [127.1516586310511, 37.48927835393669], [127.15172665585122, 37.4891995020854]]]}}, {"type": "Feature", "properties": {"facility_layer": "UPIS_C_UQ151", "urban_facility": "중로1류", "urban_facility_landuse": "기타", "urban_facility_source": "도시계획 시설정보"}, "geometry": {"type": "Polygon", "coordinates": [[[127.15554850880439, 37.488493216265404], [127.15556911137973, 37.48858180272608], [127.1550285442559, 37.4892084487893], [127.1548317219201, 37.48943660319016], [127.15470352956032, 37.48958520013389], [127.15465462384174, 37.48968961729946], [127.1543376596272, 37.49005703183085], [127.15421536203007, 37.49007508380199], [127.15452087683627, 37.490275224010055], [127.15450028633347, 37.49018663737585], [127.15578343082923, 37.48869919365204], [127.15589460294808, 37.488682785402446], [127.15554850880439, 37.488493216265404]]]}}, {"type": "Feature", "properties": {"facility_layer": "UPIS_C_UQ153", "urban_facility": "공공공지", "urban_facility_landuse": "기타", "urban_facility_source": "도시계획 시설정보"}, "geometry": {"type": "Polygon", "coordinates": [[[127.14925846020611, 37.48796114463616], [127.14920255441486, 37.48793051746353], [127.14824809716421, 37.48903679189403], [127.14830400337557, 37.4890674105016], [127.14925846020611, 37.48796114463616]]]}}, {"type": "Feature", "properties": {"facility_layer": "UPIS_C_UQ151", "urban_facility": "소로3류", "urban_facility_landuse": "기타", "urban_facility_source": "도시계획 시설정보"}, "geometry": {"type": "Polygon", "coordinates": [[[127.14958890956926, 37.488442846967345], [127.14955048542672, 37.48848739549472], [127.14968439359296, 37.488560749226245], [127.14972281771107, 37.488516209665974], [127.14958890956926, 37.488442846967345]]]}}, {"type": "Feature", "properties": {"facility_layer": "UPIS_C_UQ151", "urban_facility": "소로3류", "urban_facility_landuse": "기타", "urban_facility_source": "도시계획 시설정보"}, "geometry": {"type": "Polygon", "coordinates": [[[127.15053397154274, 37.48854616577184], [127.1505712464956, 37.48856658045822], [127.15061992466143, 37.48851016150341], [127.15058266101263, 37.48848973780789], [127.15053397154274, 37.48854616577184]]]}}, {"type": "Feature", "properties": {"facility_layer": "UPIS_C_UQ151", "urban_facility": "소로3류", "urban_facility_landuse": "기타", "urban_facility_source": "도시계획 시설정보"}, "geometry": {"type": "Polygon", "coordinates": [[[127.15055202339249, 37.488588859401474], [127.1505712464956, 37.48856658045822], [127.15053397154274, 37.48854616577184], [127.15046735622866, 37.48862338435936], [127.15055620270078, 37.48867205244647], [127.15055202339249, 37.488588859401474]]]}}, {"type": "Feature", "properties": {"facility_layer": "UPIS_C_UQ151", "urban_facility": "중로3류", "urban_facility_landuse": "기타", "urban_facility_source": "도시계획 시설정보"}, "geometry": {"type": "Polygon", "coordinates": [[[127.14852562817866, 37.48905762039883], [127.14851533096626, 37.48901332204494], [127.1486718174269, 37.488831945214436], [127.14878116910035, 37.48870520048516], [127.14895047000115, 37.48850897684824], [127.14900606232854, 37.488500771437536], [127.1497231901586, 37.488893619972316], [127.14973554087322, 37.488946781482326], [127.1498667653888, 37.48879468120887], [127.14980006122143, 37.48880452276986], [127.14970481960697, 37.48875234823704], [127.14954574808263, 37.488665213734166], [127.14908293384362, 37.48841167469473], [127.14893508024966, 37.48833596804988], [127.14830400337557, 37.4890674105016], [127.14920804024122, 37.489562662634], [127.14930947495813, 37.48944063054559], [127.1492427588353, 37.48945047180637], [127.14852562817866, 37.48905762039883]]]}}, {"type": "Feature", "properties": {"facility_layer": "UPIS_C_UQ151", "urban_facility": "소로3류", "urban_facility_landuse": "기타", "urban_facility_source": "도시계획 시설정보"}, "geometry": {"type": "Polygon", "coordinates": [[[127.15038758588655, 37.48887489085142], [127.1503491507094, 37.48891944865893], [127.1513554722499, 37.48947069675894], [127.15139390712757, 37.48942614763892], [127.15038758588655, 37.48887489085142]]]}}, {"type": "Feature", "properties": {"facility_layer": "UPIS_C_UQ153", "urban_facility": "어린이공원", "urban_facility_landuse": "공원/녹지", "urban_facility_source": "도시계획 시설정보"}, "geometry": {"type": "Polygon", "coordinates": [[[127.15092217250871, 37.489916699664924], [127.15097776566002, 37.48990849332673], [127.15114706350978, 37.489712266588995], [127.15113676465906, 37.489667968472], [127.15072273765708, 37.48944116984676], [127.15050814477773, 37.48968990029884], [127.15092217250871, 37.489916699664924]]]}}, {"type": "Feature", "properties": {"facility_layer": "UPIS_C_UQ153", "urban_facility": "공공공지", "urban_facility_landuse": "기타", "urban_facility_source": "도시계획 시설정보"}, "geometry": {"type": "Polygon", "coordinates": [[[127.1498330370171, 37.49056239465854], [127.14982144654083, 37.4905507773047], [127.14981434316998, 37.49054389357492], [127.14980696879668, 37.49053719939471], [127.14979931211363, 37.49053069477822], [127.14979139578901, 37.49052440672695], [127.14978321980499, 37.49051832623085], [127.14977480679421, 37.490512462271475], [127.1497661454671, 37.490506823872956], [127.14975725845616, 37.49050142001681], [127.14974814574357, 37.49049624169302], [127.14973882999753, 37.4904913159031], [127.14972932250758, 37.49048663362282], [127.14971962329147, 37.490482203862115], [127.14970974367432, 37.49047803561673], [127.14969969494564, 37.49047411986246], [127.14968948844836, 37.490470474605026], [127.1496168118589, 37.4904456530911], [127.14960488543649, 37.490441397302575], [127.14959312802155, 37.49043683496123], [127.14958156224682, 37.49043197504872], [127.14957019943758, 37.490426826560864], [127.14955905088352, 37.49042138047366], [127.14954811662031, 37.49041565480706], [127.1495374305879, 37.490409658528584], [127.14883441574489, 37.49000139330106], [127.14877792070084, 37.489999607669915], [127.14857155582844, 37.49010054238916], [127.1485717255622, 37.49010060524789], [127.14858198324865, 37.49009580817274], [127.14860593534199, 37.49008584934155], [127.14863916011024, 37.49011657710882], [127.1487336553136, 37.49015089560699], [127.14890394995845, 37.49021703290063], [127.14891293428562, 37.49022022024108], [127.14892586764395, 37.490224808213185], [127.14893539578863, 37.49022853547313], [127.148951655745, 37.490234254551126], [127.14904226801056, 37.49026613593813], [127.14919596277197, 37.49032020212165], [127.14940590866902, 37.49039546129628], [127.14963181911544, 37.490475457361406], [127.14965065938078, 37.49049369700079], [127.14965335200935, 37.49050016280101], [127.14973640893788, 37.49054790170687], [127.14975693373201, 37.4905602556893], [127.14979026718682, 37.49062274322414], [127.14979161779179, 37.490625282347644], [127.14978801421543, 37.49062705282888], [127.1497892377675, 37.490628240612665], [127.14980153699499, 37.490615142665085], [127.14982555255372, 37.49060296704923], [127.1498375689952, 37.49056694802665], [127.1498330370171, 37.49056239465854]]]}}, {"type": "Feature", "properties": {"facility_layer": "UPIS_C_UQ151", "urban_facility": "소로3류", "urban_facility_landuse": "기타", "urban_facility_source": "도시계획 시설정보"}, "geometry": {"type": "Polygon", "coordinates": [[[127.14983756897739, 37.49056693901666], [127.14982555255372, 37.49060296704923], [127.14980153699499, 37.490615142665085], [127.1497892377675, 37.490628240612665], [127.14980841806248, 37.490646849209384], [127.14985325635269, 37.49062612399648], [127.14990303322746, 37.490632593737566], [127.14983756897739, 37.49056693901666]]]}}, {"type": "Feature", "properties": {"facility_layer": "UPIS_C_UQ153", "urban_facility": "공공공지", "urban_facility_landuse": "기타", "urban_facility_source": "도시계획 시설정보"}, "geometry": {"type": "Polygon", "coordinates": [[[127.1499255798064, 37.490655216544944], [127.14990302192003, 37.49063259375177], [127.14986297195621, 37.490627391217444], [127.1498787199269, 37.49064858998065], [127.14996710823773, 37.490767555043156], [127.14996930772963, 37.490770507557706], [127.14998589827125, 37.490794615475494], [127.1500367359828, 37.49086851462315], [127.15006558027224, 37.49089650845257], [127.15007677361552, 37.49090738746155], [127.1501145946061, 37.49088896852204], [127.15012337828956, 37.49085359324762], [127.1499255798064, 37.490655216544944]]]}}, {"type": "Feature", "properties": {"facility_layer": "UPIS_C_UQ151", "urban_facility": "소로3류", "urban_facility_landuse": "기타", "urban_facility_source": "도시계획 시설정보"}, "geometry": {"type": "Polygon", "coordinates": [[[127.15219527955502, 37.48945620384293], [127.15223254410392, 37.489476618014535], [127.15228123289539, 37.48942018936105], [127.15224395705408, 37.48939977521897], [127.15219527955502, 37.48945620384293]]]}}, {"type": "Feature", "properties": {"facility_layer": "UPIS_C_UQ151", "urban_facility": "소로3류", "urban_facility_landuse": "기타", "urban_facility_source": "도시계획 시설정보"}, "geometry": {"type": "Polygon", "coordinates": [[[127.1522133325701, 37.489498897209614], [127.15223254410392, 37.489476618014535], [127.15219527955502, 37.48945620384293], [127.15213116949862, 37.4895305009221], [127.15221751377459, 37.48958209017887], [127.1522133325701, 37.489498897209614]]]}}, {"type": "Feature", "properties": {"facility_layer": "UPIS_C_UQ153", "urban_facility": "공공공지", "urban_facility_landuse": "기타", "urban_facility_source": "도시계획 시설정보"}, "geometry": {"type": "Polygon", "coordinates": [[[127.15563656139848, 37.48886944000022], [127.15561967477247, 37.4888890227288], [127.15450028633347, 37.49018663737585], [127.15452087683627, 37.490275224010055], [127.15454816945746, 37.49029017228404], [127.1556920820482, 37.48896413470814], [127.15572974703402, 37.48892047717062], [127.15563656139848, 37.48886944000022]]]}}, {"type": "Feature", "properties": {"facility_layer": "UPIS_C_UQ153", "urban_facility": "공공공지", "urban_facility_landuse": "기타", "urban_facility_source": "도시계획 시설정보"}, "geometry": {"type": "Polygon", "coordinates": [[[127.15751701377069, 37.48957096816229], [127.15751304038963, 37.489568792989594], [127.15740068982677, 37.489579023458454], [127.15726243688749, 37.489699462188995], [127.15723515818372, 37.489724059391015], [127.15720894388004, 37.48974939400366], [127.15718382780514, 37.489775420933086], [127.15715985515128, 37.48980212210045], [127.15713703715153, 37.48982946145164], [127.15711540765378, 37.4898574029028], [127.15709498921736, 37.48988591939483], [127.15707580440176, 37.48991498386873], [127.15711262021009, 37.48993091011162], [127.15718620687306, 37.48991928038725], [127.15725268524714, 37.48991504818254], [127.15732045083092, 37.4899317174309], [127.15735258736427, 37.48994311774192], [127.15758710800671, 37.489891811616445], [127.15791488084973, 37.48987894440066], [127.1581422296348, 37.489880634445896], [127.1580554483748, 37.48983307757215], [127.15792442817369, 37.4897940576109], [127.15751701377069, 37.48957096816229]]]}}, {"type": "Feature", "properties": {"facility_layer": "UPIS_C_UQ151", "urban_facility": "중로2류", "urban_facility_landuse": "기타", "urban_facility_source": "도시계획 시설정보"}, "geometry": {"type": "Polygon", "coordinates": [[[127.15167442350466, 37.489784893861476], [127.1521362703943, 37.489249562739545], [127.15222520939297, 37.48923643889203], [127.15198002523162, 37.48910212401469], [127.15199649502671, 37.489173002702586], [127.15198163846658, 37.48919048299638], [127.15198149131034, 37.48919040209381], [127.15153465891458, 37.48970833327192], [127.1509773648036, 37.49035429037314], [127.15086926421688, 37.49047266523182], [127.15088230459916, 37.49047981169261], [127.15100410544859, 37.49054652982882], [127.15167442350466, 37.489784893861476]]]}}, {"type": "Feature", "properties": {"facility_layer": "UPIS_C_UQ151", "urban_facility": "소로2류", "urban_facility_landuse": "기타", "urban_facility_source": "도시계획 시설정보"}, "geometry": {"type": "Polygon", "coordinates": [[[127.15222520939297, 37.48923643889203], [127.1521362703943, 37.489249562739545], [127.15212125538793, 37.48926696216268], [127.15343448788894, 37.489986296816596], [127.15387913528825, 37.49022985006552], [127.15402791395726, 37.49031134272373], [127.15444056335156, 37.490537365653736], [127.15449180059123, 37.49047796851371], [127.15424081248987, 37.49034049436001], [127.15390341989566, 37.49015568450989], [127.15344849439755, 37.48990650430912], [127.15222520939297, 37.48923643889203]]]}}, {"type": "Feature", "properties": {"facility_layer": "UPIS_C_UQ151", "urban_facility": "소로3류", "urban_facility_landuse": "기타", "urban_facility_source": "도시계획 시설정보"}, "geometry": {"type": "Polygon", "coordinates": [[[127.15316582174569, 37.489839139328524], [127.15312739901879, 37.4898836890055], [127.15341440351462, 37.490040896179345], [127.15345283745827, 37.48999634639591], [127.15316582174569, 37.489839139328524]]]}}, {"type": "Feature", "properties": {"facility_layer": "UPIS_C_UQ151", "urban_facility": "소로1류", "urban_facility_landuse": "기타", "urban_facility_source": "도시계획 시설정보"}, "geometry": {"type": "Polygon", "coordinates": [[[127.15123571208724, 37.48976855686155], [127.15130242822758, 37.48975871447588], [127.15113676465906, 37.489667968472], [127.15114706350978, 37.489712266588995], [127.15097776566002, 37.48990849332673], [127.15086841595739, 37.490035240058816], [127.15071193231701, 37.49021661975542], [127.15065633890801, 37.49022482596865], [127.1508154150304, 37.490311958943344], [127.15080511629188, 37.49026766080172], [127.15090257591193, 37.490154696439404], [127.15123571208724, 37.48976855686155]]]}}, {"type": "Feature", "properties": {"facility_layer": "UPIS_C_UQ152", "urban_facility": "도시철도(102정거장)", "urban_facility_landuse": "도로/교통시설", "urban_facility_source": "도시계획 시설정보"}, "geometry": {"type": "Polygon", "coordinates": [[[127.15366775692853, 37.49001895521213], [127.15366372969709, 37.49002363658561], [127.15313460416644, 37.48973380749612], [127.15308335504912, 37.48979320407085], [127.15309263746025, 37.4897983548902], [127.15310182961456, 37.489803604934544], [127.1531109314939, 37.48980894519399], [127.1531199544055, 37.48981437565396], [127.15312888706039, 37.48981990533904], [127.15313772942207, 37.48982551622924], [127.15314648152702, 37.48983122634458], [127.15315513203153, 37.48983701767959], [127.15316370358663, 37.48984290822528], [127.15317216223396, 37.4898488800052], [127.15318054189551, 37.489854932975845], [127.15318880866752, 37.48986107619077], [127.15319698516464, 37.48986730962095], [127.15320504873583, 37.48987361527551], [127.15321302203209, 37.48988001114538], [127.15322916152722, 37.48989313600556], [127.15322941068882, 37.48989333390553], [127.153237508151, 37.48989962149431], [127.15324562819274, 37.48990589103358], [127.15325378210306, 37.48991213349877], [127.1532619585747, 37.489918348904446], [127.15327018024047, 37.48992454623149], [127.15327842444934, 37.48993070748903], [127.15328669123771, 37.489936850696985], [127.15329500320203, 37.48994296681636], [127.15330332642031, 37.48994905589067], [127.15331169483277, 37.48995512688634], [127.15336673215796, 37.48998526667773], [127.15340687255878, 37.49000726253959], [127.1534028452934, 37.49001193489426], [127.1535484421281, 37.49009169332139], [127.15355248067775, 37.490087011937284], [127.15383024973508, 37.49023915735083], [127.15383224180604, 37.49024012786217], [127.15384197548389, 37.490244719420744], [127.15385181061816, 37.490249157677766], [127.15386175853446, 37.49025345162863], [127.15387179659969, 37.490257592292515], [127.1538819361212, 37.490261579654806], [127.15389216579155, 37.490265413730036], [127.15390249691809, 37.49026909450361], [127.15391289556037, 37.49027261300929], [127.15392338435136, 37.49027597822788], [127.15393395198363, 37.4902791901739], [127.1539548287743, 37.49028639826612], [127.15396518241167, 37.490290024945175], [127.15397546844387, 37.49029376884051], [127.15398568683433, 37.49029761193217], [127.15399584890875, 37.49030156321555], [127.15400595466717, 37.49030562269068], [127.15401598147656, 37.49030978137677], [127.15402595195174, 37.49031403924467], [127.15403584347791, 37.49031839632359], [127.15404566738087, 37.490322861608874], [127.15405541233488, 37.49032742610523], [127.15406508964739, 37.49033208979804], [127.15407468801105, 37.49033685270194], [127.15408420742587, 37.49034171481695], [127.15409553822106, 37.490347655791325], [127.15414679816512, 37.49028823173958], [127.15380830801799, 37.490102828373956], [127.15381234657025, 37.49009815599103], [127.15366775692853, 37.49001895521213]]]}}, {"type": "Feature", "properties": {"facility_layer": "UPIS_C_UQ151", "urban_facility": "중로1류", "urban_facility_landuse": "기타", "urban_facility_source": "도시계획 시설정보"}, "geometry": {"type": "Polygon", "coordinates": [[[127.15421536203007, 37.49007508380199], [127.15402836744724, 37.48997265643395], [127.15389807368271, 37.48993409057909], [127.15239445154472, 37.48911047037324], [127.15211512855173, 37.48892421168127], [127.15196751703728, 37.48909528333547], [127.15449178926548, 37.490477959518394], [127.15554157519793, 37.4910529559307], [127.15554421696346, 37.49116105438458], [127.15561488515011, 37.49113165272832], [127.15571950333509, 37.491088124105524], [127.1559699312134, 37.49098392979302], [127.1559799732023, 37.490978889088794], [127.15586697380215, 37.49097716268598], [127.15566533846342, 37.490867107569755], [127.15552748486421, 37.49082657118418], [127.15452087683627, 37.490275224010055], [127.15421536203007, 37.49007508380199]]]}}, {"type": "Feature", "properties": {"facility_layer": "UPIS_C_UQ151", "urban_facility": "소로3류", "urban_facility_landuse": "기타", "urban_facility_source": "도시계획 시설정보"}, "geometry": {"type": "Polygon", "coordinates": [[[127.153078210034, 37.49041435071319], [127.15311663306089, 37.4903698010556], [127.15204888811581, 37.489784930932395], [127.15201045344475, 37.489829480262316], [127.153078210034, 37.49041435071319]]]}}, {"type": "Feature", "properties": {"facility_layer": "UPIS_C_UQ153", "urban_facility": "일반광장", "urban_facility_landuse": "공원/녹지", "urban_facility_source": "도시계획 시설정보"}, "geometry": {"type": "Polygon", "coordinates": [[[127.15341036518807, 37.489973092148134], [127.1532566403753, 37.49015128212651], [127.1536293610113, 37.49035544686565], [127.15378309664284, 37.49017724738501], [127.15341036518807, 37.489973092148134]]]}}, {"type": "Feature", "properties": {"facility_layer": "UPIS_C_UQ151", "urban_facility": "소로1류", "urban_facility_landuse": "기타", "urban_facility_source": "도시계획 시설정보"}, "geometry": {"type": "Polygon", "coordinates": [[[127.15221751377459, 37.48958209017887], [127.15213116949862, 37.4895305009221], [127.15183102504503, 37.48987840769677], [127.15192420937551, 37.48992945687264], [127.15213513187116, 37.489684963239284], [127.15219072471616, 37.48967675633068], [127.15319258722604, 37.490225534649376], [127.15335165497682, 37.49031266421744], [127.15434694615587, 37.49085782811033], [127.15441017233668, 37.49078312554067], [127.15221751377459, 37.48958209017887]]]}}, {"type": "Feature", "properties": {"facility_layer": "UPIS_C_UQ153", "urban_facility": "일반광장", "urban_facility_landuse": "공원/녹지", "urban_facility_source": "도시계획 시설정보"}, "geometry": {"type": "Polygon", "coordinates": [[[127.15705803348982, 37.4899442897479], [127.15704199166836, 37.489973151858486], [127.15702716055847, 37.49000241782297], [127.15701354008668, 37.49003205160195], [127.15700115283153, 37.49006203514611], [127.15699001000827, 37.49009232339112], [127.15698012286965, 37.49012288929255], [127.15697150264971, 37.490153696795915], [127.15696416058263, 37.49018470984674], [127.15695307283067, 37.49023613546198], [127.15694282780923, 37.49027954107221], [127.15693084086236, 37.49032266966275], [127.15691712318255, 37.490365467158426], [127.15690170859587, 37.49040788846412], [127.1568846083324, 37.49044989752446], [127.15686582231498, 37.49049145829889], [127.15684538433275, 37.49053250767217], [127.15682330565348, 37.4905730276087], [127.15679962006668, 37.490612954993225], [127.15677435012927, 37.490652262765124], [127.1569017060879, 37.4905704467783], [127.15698782502459, 37.490549340202215], [127.15699904810421, 37.49054682966518], [127.15709408525532, 37.490524134526225], [127.15707525217456, 37.4899158675753], [127.15705803348982, 37.4899442897479]]]}}, {"type": "Feature", "properties": {"facility_layer": "UPIS_C_UQ151", "urban_facility": "소로3류", "urban_facility_landuse": "기타", "urban_facility_source": "도시계획 시설정보"}, "geometry": {"type": "Polygon", "coordinates": [[[127.15382555785493, 37.49020051052201], [127.15378712402882, 37.490245060424876], [127.15407414259425, 37.490402265965855], [127.1541125763298, 37.49035771597099], [127.15382555785493, 37.49020051052201]]]}}, {"type": "Feature", "properties": {"facility_layer": "UPIS_C_UQ151", "urban_facility": "소로1류", "urban_facility_landuse": "기타", "urban_facility_source": "도시계획 시설정보"}, "geometry": {"type": "Polygon", "coordinates": [[[127.1516391566289, 37.490259855525515], [127.15180204582482, 37.490071051230515], [127.15185763899282, 37.490062844478466], [127.15169198540782, 37.489972108256254], [127.151704337679, 37.49002526053737], [127.15137120278484, 37.49041140141692], [127.15127374353959, 37.49052436616005], [127.15121814996498, 37.49053257263758], [127.15137721608376, 37.490619704862816], [127.15136691697082, 37.4905754067733], [127.15152980753568, 37.49038660286085], [127.1516391566289, 37.490259855525515]]]}}, {"type": "Feature", "properties": {"facility_layer": "UPIS_C_UQ151", "urban_facility": "대로3류", "urban_facility_landuse": "기타", "urban_facility_source": "도시계획 시설정보"}, "geometry": {"type": "Polygon", "coordinates": [[[127.15666585324074, 37.49079349277794], [127.1566985873267, 37.490754724836314], [127.15672965743434, 37.490715112131944], [127.15675902968026, 37.49067467273063], [127.15678668160065, 37.49063347874314], [127.15681255671642, 37.49059155727483], [127.15683664383428, 37.49054896240157], [127.15685892045381, 37.49050574821394], [127.15687935273009, 37.49046195079747], [127.1568979068743, 37.49041763326747], [127.15691458298276, 37.490372840674645], [127.15692933594104, 37.49032762713912], [127.1569421771717, 37.49028204670652], [127.15695307283067, 37.49023613546198], [127.15696416058263, 37.49018470984674], [127.15697167091555, 37.49015304785491], [127.15698050466777, 37.490121609370945], [127.1569906732197, 37.49009043041957], [127.15700214268512, 37.49005952906498], [127.15701490186727, 37.49002895938155], [127.15702893951347, 37.489998748413655], [127.15704425569713, 37.489968932200725], [127.15706080524369, 37.48993953783172], [127.15707859953405, 37.48991060133112], [127.15709759341263, 37.489882158797826], [127.15711777562719, 37.48985423727606], [127.15713912365565, 37.48982688184487], [127.15716160359412, 37.48980010155828], [127.15718521553529, 37.48977394146553], [127.15720990301702, 37.4897484376803], [127.15723565475022, 37.4897235992268], [127.15726243688749, 37.489699462188995], [127.15740068982677, 37.489579023458454], [127.15751304038963, 37.489568792989594], [127.15712631003204, 37.48935691033647], [127.15713914854433, 37.489446425753236], [127.15703717155596, 37.48953527244299], [127.15700359509813, 37.48956552714882], [127.15697130945193, 37.489596654116156], [127.15694035980965, 37.489628635266634], [127.15691076869317, 37.489661425521675], [127.15688258125773, 37.489694988782944], [127.15685582004433, 37.48972928898181], [127.15683053020865, 37.48976429001987], [127.15680671164014, 37.48979993783825], [127.15678442082088, 37.4898362053336], [127.15676366898518, 37.48987305645205], [127.156744478619, 37.489910428094866], [127.15672687230158, 37.489948302213186], [127.1567108725378, 37.48998662471814], [127.156696490544, 37.49002535054567], [127.15668376016984, 37.49006444361196], [127.15667268130598, 37.49010384985764], [127.15666326518765, 37.490143533228526], [127.15665217725393, 37.49019496782628], [127.15664356842404, 37.49023135247703], [127.15663348912572, 37.490267495787656], [127.15662192797518, 37.49030336173271], [127.15660891881787, 37.49033891422742], [127.15659447284767, 37.490374099196586], [127.15657859002539, 37.49040889861979], [127.15656130417842, 37.49044326740213], [127.15654261523059, 37.490477169503066], [127.15652256835415, 37.49051057783273], [127.15650116343592, 37.49054343833064], [127.15647842305216, 37.49057573294642], [127.15645439235696, 37.490607425580144], [127.15642745822124, 37.490640374404826], [127.15639912037877, 37.49067256822383], [127.15636940135045, 37.49070396195669], [127.15633834630948, 37.49073452851323], [127.15630598906597, 37.490764213788125], [127.15627235219722, 37.490792999730765], [127.15623750343617, 37.49082083219141], [127.15620146537906, 37.49084770212942], [127.15616428314438, 37.49087355542473], [127.15612600194373, 37.49089838300707], [127.15608666689599, 37.49092213075643], [127.15604633452065, 37.490944789587864], [127.1560050386853, 37.49096633242605], [127.15598002973965, 37.4909788890149], [127.1559699312134, 37.49098392979302], [127.15571950333509, 37.491088124105524], [127.15561488515011, 37.49113165272832], [127.15554421696346, 37.49116105438458], [127.15572600061377, 37.491393941815296], [127.15615877929234, 37.491176640780246], [127.15620805050614, 37.491151312260186], [127.15625621083893, 37.491124669715425], [127.15630321511523, 37.491096740236465], [127.15634901819693, 37.49106756893379], [127.15639355229415, 37.49103718292766], [127.15643677223217, 37.49100560930865], [127.15647862156634, 37.490972893202205], [127.15651906644864, 37.49093907069414], [127.15655806172379, 37.4909041778851], [127.15659555092945, 37.49086825089059], [127.15663148894826, 37.49083134383124], [127.15666585324074, 37.49079349277794]]]}}, {"type": "Feature", "properties": {"facility_layer": "UPIS_C_UQ151", "urban_facility": "소로1류", "urban_facility_landuse": "기타", "urban_facility_source": "도시계획 시설정보"}, "geometry": {"type": "Polygon", "coordinates": [[[127.15329606178969, 37.49032087167213], [127.15335165497682, 37.49031266421744], [127.15319258722604, 37.490225534649376], [127.1532028873678, 37.49026983258016], [127.15299195541328, 37.4905143281058], [127.15293636201864, 37.49052252638143], [127.15309544141132, 37.49060965627481], [127.15308514130383, 37.490565367347166], [127.15329606178969, 37.49032087167213]]]}}, {"type": "Feature", "properties": {"facility_layer": "UPIS_C_UQ151", "urban_facility": "중로3류", "urban_facility_landuse": "기타", "urban_facility_source": "도시계획 시설정보"}, "geometry": {"type": "Polygon", "coordinates": [[[127.15193450870936, 37.48997374590795], [127.15177544331803, 37.48988661442186], [127.1516867870575, 37.4898380551418], [127.15167442350466, 37.489784893861476], [127.15154320093554, 37.48993699611278], [127.15160991718467, 37.489927153553545], [127.15169198540782, 37.489972108256254], [127.15185763899282, 37.490062844478466], [127.15301857242717, 37.4906987555894], [127.15395540912459, 37.49121190408785], [127.1539548505927, 37.49126535208766], [127.15413679007698, 37.49114362645906], [127.15408236911603, 37.49115024701002], [127.15309544141132, 37.49060965627481], [127.15193450870936, 37.48997374590795]]]}}, {"type": "Feature", "properties": {"facility_layer": "UPIS_C_UQ151", "urban_facility": "소로3류", "urban_facility_landuse": "기타", "urban_facility_source": "도시계획 시설정보"}, "geometry": {"type": "Polygon", "coordinates": [[[127.15320981885608, 37.490420840200066], [127.15317138455121, 37.49046538990204], [127.15387863654163, 37.490852783687615], [127.1539170706234, 37.49080823375901], [127.15320981885608, 37.490420840200066]]]}}, {"type": "Feature", "properties": {"facility_layer": "UPIS_C_UQ151", "urban_facility": "소로1류", "urban_facility_landuse": "기타", "urban_facility_source": "도시계획 시설정보"}, "geometry": {"type": "Polygon", "coordinates": [[[127.15296297891706, 37.49070696288754], [127.15301857242717, 37.4906987555894], [127.15285950424152, 37.49061162557958], [127.15286980424048, 37.49065592353681], [127.15270691647196, 37.49084472928198], [127.15265132281912, 37.490852936433576], [127.15281039127656, 37.490940066719496], [127.1528000912731, 37.49089576875926], [127.15296297891706, 37.49070696288754]]]}}, {"type": "Feature", "properties": {"facility_layer": "UPIS_C_UQ151", "urban_facility": "소로3류", "urban_facility_landuse": "기타", "urban_facility_source": "도시계획 시설정보"}, "geometry": {"type": "Polygon", "coordinates": [[[127.15406323072663, 37.49070242999043], [127.15402596505312, 37.49068200739292], [127.1539170706234, 37.49080823375901], [127.15387863654163, 37.490852783687615], [127.15376974161663, 37.49097900991531], [127.15380701865763, 37.49099942356789], [127.15406323072663, 37.49070242999043]]]}}, {"type": "Feature", "properties": {"facility_layer": "UPIS_C_UQ151", "urban_facility": "소로1류", "urban_facility_landuse": "기타", "urban_facility_source": "도시계획 시설정보"}, "geometry": {"type": "Polygon", "coordinates": [[[127.1516494558586, 37.49030415359345], [127.1516391566289, 37.490259855525515], [127.15152980753568, 37.49038660286085], [127.1515854009856, 37.49037840524675], [127.15258726845472, 37.49092717961201], [127.15274633701394, 37.49101431899286], [127.1535230862609, 37.49143977420179], [127.15352252866136, 37.49149383487606], [127.1537087457269, 37.491395422268496], [127.153640899429, 37.491394969044464], [127.15281039127656, 37.490940066719496], [127.15265132281912, 37.490852936433576], [127.1516494558586, 37.49030415359345]]]}}, {"type": "Feature", "properties": {"facility_layer": "UPIS_C_UQ153", "urban_facility": "공원", "urban_facility_landuse": "공원/녹지", "urban_facility_source": "도시계획 시설정보"}, "geometry": {"type": "Polygon", "coordinates": [[[127.1566970594225, 37.4908524402225], [127.15669703684486, 37.49085245827215], [127.15662133080644, 37.490895021780446], [127.15659573778144, 37.49090940829505], [127.15659317396845, 37.49091085325911], [127.15653755039, 37.49093722642472], [127.15640549886513, 37.491061917718056], [127.15642245777708, 37.49112101004909], [127.15696701479233, 37.49122376558518], [127.15700586803511, 37.491213118707726], [127.1570465952959, 37.491173745493306], [127.15707098199844, 37.49115017928714], [127.15713399882836, 37.49109021589002], [127.156699160092, 37.490851221114326], [127.1566970594225, 37.4908524402225]]]}}, {"type": "Feature", "properties": {"facility_layer": "UPIS_C_UQ151", "urban_facility": "소로1류", "urban_facility_landuse": "기타", "urban_facility_source": "도시계획 시설정보"}, "geometry": {"type": "Polygon", "coordinates": [[[127.15269074322171, 37.491022517153084], [127.15274633701394, 37.49101431899286], [127.15258726845472, 37.49092717961201], [127.15259756833694, 37.49097147759083], [127.1524346791995, 37.49116028295349], [127.1523790852827, 37.49116848997711], [127.15253815409557, 37.49125562062412], [127.15252785422696, 37.491211331652245], [127.15269074322171, 37.491022517153084]]]}}, {"type": "Feature", "properties": {"facility_layer": "UPIS_C_UQ151", "urban_facility": "소로3류", "urban_facility_landuse": "기타", "urban_facility_source": "도시계획 시설정보"}, "geometry": {"type": "Polygon", "coordinates": [[[127.15211737076105, 37.491528079320894], [127.15214531994191, 37.49154339671958], [127.15236311653494, 37.49129094716515], [127.1523351561146, 37.49127563884161], [127.15211737076105, 37.491528079320894]]]}}, {"type": "Feature", "properties": {"facility_layer": "UPIS_C_UQ153", "urban_facility": "근린공원", "urban_facility_landuse": "공원/녹지", "urban_facility_source": "도시계획 시설정보"}, "geometry": {"type": "MultiPolygon", "coordinates": [[[[127.15449180057287, 37.49047795950375], [127.15451861895794, 37.490493205727816], [127.15454476039868, 37.490509182632046], [127.1545701909365, 37.49052587224089], [127.15459487659417, 37.49054324756885], [127.15461879473878, 37.4905612996357], [127.15464191139297, 37.49058000145598], [127.1546642039051, 37.490599335039505], [127.15468563827932, 37.49061926439086], [127.15470619188218, 37.490639780529804], [127.15472584204339, 37.49066085645625], [127.15474456607421, 37.49068245616007], [127.15476233001509, 37.49070456166581], [127.15477912250293, 37.49072714595859], [127.15479493215605, 37.49075017301363], [127.15480971372573, 37.49077363388005], [127.15482347842656, 37.4907974834937], [127.15483620358768, 37.49082169485437], [127.1548478552491, 37.49084624998649], [127.15485843333626, 37.49087111285044], [127.15486791515961, 37.49089624743606], [127.15487631198883, 37.490921635708965], [127.15488358980835, 37.490947232663565], [127.15488974858023, 37.49097302028011], [127.15489478822974, 37.490998962518916], [127.15489868608547, 37.491025032379625], [127.15490145336165, 37.49105118479773], [127.15490309002023, 37.491077401753444], [127.15490356208234, 37.49110365626089], [127.15490291468463, 37.49112990321157], [127.15490111382962, 37.491156106609616], [127.15489817080531, 37.49118225743036], [127.15489409682587, 37.49120831060912], [127.15488889181641, 37.49123423010595], [127.15488255572056, 37.49125998889079], [127.15487509978944, 37.491285559918914], [127.15486654656334, 37.491310907120805], [127.15485689598594, 37.49133600346644], [127.15484614800104, 37.49136082192553], [127.15483433645652, 37.49138532641395], [127.15482146129631, 37.49140948990148], [127.15480753377182, 37.49143328534318], [127.15479259903881, 37.49145667664015], [127.15477663442621, 37.491479636791425], [127.15475968512683, 37.491502147718016], [127.15474177369984, 37.491524182360244], [127.15472291137881, 37.491545704663146], [127.15470312072314, 37.49156668756706], [127.15468243563683, 37.49158712201757], [127.15466086733514, 37.49160696294973], [127.15463844972216, 37.49162620130911], [127.15461520533944, 37.49164480102605], [127.15459116809123, 37.49166275304616], [127.15456636053761, 37.49168003030976], [127.1545408278723, 37.491696614737855], [127.15451458134791, 37.491712479285425], [127.15448765485075, 37.49172760588812], [127.1544600935932, 37.49174198547702], [127.1551320588052, 37.49140460851093], [127.1552617808552, 37.491317150967646], [127.15540426849174, 37.49124056072615], [127.15554421696346, 37.49116105438458], [127.15554157519793, 37.4910529559307], [127.15449180057287, 37.49047795950375]]], [[[127.15303761281834, 37.492371895838616], [127.15310321953275, 37.492338015204105], [127.15327447040256, 37.49225203826226], [127.15376127936406, 37.492007637632106], [127.15360444463587, 37.491819224447674], [127.15444781987962, 37.49137349266825], [127.15459844398355, 37.49155443449962], [127.15461751736291, 37.49153657901008], [127.15463582077136, 37.49151821094569], [127.15465332034164, 37.49149935738069], [127.15467000480326, 37.49148003635005], [127.15468584027074, 37.49146026591798], [127.15470082681806, 37.49144008212474], [127.15471493055979, 37.491419503034535], [127.15472814022574, 37.491398546682284], [127.15474044456415, 37.491377240112854], [127.15475182101581, 37.49135561038579], [127.15476226965497, 37.49133369354117], [127.15477176786726, 37.49131148960863], [127.15478030445641, 37.49128905266285], [127.15478787942317, 37.49126638270403], [127.15479447026377, 37.491243533821525], [127.15480006567158, 37.491220506030146], [127.15480467704704, 37.4911973443652], [127.15480829312035, 37.49117406686143], [127.15481090265855, 37.49115070957345], [127.15481250571789, 37.49112729953126], [127.15481310231763, 37.49110384574484], [127.1548127038767, 37.491080402259364], [127.15481127649205, 37.49105697812881], [127.15480885414225, 37.491033600338994], [127.15480543692027, 37.491010313939746], [127.1548010022306, 37.490987127970264], [127.1547955840701, 37.490964078426316], [127.15478918247645, 37.49094118332769], [127.15478179754267, 37.490918487724116], [127.15477344059533, 37.49089600061064], [127.15476411170896, 37.490873758027], [127.15475384484343, 37.490851777948855], [127.15474264007312, 37.49083009641591], [127.15473050872451, 37.49080872242315], [127.1547174621977, 37.49078770100549], [127.15470352314496, 37.490767050153266], [127.15468870291103, 37.49074678787142], [127.15467302416644, 37.49072694116024], [127.15433462203578, 37.49111921495167], [127.1543126788276, 37.49114372348321], [127.15428967143409, 37.49116761169709], [127.15426564501139, 37.491190843494365], [127.15424061083003, 37.49121340083985], [127.15421461404644, 37.49123524763456], [127.15418767722049, 37.491256356818816], [127.15415982294891, 37.49127671935271], [127.15413110765937, 37.491296281102805], [127.15410155396717, 37.49131504203923], [127.15407119574022, 37.49133297508772], [127.15404007813575, 37.49135004414932], [127.15220841204211, 37.4923180674795], [127.15219442740408, 37.49232518518872], [127.15218013665991, 37.49233190684699], [127.15216556240694, 37.492338223415395], [127.15215072726076, 37.49234413486501], [127.15213563118533, 37.4923496231758], [127.15212030810386, 37.492354688304395], [127.15210476932432, 37.49235933023632], [127.15208903742601, 37.49236353092276], [127.15207313504273, 37.49236729934472], [127.15205707344617, 37.49237061746785], [127.15204087525198, 37.492373485263236], [127.15202456307586, 37.492375902702015], [127.1520081595153, 37.49237786074539], [127.15199167589638, 37.492379368388875], [127.15197513479863, 37.492380407583674], [127.15195855887383, 37.49238099632092], [127.15194197070151, 37.4923811165519], [127.1519253816078, 37.49238077727214], [127.15190882549787, 37.492379969428505], [127.15189230240829, 37.49237871104093], [127.15187585753384, 37.49237698403194], [127.15185949091104, 37.49237480642151], [127.15184322515547, 37.492372178180915], [127.15182709417243, 37.49236909025703], [127.15181110930598, 37.492365560655465], [127.15179528186407, 37.49236158936193], [127.15177964577002, 37.49235717633332], [127.15176420104206, 37.49235233057966], [127.15174898162154, 37.49234706106791], [127.15173401012403, 37.492341367769356], [127.1517192865858, 37.49233526870402], [127.15170485621967, 37.492328754804554], [127.15169070775423, 37.49232184410538], [127.1516768751487, 37.492314554583395], [127.15096692650228, 37.49192566447889], [127.15141786523395, 37.49096997988631], [127.15089778617916, 37.49068509385337], [127.15101309335148, 37.49055144692369], [127.15100410544859, 37.49054652982882], [127.15094851182766, 37.49055473617955], [127.15082758640148, 37.49069490437223], [127.1508208519337, 37.490702985837515], [127.15081446835343, 37.4907112470589], [127.15080843564292, 37.49071967902648], [127.15080276507375, 37.49072826370607], [127.15079746795348, 37.490737001083424], [127.15079253293891, 37.490745873152946], [127.15078797131963, 37.49075487089041], [127.1507837943853, 37.490763985271634], [127.15078001342553, 37.49077320727236], [127.1507766171151, 37.49078252789696], [127.15077361672571, 37.49079192911123], [127.15077101223959, 37.49080140190525], [127.15076882627173, 37.49081094625046], [127.15076702486414, 37.49082054416977], [127.15076563061395, 37.49083018662469], [127.15075369144931, 37.490927581721124], [127.15075219673675, 37.49093788203217], [127.15075024963542, 37.490948137864606], [127.15074787270638, 37.490958322159955], [127.15074503204488, 37.490968443971], [127.15074176151948, 37.49097847622493], [127.15073804980456, 37.490988409926054], [127.15073390818952, 37.49099823605006], [127.15072933665633, 37.491007945586944], [127.15072434647647, 37.49101752050241], [127.15071893761387, 37.491026942776486], [127.15071312139393, 37.49103622140481], [127.15070689776273, 37.49104532935737], [127.1507002893172, 37.491054257595636], [127.15069328471394, 37.49106298811384], [127.15068590658574, 37.49107152989334], [127.1506781548788, 37.49107985590417], [127.15067005220803, 37.49108796611766], [127.15066159853757, 37.491095842513836], [127.15065279386738, 37.49110348509264], [127.15064367208406, 37.4911108757912], [127.15063422186228, 37.49111800561376], [127.15062120251784, 37.4911271761984], [127.15060311061694, 37.49113862370087], [127.15059662988233, 37.49118337550655], [127.15068030287819, 37.49126729709848], [127.15068976421946, 37.49127712406598], [127.15069879637923, 37.49128720385445], [127.15070737672444, 37.491297527482516], [127.15071551652667, 37.49130807691609], [127.15072320446036, 37.49131884315959], [127.15073040658486, 37.49132981724594], [127.15073714547927, 37.491340981126754], [127.15074338718499, 37.49135231682501], [127.15074914300935, 37.49136382432646], [127.15075440160881, 37.49137548562558], [127.15075915162183, 37.491387273706756], [127.15076339304818, 37.49139918857008], [127.15076710325471, 37.4914112212342], [127.15077031609205, 37.49142333561642], [127.15077298634772, 37.49143554078388], [127.15077513656486, 37.491447800668205], [127.15077675545359, 37.49146012429365], [127.15077784294195, 37.49147247562034], [127.15077839902968, 37.49148485464833], [127.15077841237309, 37.49149724337194], [127.1507778942257, 37.49150961474698], [127.15077685591272, 37.49152197776914], [127.15077527474712, 37.4915342964271], [127.15077315072855, 37.491546570720814], [127.15077051772572, 37.49155877357752], [127.1507673531053, 37.491570896015766], [127.15076366815664, 37.49158292901125], [127.15075947415131, 37.491594854529694], [127.1507547597456, 37.49160665456542], [127.15074953624688, 37.491618329104064], [127.1505973212046, 37.491940889793916], [127.15059163361613, 37.491952348670715], [127.15058545947593, 37.49196364598124], [127.15057879876592, 37.49197477271546], [127.15057166275777, 37.491985710839096], [127.15056406272313, 37.49199644231783], [127.15055600996945, 37.4920069671373], [127.15054751575059, 37.49201725825327], [127.15053856877668, 37.49202732468988], [127.15052920289894, 37.49203713036435], [127.15051942942495, 37.49204667526232], [127.15050924833672, 37.49205595037374], [127.1504561950141, 37.49210263496489], [127.1504610073952, 37.492128748865454], [127.15094829922812, 37.49248013591475], [127.15133078321453, 37.49262173910139], [127.1516052213055, 37.49273428597898], [127.15219538999334, 37.49288319073669], [127.15220705401224, 37.4928860230176], [127.15229638526692, 37.49287463754879], [127.15245493379942, 37.492785749763726], [127.15251895623261, 37.492706028645316], [127.1525298757245, 37.4926929051519], [127.15254132725626, 37.492680069297066], [127.1525532882305, 37.4926675301196], [127.15256574739372, 37.49265531466361], [127.15257870474592, 37.492643422929035], [127.15259213770781, 37.49263187296448], [127.15260603498982, 37.492620673794264], [127.1526203739947, 37.49260983445713], [127.15263514346908, 37.492599381997245], [127.15265033208723, 37.49258930741897], [127.15266592857783, 37.492579628756545], [127.15268189905406, 37.49257036407315], [127.15297310554618, 37.49240709048594], [127.15303761281834, 37.492371895838616]]]]}}, {"type": "Feature", "properties": {"facility_layer": "UPIS_C_UQ151", "urban_facility": "소로3류", "urban_facility_landuse": "기타", "urban_facility_source": "도시계획 시설정보"}, "geometry": {"type": "Polygon", "coordinates": [[[127.15185474032779, 37.491832501047135], [127.15188268955083, 37.49184780949709], [127.1520812644885, 37.4916176396173], [127.15205331531104, 37.491602331213635], [127.15185474032779, 37.491832501047135]]]}}, {"type": "Feature", "properties": {"facility_layer": "UPIS_C_UQ152", "urban_facility": "도시철도(차량기지)", "urban_facility_landuse": "도로/교통시설", "urban_facility_source": "도시계획 시설정보"}, "geometry": {"type": "Polygon", "coordinates": [[[127.15263534011638, 37.49251176859093], [127.15264363895199, 37.49250564019183], [127.1526520963845, 37.49249965574912], [127.15266070110624, 37.49249381527725], [127.15266946444306, 37.49248812777166], [127.15267838637685, 37.49248258422238], [127.15268745561806, 37.49247719365379], [127.15269664956946, 37.49247196510478], [127.15270600213607, 37.492466889521914], [127.15271546810526, 37.49246197597303], [127.15272144388241, 37.492458995028294], [127.15272180534721, 37.49245880535589], [127.15307679408991, 37.492271185957996], [127.1530800404641, 37.49227171338302], [127.15310811779754, 37.49230544681], [127.15317313545789, 37.492271089362575], [127.15318065073025, 37.49228012574724], [127.15320044068336, 37.492269675781486], [127.15319291408379, 37.49226063040258], [127.15320140839222, 37.49225614153166], [127.15317331972781, 37.49222240814114], [127.15317398165159, 37.49221982142387], [127.15320054893235, 37.492205776781596], [127.15329766036176, 37.492178342781216], [127.1536761714785, 37.492149384342156], [127.1554873246797, 37.49119210489545], [127.15522824200796, 37.490880885685606], [127.15503087978632, 37.49098519870107], [127.15498587841762, 37.49093114314298], [127.15490578354813, 37.49097347699331], [127.154901408106, 37.49096822083751], [127.15465400691645, 37.49109898844398], [127.15461459405584, 37.49105164695682], [127.1540839150371, 37.49133213875453], [127.1540814005509, 37.491335628868754], [127.15233935555216, 37.4922563621526], [127.15215162935995, 37.49234288132603], [127.15195204821542, 37.49241047629334], [127.15173927821161, 37.4924705823702], [127.15180614794718, 37.492620892103524], [127.15202125771735, 37.49256013420756], [127.15202424523063, 37.49256126566073], [127.15207428154935, 37.49267372768957], [127.15225120403716, 37.49262374893142], [127.15222647543855, 37.49256818883199], [127.15222789543101, 37.49256580838295], [127.15240793672939, 37.492514951441876], [127.15239738413706, 37.4924912326013], [127.15239881543033, 37.49248885213575], [127.15252887080518, 37.492452114420914], [127.15247772988499, 37.49251586239498], [127.15247392659829, 37.49251393010636], [127.15227393028655, 37.49276324865647], [127.1523658661573, 37.49281007336281], [127.15237873627648, 37.49281662521309], [127.15257873236276, 37.492567297478345], [127.15257526864693, 37.49256553594866], [127.15258212934572, 37.49255838225364], [127.15258919379968, 37.49255133641758], [127.15259643944783, 37.49254442549927], [127.15260386625391, 37.49253763147872], [127.152611474236, 37.49253096336587], [127.15261926341225, 37.492524430170675], [127.15262722247495, 37.492518031907565], [127.15263534011638, 37.49251176859093]]]}}, {"type": "Feature", "properties": {"facility_layer": "UPIS_C_UQ151", "urban_facility": "소로3류", "urban_facility_landuse": "기타", "urban_facility_source": "도시계획 시설정보"}, "geometry": {"type": "Polygon", "coordinates": [[[127.15181863359615, 37.49192206125963], [127.15179068434037, 37.4919067437848], [127.1515921077471, 37.49213691316842], [127.1516200570484, 37.492152230689534], [127.15181863359615, 37.49192206125963]]]}}, {"type": "Feature", "properties": {"facility_layer": "UPIS_C_UQ153", "urban_facility": "공공공지시설 기타", "urban_facility_landuse": "기타", "urban_facility_source": "도시계획 시설정보"}, "geometry": {"type": "Polygon", "coordinates": [[[127.13208048270465, 37.46821487039534], [127.13206389650178, 37.468210079084486], [127.13204478279069, 37.46820491137247], [127.13203210367682, 37.46820089497858], [127.13202846915034, 37.46819984505938], [127.13197706385911, 37.46818356663466], [127.13197330541894, 37.46818226928741], [127.1319591172299, 37.46817777484869], [127.13193872705962, 37.468170333439936], [127.1319263007609, 37.4681660440946], [127.13190124854373, 37.4681566556129], [127.13187442016093, 37.46814686455371], [127.13179507219002, 37.4681159438249], [127.13173102948197, 37.46809099272218], [127.13164794561298, 37.46805861806476], [127.1316470990723, 37.46805829093388], [127.13159518254398, 37.46803777392951], [127.13101427614484, 37.46781143011141], [127.1310931522972, 37.46786194398721], [127.13118170250684, 37.46791767301362], [127.13125043792132, 37.4679609268146], [127.13133885337041, 37.46801703429141], [127.1314130714692, 37.46805377673134], [127.13148496594148, 37.468073781042484], [127.13150809507135, 37.468080909567306], [127.13195358702013, 37.46821057759191], [127.13211929052628, 37.46826089579897], [127.13230233349563, 37.46831699704402], [127.13230364162825, 37.46831519359019], [127.13232766821868, 37.4682770382206], [127.13213208283833, 37.46822851956525], [127.13211498170521, 37.468223893485714], [127.13208048270465, 37.46821487039534]]]}}, {"type": "Feature", "properties": {"facility_layer": "UPIS_C_UQ153", "urban_facility": "공공공지시설 기타", "urban_facility_landuse": "기타", "urban_facility_source": "도시계획 시설정보"}, "geometry": {"type": "Polygon", "coordinates": [[[127.13208048270465, 37.46821487039534], [127.13206389650178, 37.468210079084486], [127.13204478279069, 37.46820491137247], [127.13203210367682, 37.46820089497858], [127.13202846915034, 37.46819984505938], [127.13197706385911, 37.46818356663466], [127.13197330541894, 37.46818226928741], [127.1319591172299, 37.46817777484869], [127.13193872705962, 37.468170333439936], [127.1319263007609, 37.4681660440946], [127.13190124854373, 37.4681566556129], [127.13187442016093, 37.46814686455371], [127.13179507219002, 37.4681159438249], [127.13173102948197, 37.46809099272218], [127.13164794561298, 37.46805861806476], [127.1316470990723, 37.46805829093388], [127.13159518254398, 37.46803777392951], [127.13101427614484, 37.46781143011141], [127.1310931522972, 37.46786194398721], [127.13118170250684, 37.46791767301362], [127.13125043792132, 37.4679609268146], [127.13133885337041, 37.46801703429141], [127.1314130714692, 37.46805377673134], [127.13148496594148, 37.468073781042484], [127.13150809507135, 37.468080909567306], [127.13195358702013, 37.46821057759191], [127.13211929052628, 37.46826089579897], [127.13230233349563, 37.46831699704402], [127.13230364162825, 37.46831519359019], [127.13232766821868, 37.4682770382206], [127.13213208283833, 37.46822851956525], [127.13211498170521, 37.468223893485714], [127.13208048270465, 37.46821487039534]]]}}, {"type": "Feature", "properties": {"facility_layer": "UPIS_C_UQ153", "urban_facility": "공공공지시설 기타", "urban_facility_landuse": "기타", "urban_facility_source": "도시계획 시설정보"}, "geometry": {"type": "Polygon", "coordinates": [[[127.13208048270465, 37.46821487039534], [127.13206389650178, 37.468210079084486], [127.13204478279069, 37.46820491137247], [127.13203210367682, 37.46820089497858], [127.13202846915034, 37.46819984505938], [127.13197706385911, 37.46818356663466], [127.13197330541894, 37.46818226928741], [127.1319591172299, 37.46817777484869], [127.13193872705962, 37.468170333439936], [127.1319263007609, 37.4681660440946], [127.13190124854373, 37.4681566556129], [127.13187442016093, 37.46814686455371], [127.13179507219002, 37.4681159438249], [127.13173102948197, 37.46809099272218], [127.13164794561298, 37.46805861806476], [127.1316470990723, 37.46805829093388], [127.13159518254398, 37.46803777392951], [127.13101427614484, 37.46781143011141], [127.1310931522972, 37.46786194398721], [127.13118170250684, 37.46791767301362], [127.13125043792132, 37.4679609268146], [127.13133885337041, 37.46801703429141], [127.1314130714692, 37.46805377673134], [127.13148496594148, 37.468073781042484], [127.13150809507135, 37.468080909567306], [127.13195358702013, 37.46821057759191], [127.13211929052628, 37.46826089579897], [127.13230233349563, 37.46831699704402], [127.13230364162825, 37.46831519359019], [127.13232766821868, 37.4682770382206], [127.13213208283833, 37.46822851956525], [127.13211498170521, 37.468223893485714], [127.13208048270465, 37.46821487039534]]]}}, {"type": "Feature", "properties": {"facility_layer": "UPIS_C_UQ153", "urban_facility": "공공공지시설 기타", "urban_facility_landuse": "기타", "urban_facility_source": "도시계획 시설정보"}, "geometry": {"type": "Polygon", "coordinates": [[[127.13208048270465, 37.46821487039534], [127.13206389650178, 37.468210079084486], [127.13204478279069, 37.46820491137247], [127.13203210367682, 37.46820089497858], [127.13202846915034, 37.46819984505938], [127.13197706385911, 37.46818356663466], [127.13197330541894, 37.46818226928741], [127.1319591172299, 37.46817777484869], [127.13193872705962, 37.468170333439936], [127.1319263007609, 37.4681660440946], [127.13190124854373, 37.4681566556129], [127.13187442016093, 37.46814686455371], [127.13179507219002, 37.4681159438249], [127.13173102948197, 37.46809099272218], [127.13164794561298, 37.46805861806476], [127.1316470990723, 37.46805829093388], [127.13159518254398, 37.46803777392951], [127.13101427614484, 37.46781143011141], [127.1310931522972, 37.46786194398721], [127.13118170250684, 37.46791767301362], [127.13125043792132, 37.4679609268146], [127.13133885337041, 37.46801703429141], [127.1314130714692, 37.46805377673134], [127.13148496594148, 37.468073781042484], [127.13150809507135, 37.468080909567306], [127.13195358702013, 37.46821057759191], [127.13211929052628, 37.46826089579897], [127.13230233349563, 37.46831699704402], [127.13230364162825, 37.46831519359019], [127.13232766821868, 37.4682770382206], [127.13213208283833, 37.46822851956525], [127.13211498170521, 37.468223893485714], [127.13208048270465, 37.46821487039534]]]}}, {"type": "Feature", "properties": {"facility_layer": "UPIS_C_UQ153", "urban_facility": "공공공지시설 기타", "urban_facility_landuse": "기타", "urban_facility_source": "도시계획 시설정보"}, "geometry": {"type": "Polygon", "coordinates": [[[127.13208048270465, 37.46821487039534], [127.13206389650178, 37.468210079084486], [127.13204478279069, 37.46820491137247], [127.13203210367682, 37.46820089497858], [127.13202846915034, 37.46819984505938], [127.13197706385911, 37.46818356663466], [127.13197330541894, 37.46818226928741], [127.1319591172299, 37.46817777484869], [127.13193872705962, 37.468170333439936], [127.1319263007609, 37.4681660440946], [127.13190124854373, 37.4681566556129], [127.13187442016093, 37.46814686455371], [127.13179507219002, 37.4681159438249], [127.13173102948197, 37.46809099272218], [127.13164794561298, 37.46805861806476], [127.1316470990723, 37.46805829093388], [127.13159518254398, 37.46803777392951], [127.13101427614484, 37.46781143011141], [127.1310931522972, 37.46786194398721], [127.13118170250684, 37.46791767301362], [127.13125043792132, 37.4679609268146], [127.13133885337041, 37.46801703429141], [127.1314130714692, 37.46805377673134], [127.13148496594148, 37.468073781042484], [127.13150809507135, 37.468080909567306], [127.13195358702013, 37.46821057759191], [127.13211929052628, 37.46826089579897], [127.13230233349563, 37.46831699704402], [127.13230364162825, 37.46831519359019], [127.13232766821868, 37.4682770382206], [127.13213208283833, 37.46822851956525], [127.13211498170521, 37.468223893485714], [127.13208048270465, 37.46821487039534]]]}}, {"type": "Feature", "properties": {"facility_layer": "UPIS_C_UQ153", "urban_facility": "공공공지시설 기타", "urban_facility_landuse": "기타", "urban_facility_source": "도시계획 시설정보"}, "geometry": {"type": "Polygon", "coordinates": [[[127.13208048270465, 37.46821487039534], [127.13206389650178, 37.468210079084486], [127.13204478279069, 37.46820491137247], [127.13203210367682, 37.46820089497858], [127.13202846915034, 37.46819984505938], [127.13197706385911, 37.46818356663466], [127.13197330541894, 37.46818226928741], [127.1319591172299, 37.46817777484869], [127.13193872705962, 37.468170333439936], [127.1319263007609, 37.4681660440946], [127.13190124854373, 37.4681566556129], [127.13187442016093, 37.46814686455371], [127.13179507219002, 37.4681159438249], [127.13173102948197, 37.46809099272218], [127.13164794561298, 37.46805861806476], [127.1316470990723, 37.46805829093388], [127.13159518254398, 37.46803777392951], [127.13101427614484, 37.46781143011141], [127.1310931522972, 37.46786194398721], [127.13118170250684, 37.46791767301362], [127.13125043792132, 37.4679609268146], [127.13133885337041, 37.46801703429141], [127.1314130714692, 37.46805377673134], [127.13148496594148, 37.468073781042484], [127.13150809507135, 37.468080909567306], [127.13195358702013, 37.46821057759191], [127.13211929052628, 37.46826089579897], [127.13230233349563, 37.46831699704402], [127.13230364162825, 37.46831519359019], [127.13232766821868, 37.4682770382206], [127.13213208283833, 37.46822851956525], [127.13211498170521, 37.468223893485714], [127.13208048270465, 37.46821487039534]]]}}, {"type": "Feature", "properties": {"facility_layer": "UPIS_C_UQ153", "urban_facility": "공공공지시설 기타", "urban_facility_landuse": "기타", "urban_facility_source": "도시계획 시설정보"}, "geometry": {"type": "Polygon", "coordinates": [[[127.13208048270465, 37.46821487039534], [127.13206389650178, 37.468210079084486], [127.13204478279069, 37.46820491137247], [127.13203210367682, 37.46820089497858], [127.13202846915034, 37.46819984505938], [127.13197706385911, 37.46818356663466], [127.13197330541894, 37.46818226928741], [127.1319591172299, 37.46817777484869], [127.13193872705962, 37.468170333439936], [127.1319263007609, 37.4681660440946], [127.13190124854373, 37.4681566556129], [127.13187442016093, 37.46814686455371], [127.13179507219002, 37.4681159438249], [127.13173102948197, 37.46809099272218], [127.13164794561298, 37.46805861806476], [127.1316470990723, 37.46805829093388], [127.13159518254398, 37.46803777392951], [127.13101427614484, 37.46781143011141], [127.1310931522972, 37.46786194398721], [127.13118170250684, 37.46791767301362], [127.13125043792132, 37.4679609268146], [127.13133885337041, 37.46801703429141], [127.1314130714692, 37.46805377673134], [127.13148496594148, 37.468073781042484], [127.13150809507135, 37.468080909567306], [127.13195358702013, 37.46821057759191], [127.13211929052628, 37.46826089579897], [127.13230233349563, 37.46831699704402], [127.13230364162825, 37.46831519359019], [127.13232766821868, 37.4682770382206], [127.13213208283833, 37.46822851956525], [127.13211498170521, 37.468223893485714], [127.13208048270465, 37.46821487039534]]]}}, {"type": "Feature", "properties": {"facility_layer": "UPIS_C_UQ153", "urban_facility": "공공공지시설 기타", "urban_facility_landuse": "기타", "urban_facility_source": "도시계획 시설정보"}, "geometry": {"type": "Polygon", "coordinates": [[[127.13208048270465, 37.46821487039534], [127.13206389650178, 37.468210079084486], [127.13204478279069, 37.46820491137247], [127.13203210367682, 37.46820089497858], [127.13202846915034, 37.46819984505938], [127.13197706385911, 37.46818356663466], [127.13197330541894, 37.46818226928741], [127.1319591172299, 37.46817777484869], [127.13193872705962, 37.468170333439936], [127.1319263007609, 37.4681660440946], [127.13190124854373, 37.4681566556129], [127.13187442016093, 37.46814686455371], [127.13179507219002, 37.4681159438249], [127.13173102948197, 37.46809099272218], [127.13164794561298, 37.46805861806476], [127.1316470990723, 37.46805829093388], [127.13159518254398, 37.46803777392951], [127.13101427614484, 37.46781143011141], [127.1310931522972, 37.46786194398721], [127.13118170250684, 37.46791767301362], [127.13125043792132, 37.4679609268146], [127.13133885337041, 37.46801703429141], [127.1314130714692, 37.46805377673134], [127.13148496594148, 37.468073781042484], [127.13150809507135, 37.468080909567306], [127.13195358702013, 37.46821057759191], [127.13211929052628, 37.46826089579897], [127.13230233349563, 37.46831699704402], [127.13230364162825, 37.46831519359019], [127.13232766821868, 37.4682770382206], [127.13213208283833, 37.46822851956525], [127.13211498170521, 37.468223893485714], [127.13208048270465, 37.46821487039534]]]}}, {"type": "Feature", "properties": {"facility_layer": "UPIS_C_UQ153", "urban_facility": "공공공지시설 기타", "urban_facility_landuse": "기타", "urban_facility_source": "도시계획 시설정보"}, "geometry": {"type": "Polygon", "coordinates": [[[127.13208048270465, 37.46821487039534], [127.13206389650178, 37.468210079084486], [127.13204478279069, 37.46820491137247], [127.13203210367682, 37.46820089497858], [127.13202846915034, 37.46819984505938], [127.13197706385911, 37.46818356663466], [127.13197330541894, 37.46818226928741], [127.1319591172299, 37.46817777484869], [127.13193872705962, 37.468170333439936], [127.1319263007609, 37.4681660440946], [127.13190124854373, 37.4681566556129], [127.13187442016093, 37.46814686455371], [127.13179507219002, 37.4681159438249], [127.13173102948197, 37.46809099272218], [127.13164794561298, 37.46805861806476], [127.1316470990723, 37.46805829093388], [127.13159518254398, 37.46803777392951], [127.13101427614484, 37.46781143011141], [127.1310931522972, 37.46786194398721], [127.13118170250684, 37.46791767301362], [127.13125043792132, 37.4679609268146], [127.13133885337041, 37.46801703429141], [127.1314130714692, 37.46805377673134], [127.13148496594148, 37.468073781042484], [127.13150809507135, 37.468080909567306], [127.13195358702013, 37.46821057759191], [127.13211929052628, 37.46826089579897], [127.13230233349563, 37.46831699704402], [127.13230364162825, 37.46831519359019], [127.13232766821868, 37.4682770382206], [127.13213208283833, 37.46822851956525], [127.13211498170521, 37.468223893485714], [127.13208048270465, 37.46821487039534]]]}}, {"type": "Feature", "properties": {"facility_layer": "UPIS_C_UQ153", "urban_facility": "공공공지시설 기타", "urban_facility_landuse": "기타", "urban_facility_source": "도시계획 시설정보"}, "geometry": {"type": "Polygon", "coordinates": [[[127.13208048270465, 37.46821487039534], [127.13206389650178, 37.468210079084486], [127.13204478279069, 37.46820491137247], [127.13203210367682, 37.46820089497858], [127.13202846915034, 37.46819984505938], [127.13197706385911, 37.46818356663466], [127.13197330541894, 37.46818226928741], [127.1319591172299, 37.46817777484869], [127.13193872705962, 37.468170333439936], [127.1319263007609, 37.4681660440946], [127.13190124854373, 37.4681566556129], [127.13187442016093, 37.46814686455371], [127.13179507219002, 37.4681159438249], [127.13173102948197, 37.46809099272218], [127.13164794561298, 37.46805861806476], [127.1316470990723, 37.46805829093388], [127.13159518254398, 37.46803777392951], [127.13101427614484, 37.46781143011141], [127.1310931522972, 37.46786194398721], [127.13118170250684, 37.46791767301362], [127.13125043792132, 37.4679609268146], [127.13133885337041, 37.46801703429141], [127.1314130714692, 37.46805377673134], [127.13148496594148, 37.468073781042484], [127.13150809507135, 37.468080909567306], [127.13195358702013, 37.46821057759191], [127.13211929052628, 37.46826089579897], [127.13230233349563, 37.46831699704402], [127.13230364162825, 37.46831519359019], [127.13232766821868, 37.4682770382206], [127.13213208283833, 37.46822851956525], [127.13211498170521, 37.468223893485714], [127.13208048270465, 37.46821487039534]]]}}, {"type": "Feature", "properties": {"facility_layer": "UPIS_C_UQ151", "urban_facility": "소로2류", "urban_facility_landuse": "기타", "urban_facility_source": "도시계획 시설정보"}, "geometry": {"type": "Polygon", "coordinates": [[[127.1298215928138, 37.46838869728891], [127.12988547673244, 37.46837807716514], [127.12994886021716, 37.46836568257468], [127.13001166416602, 37.468351531624386], [127.1300737981578, 37.46833563342359], [127.1301352057146, 37.46831801506487], [127.1301957964465, 37.46829870367791], [127.13025551382972, 37.46827769932546], [127.13031426752121, 37.46825505616752], [127.13037198969373, 37.46823077427948], [127.13042860130896, 37.46820490780922], [127.13048405717923, 37.46817747482768], [127.13053826694741, 37.468148520485286], [127.1305911741225, 37.46811806286551], [127.13064271095612, 37.46808614709426], [127.13074169933658, 37.46802632941509], [127.130778297978, 37.46799782670017], [127.1308139005038, 37.467968550200986], [127.13084848430606, 37.46793849994319], [127.13099437554123, 37.467808217315884], [127.13091657094405, 37.46779563443259], [127.13085846277725, 37.467785850081796], [127.13072799830424, 37.46776329653365], [127.13067223089145, 37.46781310187978], [127.13063982538485, 37.467841194529754], [127.13060641248111, 37.46786852241853], [127.13057200343769, 37.467895058502826], [127.13053663212027, 37.46792077571478], [127.13050033241, 37.467945655996445], [127.13048941423067, 37.467953119208616], [127.13044465178784, 37.46798034230685], [127.13039874545645, 37.46800631424127], [127.13035175174221, 37.46803102593889], [127.13030371578532, 37.46805443229911], [127.13025469407646, 37.46807651523902], [127.13020476568393, 37.4680972386312], [127.13015396449084, 37.46811658441757], [127.1301023582773, 37.46813452549321], [127.13005000353492, 37.4681510437755], [127.12999697936374, 37.46816612115744], [127.12994333095176, 37.468179739568974], [127.12988913738383, 37.468191871893254], [127.12983444389455, 37.468202527090405], [127.12977931824966, 37.46821166904611], [127.12801754257418, 37.468478886470166], [127.12711730285729, 37.46861241129612], [127.1269205229271, 37.468640938805265], [127.12683166985099, 37.46858523394229], [127.12685486187381, 37.46889427140641], [127.12692452435893, 37.4688235138134], [127.1271577631503, 37.468789703703386], [127.12805980183406, 37.4686559153545], [127.1298215928138, 37.46838869728891]]]}}, {"type": "Feature", "properties": {"facility_layer": "UPIS_C_UQ153", "urban_facility": "공공공지시설 기타", "urban_facility_landuse": "기타", "urban_facility_source": "도시계획 시설정보"}, "geometry": {"type": "Polygon", "coordinates": [[[127.12696690471287, 37.46881736904054], [127.12692452435893, 37.4688235138134], [127.12685634020619, 37.46889276516339], [127.12685705532424, 37.46890130591343], [127.12685715933308, 37.46890266631764], [127.1268576209763, 37.46890834214694], [127.12687398931992, 37.46911137481851], [127.12687773999632, 37.46918445119054], [127.12688496373809, 37.46921173490688], [127.12689530473682, 37.46935246059629], [127.12692442168782, 37.469750051292905], [127.12692876015045, 37.469816288419814], [127.12693330393482, 37.469876858019916], [127.12694653660294, 37.47001613000519], [127.12696820189689, 37.470283641772895], [127.12697008273985, 37.47034033988167], [127.12697333023452, 37.470355743581656], [127.12697724452327, 37.47037104746325], [127.126981814287, 37.47038624252842], [127.12698705077028, 37.47040129272502], [127.12699294265401, 37.47041618905498], [127.12699947860403, 37.47043091351018], [127.12700664728621, 37.47044544808243], [127.12701444868571, 37.4704597837617], [127.12702286013388, 37.47047388453178], [127.12703188163093, 37.47048775039254], [127.12704150184258, 37.47050136333586], [127.12705170941949, 37.47051469634352], [127.12706249304237, 37.47052774041742], [127.1270738413618, 37.47054046853934], [127.12700176756425, 37.469582067297914], [127.12699161689898, 37.46944714388021], [127.12701420135403, 37.46944627295532], [127.12696690471287, 37.46881736904054]]]}}, {"type": "Feature", "properties": {"facility_layer": "UPIS_C_UQ153", "urban_facility": "공공공지시설 기타", "urban_facility_landuse": "기타", "urban_facility_source": "도시계획 시설정보"}, "geometry": {"type": "Polygon", "coordinates": [[[127.12696690471287, 37.46881736904054], [127.12692452435893, 37.4688235138134], [127.12685634020619, 37.46889276516339], [127.12685705532424, 37.46890130591343], [127.12685715933308, 37.46890266631764], [127.1268576209763, 37.46890834214694], [127.12687398931992, 37.46911137481851], [127.12687773999632, 37.46918445119054], [127.12688496373809, 37.46921173490688], [127.12689530473682, 37.46935246059629], [127.12692442168782, 37.469750051292905], [127.12692876015045, 37.469816288419814], [127.12693330393482, 37.469876858019916], [127.12694653660294, 37.47001613000519], [127.12696820189689, 37.470283641772895], [127.12697008273985, 37.47034033988167], [127.12697333023452, 37.470355743581656], [127.12697724452327, 37.47037104746325], [127.126981814287, 37.47038624252842], [127.12698705077028, 37.47040129272502], [127.12699294265401, 37.47041618905498], [127.12699947860403, 37.47043091351018], [127.12700664728621, 37.47044544808243], [127.12701444868571, 37.4704597837617], [127.12702286013388, 37.47047388453178], [127.12703188163093, 37.47048775039254], [127.12704150184258, 37.47050136333586], [127.12705170941949, 37.47051469634352], [127.12706249304237, 37.47052774041742], [127.1270738413618, 37.47054046853934], [127.12700176756425, 37.469582067297914], [127.12699161689898, 37.46944714388021], [127.12701420135403, 37.46944627295532], [127.12696690471287, 37.46881736904054]]]}}, {"type": "Feature", "properties": {"facility_layer": "UPIS_C_UQ153", "urban_facility": "공공공지시설 기타", "urban_facility_landuse": "기타", "urban_facility_source": "도시계획 시설정보"}, "geometry": {"type": "Polygon", "coordinates": [[[127.12696690471287, 37.46881736904054], [127.12692452435893, 37.4688235138134], [127.12685634020619, 37.46889276516339], [127.12685705532424, 37.46890130591343], [127.12685715933308, 37.46890266631764], [127.1268576209763, 37.46890834214694], [127.12687398931992, 37.46911137481851], [127.12687773999632, 37.46918445119054], [127.12688496373809, 37.46921173490688], [127.12689530473682, 37.46935246059629], [127.12692442168782, 37.469750051292905], [127.12692876015045, 37.469816288419814], [127.12693330393482, 37.469876858019916], [127.12694653660294, 37.47001613000519], [127.12696820189689, 37.470283641772895], [127.12697008273985, 37.47034033988167], [127.12697333023452, 37.470355743581656], [127.12697724452327, 37.47037104746325], [127.126981814287, 37.47038624252842], [127.12698705077028, 37.47040129272502], [127.12699294265401, 37.47041618905498], [127.12699947860403, 37.47043091351018], [127.12700664728621, 37.47044544808243], [127.12701444868571, 37.4704597837617], [127.12702286013388, 37.47047388453178], [127.12703188163093, 37.47048775039254], [127.12704150184258, 37.47050136333586], [127.12705170941949, 37.47051469634352], [127.12706249304237, 37.47052774041742], [127.1270738413618, 37.47054046853934], [127.12700176756425, 37.469582067297914], [127.12699161689898, 37.46944714388021], [127.12701420135403, 37.46944627295532], [127.12696690471287, 37.46881736904054]]]}}, {"type": "Feature", "properties": {"facility_layer": "UPIS_C_UQ153", "urban_facility": "공공공지시설 기타", "urban_facility_landuse": "기타", "urban_facility_source": "도시계획 시설정보"}, "geometry": {"type": "Polygon", "coordinates": [[[127.12696690471287, 37.46881736904054], [127.12692452435893, 37.4688235138134], [127.12685634020619, 37.46889276516339], [127.12685705532424, 37.46890130591343], [127.12685715933308, 37.46890266631764], [127.1268576209763, 37.46890834214694], [127.12687398931992, 37.46911137481851], [127.12687773999632, 37.46918445119054], [127.12688496373809, 37.46921173490688], [127.12689530473682, 37.46935246059629], [127.12692442168782, 37.469750051292905], [127.12692876015045, 37.469816288419814], [127.12693330393482, 37.469876858019916], [127.12694653660294, 37.47001613000519], [127.12696820189689, 37.470283641772895], [127.12697008273985, 37.47034033988167], [127.12697333023452, 37.470355743581656], [127.12697724452327, 37.47037104746325], [127.126981814287, 37.47038624252842], [127.12698705077028, 37.47040129272502], [127.12699294265401, 37.47041618905498], [127.12699947860403, 37.47043091351018], [127.12700664728621, 37.47044544808243], [127.12701444868571, 37.4704597837617], [127.12702286013388, 37.47047388453178], [127.12703188163093, 37.47048775039254], [127.12704150184258, 37.47050136333586], [127.12705170941949, 37.47051469634352], [127.12706249304237, 37.47052774041742], [127.1270738413618, 37.47054046853934], [127.12700176756425, 37.469582067297914], [127.12699161689898, 37.46944714388021], [127.12701420135403, 37.46944627295532], [127.12696690471287, 37.46881736904054]]]}}, {"type": "Feature", "properties": {"facility_layer": "UPIS_C_UQ153", "urban_facility": "공공공지시설 기타", "urban_facility_landuse": "기타", "urban_facility_source": "도시계획 시설정보"}, "geometry": {"type": "Polygon", "coordinates": [[[127.12696690471287, 37.46881736904054], [127.12692452435893, 37.4688235138134], [127.12685634020619, 37.46889276516339], [127.12685705532424, 37.46890130591343], [127.12685715933308, 37.46890266631764], [127.1268576209763, 37.46890834214694], [127.12687398931992, 37.46911137481851], [127.12687773999632, 37.46918445119054], [127.12688496373809, 37.46921173490688], [127.12689530473682, 37.46935246059629], [127.12692442168782, 37.469750051292905], [127.12692876015045, 37.469816288419814], [127.12693330393482, 37.469876858019916], [127.12694653660294, 37.47001613000519], [127.12696820189689, 37.470283641772895], [127.12697008273985, 37.47034033988167], [127.12697333023452, 37.470355743581656], [127.12697724452327, 37.47037104746325], [127.126981814287, 37.47038624252842], [127.12698705077028, 37.47040129272502], [127.12699294265401, 37.47041618905498], [127.12699947860403, 37.47043091351018], [127.12700664728621, 37.47044544808243], [127.12701444868571, 37.4704597837617], [127.12702286013388, 37.47047388453178], [127.12703188163093, 37.47048775039254], [127.12704150184258, 37.47050136333586], [127.12705170941949, 37.47051469634352], [127.12706249304237, 37.47052774041742], [127.1270738413618, 37.47054046853934], [127.12700176756425, 37.469582067297914], [127.12699161689898, 37.46944714388021], [127.12701420135403, 37.46944627295532], [127.12696690471287, 37.46881736904054]]]}}, {"type": "Feature", "properties": {"facility_layer": "UPIS_C_UQ153", "urban_facility": "공공공지시설 기타", "urban_facility_landuse": "기타", "urban_facility_source": "도시계획 시설정보"}, "geometry": {"type": "Polygon", "coordinates": [[[127.12696690471287, 37.46881736904054], [127.12692452435893, 37.4688235138134], [127.12685634020619, 37.46889276516339], [127.12685705532424, 37.46890130591343], [127.12685715933308, 37.46890266631764], [127.1268576209763, 37.46890834214694], [127.12687398931992, 37.46911137481851], [127.12687773999632, 37.46918445119054], [127.12688496373809, 37.46921173490688], [127.12689530473682, 37.46935246059629], [127.12692442168782, 37.469750051292905], [127.12692876015045, 37.469816288419814], [127.12693330393482, 37.469876858019916], [127.12694653660294, 37.47001613000519], [127.12696820189689, 37.470283641772895], [127.12697008273985, 37.47034033988167], [127.12697333023452, 37.470355743581656], [127.12697724452327, 37.47037104746325], [127.126981814287, 37.47038624252842], [127.12698705077028, 37.47040129272502], [127.12699294265401, 37.47041618905498], [127.12699947860403, 37.47043091351018], [127.12700664728621, 37.47044544808243], [127.12701444868571, 37.4704597837617], [127.12702286013388, 37.47047388453178], [127.12703188163093, 37.47048775039254], [127.12704150184258, 37.47050136333586], [127.12705170941949, 37.47051469634352], [127.12706249304237, 37.47052774041742], [127.1270738413618, 37.47054046853934], [127.12700176756425, 37.469582067297914], [127.12699161689898, 37.46944714388021], [127.12701420135403, 37.46944627295532], [127.12696690471287, 37.46881736904054]]]}}, {"type": "Feature", "properties": {"facility_layer": "UPIS_C_UQ153", "urban_facility": "공공공지시설 기타", "urban_facility_landuse": "기타", "urban_facility_source": "도시계획 시설정보"}, "geometry": {"type": "Polygon", "coordinates": [[[127.12696690471287, 37.46881736904054], [127.12692452435893, 37.4688235138134], [127.12685634020619, 37.46889276516339], [127.12685705532424, 37.46890130591343], [127.12685715933308, 37.46890266631764], [127.1268576209763, 37.46890834214694], [127.12687398931992, 37.46911137481851], [127.12687773999632, 37.46918445119054], [127.12688496373809, 37.46921173490688], [127.12689530473682, 37.46935246059629], [127.12692442168782, 37.469750051292905], [127.12692876015045, 37.469816288419814], [127.12693330393482, 37.469876858019916], [127.12694653660294, 37.47001613000519], [127.12696820189689, 37.470283641772895], [127.12697008273985, 37.47034033988167], [127.12697333023452, 37.470355743581656], [127.12697724452327, 37.47037104746325], [127.126981814287, 37.47038624252842], [127.12698705077028, 37.47040129272502], [127.12699294265401, 37.47041618905498], [127.12699947860403, 37.47043091351018], [127.12700664728621, 37.47044544808243], [127.12701444868571, 37.4704597837617], [127.12702286013388, 37.47047388453178], [127.12703188163093, 37.47048775039254], [127.12704150184258, 37.47050136333586], [127.12705170941949, 37.47051469634352], [127.12706249304237, 37.47052774041742], [127.1270738413618, 37.47054046853934], [127.12700176756425, 37.469582067297914], [127.12699161689898, 37.46944714388021], [127.12701420135403, 37.46944627295532], [127.12696690471287, 37.46881736904054]]]}}, {"type": "Feature", "properties": {"facility_layer": "UPIS_C_UQ153", "urban_facility": "공공공지시설 기타", "urban_facility_landuse": "기타", "urban_facility_source": "도시계획 시설정보"}, "geometry": {"type": "Polygon", "coordinates": [[[127.12696690471287, 37.46881736904054], [127.12692452435893, 37.4688235138134], [127.12685634020619, 37.46889276516339], [127.12685705532424, 37.46890130591343], [127.12685715933308, 37.46890266631764], [127.1268576209763, 37.46890834214694], [127.12687398931992, 37.46911137481851], [127.12687773999632, 37.46918445119054], [127.12688496373809, 37.46921173490688], [127.12689530473682, 37.46935246059629], [127.12692442168782, 37.469750051292905], [127.12692876015045, 37.469816288419814], [127.12693330393482, 37.469876858019916], [127.12694653660294, 37.47001613000519], [127.12696820189689, 37.470283641772895], [127.12697008273985, 37.47034033988167], [127.12697333023452, 37.470355743581656], [127.12697724452327, 37.47037104746325], [127.126981814287, 37.47038624252842], [127.12698705077028, 37.47040129272502], [127.12699294265401, 37.47041618905498], [127.12699947860403, 37.47043091351018], [127.12700664728621, 37.47044544808243], [127.12701444868571, 37.4704597837617], [127.12702286013388, 37.47047388453178], [127.12703188163093, 37.47048775039254], [127.12704150184258, 37.47050136333586], [127.12705170941949, 37.47051469634352], [127.12706249304237, 37.47052774041742], [127.1270738413618, 37.47054046853934], [127.12700176756425, 37.469582067297914], [127.12699161689898, 37.46944714388021], [127.12701420135403, 37.46944627295532], [127.12696690471287, 37.46881736904054]]]}}, {"type": "Feature", "properties": {"facility_layer": "UPIS_C_UQ153", "urban_facility": "공공공지시설 기타", "urban_facility_landuse": "기타", "urban_facility_source": "도시계획 시설정보"}, "geometry": {"type": "Polygon", "coordinates": [[[127.12696690471287, 37.46881736904054], [127.12692452435893, 37.4688235138134], [127.12685634020619, 37.46889276516339], [127.12685705532424, 37.46890130591343], [127.12685715933308, 37.46890266631764], [127.1268576209763, 37.46890834214694], [127.12687398931992, 37.46911137481851], [127.12687773999632, 37.46918445119054], [127.12688496373809, 37.46921173490688], [127.12689530473682, 37.46935246059629], [127.12692442168782, 37.469750051292905], [127.12692876015045, 37.469816288419814], [127.12693330393482, 37.469876858019916], [127.12694653660294, 37.47001613000519], [127.12696820189689, 37.470283641772895], [127.12697008273985, 37.47034033988167], [127.12697333023452, 37.470355743581656], [127.12697724452327, 37.47037104746325], [127.126981814287, 37.47038624252842], [127.12698705077028, 37.47040129272502], [127.12699294265401, 37.47041618905498], [127.12699947860403, 37.47043091351018], [127.12700664728621, 37.47044544808243], [127.12701444868571, 37.4704597837617], [127.12702286013388, 37.47047388453178], [127.12703188163093, 37.47048775039254], [127.12704150184258, 37.47050136333586], [127.12705170941949, 37.47051469634352], [127.12706249304237, 37.47052774041742], [127.1270738413618, 37.47054046853934], [127.12700176756425, 37.469582067297914], [127.12699161689898, 37.46944714388021], [127.12701420135403, 37.46944627295532], [127.12696690471287, 37.46881736904054]]]}}, {"type": "Feature", "properties": {"facility_layer": "UPIS_C_UQ153", "urban_facility": "공공공지시설 기타", "urban_facility_landuse": "기타", "urban_facility_source": "도시계획 시설정보"}, "geometry": {"type": "Polygon", "coordinates": [[[127.13208048270465, 37.46821487039534], [127.13206389650178, 37.468210079084486], [127.13204478279069, 37.46820491137247], [127.13203210367682, 37.46820089497858], [127.13202846915034, 37.46819984505938], [127.13197706385911, 37.46818356663466], [127.13197330541894, 37.46818226928741], [127.1319591172299, 37.46817777484869], [127.13193872705962, 37.468170333439936], [127.1319263007609, 37.4681660440946], [127.13190124854373, 37.4681566556129], [127.13187442016093, 37.46814686455371], [127.13179507219002, 37.4681159438249], [127.13173102948197, 37.46809099272218], [127.13164794561298, 37.46805861806476], [127.1316470990723, 37.46805829093388], [127.13159518254398, 37.46803777392951], [127.13101427614484, 37.46781143011141], [127.1310931522972, 37.46786194398721], [127.13118170250684, 37.46791767301362], [127.13125043792132, 37.4679609268146], [127.13133885337041, 37.46801703429141], [127.1314130714692, 37.46805377673134], [127.13148496594148, 37.468073781042484], [127.13150809507135, 37.468080909567306], [127.13195358702013, 37.46821057759191], [127.13211929052628, 37.46826089579897], [127.13230233349563, 37.46831699704402], [127.13230364162825, 37.46831519359019], [127.13232766821868, 37.4682770382206], [127.13213208283833, 37.46822851956525], [127.13211498170521, 37.468223893485714], [127.13208048270465, 37.46821487039534]]]}}, {"type": "Feature", "properties": {"facility_layer": "UPIS_C_UQ153", "urban_facility": "공공공지시설 기타", "urban_facility_landuse": "기타", "urban_facility_source": "도시계획 시설정보"}, "geometry": {"type": "Polygon", "coordinates": [[[127.13208048270465, 37.46821487039534], [127.13206389650178, 37.468210079084486], [127.13204478279069, 37.46820491137247], [127.13203210367682, 37.46820089497858], [127.13202846915034, 37.46819984505938], [127.13197706385911, 37.46818356663466], [127.13197330541894, 37.46818226928741], [127.1319591172299, 37.46817777484869], [127.13193872705962, 37.468170333439936], [127.1319263007609, 37.4681660440946], [127.13190124854373, 37.4681566556129], [127.13187442016093, 37.46814686455371], [127.13179507219002, 37.4681159438249], [127.13173102948197, 37.46809099272218], [127.13164794561298, 37.46805861806476], [127.1316470990723, 37.46805829093388], [127.13159518254398, 37.46803777392951], [127.13101427614484, 37.46781143011141], [127.1310931522972, 37.46786194398721], [127.13118170250684, 37.46791767301362], [127.13125043792132, 37.4679609268146], [127.13133885337041, 37.46801703429141], [127.1314130714692, 37.46805377673134], [127.13148496594148, 37.468073781042484], [127.13150809507135, 37.468080909567306], [127.13195358702013, 37.46821057759191], [127.13211929052628, 37.46826089579897], [127.13230233349563, 37.46831699704402], [127.13230364162825, 37.46831519359019], [127.13232766821868, 37.4682770382206], [127.13213208283833, 37.46822851956525], [127.13211498170521, 37.468223893485714], [127.13208048270465, 37.46821487039534]]]}}, {"type": "Feature", "properties": {"facility_layer": "UPIS_C_UQ153", "urban_facility": "공공공지시설 기타", "urban_facility_landuse": "기타", "urban_facility_source": "도시계획 시설정보"}, "geometry": {"type": "Polygon", "coordinates": [[[127.13208048270465, 37.46821487039534], [127.13206389650178, 37.468210079084486], [127.13204478279069, 37.46820491137247], [127.13203210367682, 37.46820089497858], [127.13202846915034, 37.46819984505938], [127.13197706385911, 37.46818356663466], [127.13197330541894, 37.46818226928741], [127.1319591172299, 37.46817777484869], [127.13193872705962, 37.468170333439936], [127.1319263007609, 37.4681660440946], [127.13190124854373, 37.4681566556129], [127.13187442016093, 37.46814686455371], [127.13179507219002, 37.4681159438249], [127.13173102948197, 37.46809099272218], [127.13164794561298, 37.46805861806476], [127.1316470990723, 37.46805829093388], [127.13159518254398, 37.46803777392951], [127.13101427614484, 37.46781143011141], [127.1310931522972, 37.46786194398721], [127.13118170250684, 37.46791767301362], [127.13125043792132, 37.4679609268146], [127.13133885337041, 37.46801703429141], [127.1314130714692, 37.46805377673134], [127.13148496594148, 37.468073781042484], [127.13150809507135, 37.468080909567306], [127.13195358702013, 37.46821057759191], [127.13211929052628, 37.46826089579897], [127.13230233349563, 37.46831699704402], [127.13230364162825, 37.46831519359019], [127.13232766821868, 37.4682770382206], [127.13213208283833, 37.46822851956525], [127.13211498170521, 37.468223893485714], [127.13208048270465, 37.46821487039534]]]}}, {"type": "Feature", "properties": {"facility_layer": "UPIS_C_UQ152", "urban_facility": "공영차고지", "urban_facility_landuse": "도로/교통시설", "urban_facility_source": "도시계획 시설정보"}, "geometry": {"type": "Polygon", "coordinates": [[[127.13104072289043, 37.469879211972426], [127.13111348219049, 37.469822981705484], [127.13118400006715, 37.46976497887717], [127.13125223138135, 37.469705248591126], [127.13131809712867, 37.46964386301833], [127.13138152957853, 37.469580876297215], [127.13144248360953, 37.46951634254145], [127.13150871662415, 37.469445279685964], [127.13157223378315, 37.46937265203647], [127.13163295608588, 37.469298531764586], [127.13169083841396, 37.46922297298442], [127.13174583569653, 37.46914605683999], [127.13179789154368, 37.46906785547773], [127.1319726439227, 37.468795046226504], [127.13203369787263, 37.468710617901735], [127.13209747823355, 37.46862748397603], [127.1321987997536, 37.46846659699555], [127.13221958092544, 37.46843655259205], [127.13205860357294, 37.46838709426969], [127.13201383832183, 37.46837350252554], [127.13199174002209, 37.468419730362015], [127.13184831313482, 37.46838042469861], [127.1315753168835, 37.46828775997048], [127.13130231000049, 37.468195094621386], [127.13128678228345, 37.46819091299947], [127.13114522182077, 37.46811913227982], [127.13097411274839, 37.468001405574604], [127.13099985244986, 37.46797541947492], [127.13098758556471, 37.46796770230835], [127.13094027116514, 37.46793740835121], [127.13088198258029, 37.467927948571024], [127.13086374387356, 37.46792486908476], [127.13084848430606, 37.46793849994319], [127.1308139005038, 37.467968550200986], [127.130778297978, 37.46799782670017], [127.13074169933658, 37.46802632941509], [127.13064271095612, 37.46808614709426], [127.1305911741225, 37.46811806286551], [127.13053826694741, 37.468148520485286], [127.13048405717923, 37.46817747482768], [127.13042860130896, 37.46820490780922], [127.13037198969373, 37.46823077427948], [127.13031426752121, 37.46825505616752], [127.13025551382972, 37.46827769932546], [127.1301957964465, 37.46829870367791], [127.1301352057146, 37.46831801506487], [127.1300737981578, 37.46833563342359], [127.13001166416602, 37.468351531624386], [127.12994886021716, 37.46836568257468], [127.12988547673244, 37.46837807716514], [127.1298215928138, 37.46838869728891], [127.12942000538885, 37.46844960794723], [127.129472162502, 37.469159253526286], [127.12851511082368, 37.4694115125755], [127.12849589432751, 37.46941194768693], [127.12850115623866, 37.46959560246388], [127.12850844035643, 37.4698319547186], [127.12852879978163, 37.47052703847482], [127.12853055048892, 37.47070656138681], [127.12855740906421, 37.47070609102409], [127.1286131383562, 37.47070512108617], [127.12872915003979, 37.47070165353555], [127.12884496466205, 37.47069531188473], [127.12896048046994, 37.470686096243995], [127.12907557311694, 37.4706740157585], [127.1291901408656, 37.47065907954943], [127.12930407068968, 37.47064130576055], [127.12941723825885, 37.4706207125483], [127.12952956446088, 37.47059731802063], [127.12959110831936, 37.470585547309994], [127.12974402453688, 37.4705465302428], [127.12977806509409, 37.470535014525915], [127.13028546712472, 37.47031268989629], [127.13038980525481, 37.47026578708225], [127.1304921603794, 37.47021620135184], [127.13059245343858, 37.47016397784668], [127.130690548898, 37.47010918880029], [127.13078634507559, 37.47005187036948], [127.13087976297643, 37.46999210373644], [127.13096581249278, 37.46993360650475], [127.13104072289043, 37.469879211972426]]]}}, {"type": "Feature", "properties": {"facility_layer": "UPIS_C_UQ152", "urban_facility": "공영차고지", "urban_facility_landuse": "도로/교통시설", "urban_facility_source": "도시계획 시설정보"}, "geometry": {"type": "Polygon", "coordinates": [[[127.13104072289043, 37.469879211972426], [127.13111348219049, 37.469822981705484], [127.13118400006715, 37.46976497887717], [127.13125223138135, 37.469705248591126], [127.13131809712867, 37.46964386301833], [127.13138152957853, 37.469580876297215], [127.13144248360953, 37.46951634254145], [127.13150871662415, 37.469445279685964], [127.13157223378315, 37.46937265203647], [127.13163295608588, 37.469298531764586], [127.13169083841396, 37.46922297298442], [127.13174583569653, 37.46914605683999], [127.13179789154368, 37.46906785547773], [127.1319726439227, 37.468795046226504], [127.13203369787263, 37.468710617901735], [127.13209747823355, 37.46862748397603], [127.1321987997536, 37.46846659699555], [127.13221958092544, 37.46843655259205], [127.13205860357294, 37.46838709426969], [127.13201383832183, 37.46837350252554], [127.13199174002209, 37.468419730362015], [127.13184831313482, 37.46838042469861], [127.1315753168835, 37.46828775997048], [127.13130231000049, 37.468195094621386], [127.13128678228345, 37.46819091299947], [127.13114522182077, 37.46811913227982], [127.13097411274839, 37.468001405574604], [127.13099985244986, 37.46797541947492], [127.13098758556471, 37.46796770230835], [127.13094027116514, 37.46793740835121], [127.13088198258029, 37.467927948571024], [127.13086374387356, 37.46792486908476], [127.13084848430606, 37.46793849994319], [127.1308139005038, 37.467968550200986], [127.130778297978, 37.46799782670017], [127.13074169933658, 37.46802632941509], [127.13064271095612, 37.46808614709426], [127.1305911741225, 37.46811806286551], [127.13053826694741, 37.468148520485286], [127.13048405717923, 37.46817747482768], [127.13042860130896, 37.46820490780922], [127.13037198969373, 37.46823077427948], [127.13031426752121, 37.46825505616752], [127.13025551382972, 37.46827769932546], [127.1301957964465, 37.46829870367791], [127.1301352057146, 37.46831801506487], [127.1300737981578, 37.46833563342359], [127.13001166416602, 37.468351531624386], [127.12994886021716, 37.46836568257468], [127.12988547673244, 37.46837807716514], [127.1298215928138, 37.46838869728891], [127.12942000538885, 37.46844960794723], [127.129472162502, 37.469159253526286], [127.12851511082368, 37.4694115125755], [127.12849589432751, 37.46941194768693], [127.12850115623866, 37.46959560246388], [127.12850844035643, 37.4698319547186], [127.12852879978163, 37.47052703847482], [127.12853055048892, 37.47070656138681], [127.12855740906421, 37.47070609102409], [127.1286131383562, 37.47070512108617], [127.12872915003979, 37.47070165353555], [127.12884496466205, 37.47069531188473], [127.12896048046994, 37.470686096243995], [127.12907557311694, 37.4706740157585], [127.1291901408656, 37.47065907954943], [127.12930407068968, 37.47064130576055], [127.12941723825885, 37.4706207125483], [127.12952956446088, 37.47059731802063], [127.12959110831936, 37.470585547309994], [127.12974402453688, 37.4705465302428], [127.12977806509409, 37.470535014525915], [127.13028546712472, 37.47031268989629], [127.13038980525481, 37.47026578708225], [127.1304921603794, 37.47021620135184], [127.13059245343858, 37.47016397784668], [127.130690548898, 37.47010918880029], [127.13078634507559, 37.47005187036948], [127.13087976297643, 37.46999210373644], [127.13096581249278, 37.46993360650475], [127.13104072289043, 37.469879211972426]]]}}, {"type": "Feature", "properties": {"facility_layer": "UPIS_C_UQ152", "urban_facility": "공영차고지", "urban_facility_landuse": "도로/교통시설", "urban_facility_source": "도시계획 시설정보"}, "geometry": {"type": "Polygon", "coordinates": [[[127.13104072289043, 37.469879211972426], [127.13111348219049, 37.469822981705484], [127.13118400006715, 37.46976497887717], [127.13125223138135, 37.469705248591126], [127.13131809712867, 37.46964386301833], [127.13138152957853, 37.469580876297215], [127.13144248360953, 37.46951634254145], [127.13150871662415, 37.469445279685964], [127.13157223378315, 37.46937265203647], [127.13163295608588, 37.469298531764586], [127.13169083841396, 37.46922297298442], [127.13174583569653, 37.46914605683999], [127.13179789154368, 37.46906785547773], [127.1319726439227, 37.468795046226504], [127.13203369787263, 37.468710617901735], [127.13209747823355, 37.46862748397603], [127.1321987997536, 37.46846659699555], [127.13221958092544, 37.46843655259205], [127.13205860357294, 37.46838709426969], [127.13201383832183, 37.46837350252554], [127.13199174002209, 37.468419730362015], [127.13184831313482, 37.46838042469861], [127.1315753168835, 37.46828775997048], [127.13130231000049, 37.468195094621386], [127.13128678228345, 37.46819091299947], [127.13114522182077, 37.46811913227982], [127.13097411274839, 37.468001405574604], [127.13099985244986, 37.46797541947492], [127.13098758556471, 37.46796770230835], [127.13094027116514, 37.46793740835121], [127.13088198258029, 37.467927948571024], [127.13086374387356, 37.46792486908476], [127.13084848430606, 37.46793849994319], [127.1308139005038, 37.467968550200986], [127.130778297978, 37.46799782670017], [127.13074169933658, 37.46802632941509], [127.13064271095612, 37.46808614709426], [127.1305911741225, 37.46811806286551], [127.13053826694741, 37.468148520485286], [127.13048405717923, 37.46817747482768], [127.13042860130896, 37.46820490780922], [127.13037198969373, 37.46823077427948], [127.13031426752121, 37.46825505616752], [127.13025551382972, 37.46827769932546], [127.1301957964465, 37.46829870367791], [127.1301352057146, 37.46831801506487], [127.1300737981578, 37.46833563342359], [127.13001166416602, 37.468351531624386], [127.12994886021716, 37.46836568257468], [127.12988547673244, 37.46837807716514], [127.1298215928138, 37.46838869728891], [127.12942000538885, 37.46844960794723], [127.129472162502, 37.469159253526286], [127.12851511082368, 37.4694115125755], [127.12849589432751, 37.46941194768693], [127.12850115623866, 37.46959560246388], [127.12850844035643, 37.4698319547186], [127.12852879978163, 37.47052703847482], [127.12853055048892, 37.47070656138681], [127.12855740906421, 37.47070609102409], [127.1286131383562, 37.47070512108617], [127.12872915003979, 37.47070165353555], [127.12884496466205, 37.47069531188473], [127.12896048046994, 37.470686096243995], [127.12907557311694, 37.4706740157585], [127.1291901408656, 37.47065907954943], [127.12930407068968, 37.47064130576055], [127.12941723825885, 37.4706207125483], [127.12952956446088, 37.47059731802063], [127.12959110831936, 37.470585547309994], [127.12974402453688, 37.4705465302428], [127.12977806509409, 37.470535014525915], [127.13028546712472, 37.47031268989629], [127.13038980525481, 37.47026578708225], [127.1304921603794, 37.47021620135184], [127.13059245343858, 37.47016397784668], [127.130690548898, 37.47010918880029], [127.13078634507559, 37.47005187036948], [127.13087976297643, 37.46999210373644], [127.13096581249278, 37.46993360650475], [127.13104072289043, 37.469879211972426]]]}}, {"type": "Feature", "properties": {"facility_layer": "UPIS_C_UQ152", "urban_facility": "공영차고지", "urban_facility_landuse": "도로/교통시설", "urban_facility_source": "도시계획 시설정보"}, "geometry": {"type": "Polygon", "coordinates": [[[127.13104072289043, 37.469879211972426], [127.13111348219049, 37.469822981705484], [127.13118400006715, 37.46976497887717], [127.13125223138135, 37.469705248591126], [127.13131809712867, 37.46964386301833], [127.13138152957853, 37.469580876297215], [127.13144248360953, 37.46951634254145], [127.13150871662415, 37.469445279685964], [127.13157223378315, 37.46937265203647], [127.13163295608588, 37.469298531764586], [127.13169083841396, 37.46922297298442], [127.13174583569653, 37.46914605683999], [127.13179789154368, 37.46906785547773], [127.1319726439227, 37.468795046226504], [127.13203369787263, 37.468710617901735], [127.13209747823355, 37.46862748397603], [127.1321987997536, 37.46846659699555], [127.13221958092544, 37.46843655259205], [127.13205860357294, 37.46838709426969], [127.13201383832183, 37.46837350252554], [127.13199174002209, 37.468419730362015], [127.13184831313482, 37.46838042469861], [127.1315753168835, 37.46828775997048], [127.13130231000049, 37.468195094621386], [127.13128678228345, 37.46819091299947], [127.13114522182077, 37.46811913227982], [127.13097411274839, 37.468001405574604], [127.13099985244986, 37.46797541947492], [127.13098758556471, 37.46796770230835], [127.13094027116514, 37.46793740835121], [127.13088198258029, 37.467927948571024], [127.13086374387356, 37.46792486908476], [127.13084848430606, 37.46793849994319], [127.1308139005038, 37.467968550200986], [127.130778297978, 37.46799782670017], [127.13074169933658, 37.46802632941509], [127.13064271095612, 37.46808614709426], [127.1305911741225, 37.46811806286551], [127.13053826694741, 37.468148520485286], [127.13048405717923, 37.46817747482768], [127.13042860130896, 37.46820490780922], [127.13037198969373, 37.46823077427948], [127.13031426752121, 37.46825505616752], [127.13025551382972, 37.46827769932546], [127.1301957964465, 37.46829870367791], [127.1301352057146, 37.46831801506487], [127.1300737981578, 37.46833563342359], [127.13001166416602, 37.468351531624386], [127.12994886021716, 37.46836568257468], [127.12988547673244, 37.46837807716514], [127.1298215928138, 37.46838869728891], [127.12942000538885, 37.46844960794723], [127.129472162502, 37.469159253526286], [127.12851511082368, 37.4694115125755], [127.12849589432751, 37.46941194768693], [127.12850115623866, 37.46959560246388], [127.12850844035643, 37.4698319547186], [127.12852879978163, 37.47052703847482], [127.12853055048892, 37.47070656138681], [127.12855740906421, 37.47070609102409], [127.1286131383562, 37.47070512108617], [127.12872915003979, 37.47070165353555], [127.12884496466205, 37.47069531188473], [127.12896048046994, 37.470686096243995], [127.12907557311694, 37.4706740157585], [127.1291901408656, 37.47065907954943], [127.12930407068968, 37.47064130576055], [127.12941723825885, 37.4706207125483], [127.12952956446088, 37.47059731802063], [127.12959110831936, 37.470585547309994], [127.12974402453688, 37.4705465302428], [127.12977806509409, 37.470535014525915], [127.13028546712472, 37.47031268989629], [127.13038980525481, 37.47026578708225], [127.1304921603794, 37.47021620135184], [127.13059245343858, 37.47016397784668], [127.130690548898, 37.47010918880029], [127.13078634507559, 37.47005187036948], [127.13087976297643, 37.46999210373644], [127.13096581249278, 37.46993360650475], [127.13104072289043, 37.469879211972426]]]}}, {"type": "Feature", "properties": {"facility_layer": "UPIS_C_UQ152", "urban_facility": "공영차고지", "urban_facility_landuse": "도로/교통시설", "urban_facility_source": "도시계획 시설정보"}, "geometry": {"type": "Polygon", "coordinates": [[[127.13104072289043, 37.469879211972426], [127.13111348219049, 37.469822981705484], [127.13118400006715, 37.46976497887717], [127.13125223138135, 37.469705248591126], [127.13131809712867, 37.46964386301833], [127.13138152957853, 37.469580876297215], [127.13144248360953, 37.46951634254145], [127.13150871662415, 37.469445279685964], [127.13157223378315, 37.46937265203647], [127.13163295608588, 37.469298531764586], [127.13169083841396, 37.46922297298442], [127.13174583569653, 37.46914605683999], [127.13179789154368, 37.46906785547773], [127.1319726439227, 37.468795046226504], [127.13203369787263, 37.468710617901735], [127.13209747823355, 37.46862748397603], [127.1321987997536, 37.46846659699555], [127.13221958092544, 37.46843655259205], [127.13205860357294, 37.46838709426969], [127.13201383832183, 37.46837350252554], [127.13199174002209, 37.468419730362015], [127.13184831313482, 37.46838042469861], [127.1315753168835, 37.46828775997048], [127.13130231000049, 37.468195094621386], [127.13128678228345, 37.46819091299947], [127.13114522182077, 37.46811913227982], [127.13097411274839, 37.468001405574604], [127.13099985244986, 37.46797541947492], [127.13098758556471, 37.46796770230835], [127.13094027116514, 37.46793740835121], [127.13088198258029, 37.467927948571024], [127.13086374387356, 37.46792486908476], [127.13084848430606, 37.46793849994319], [127.1308139005038, 37.467968550200986], [127.130778297978, 37.46799782670017], [127.13074169933658, 37.46802632941509], [127.13064271095612, 37.46808614709426], [127.1305911741225, 37.46811806286551], [127.13053826694741, 37.468148520485286], [127.13048405717923, 37.46817747482768], [127.13042860130896, 37.46820490780922], [127.13037198969373, 37.46823077427948], [127.13031426752121, 37.46825505616752], [127.13025551382972, 37.46827769932546], [127.1301957964465, 37.46829870367791], [127.1301352057146, 37.46831801506487], [127.1300737981578, 37.46833563342359], [127.13001166416602, 37.468351531624386], [127.12994886021716, 37.46836568257468], [127.12988547673244, 37.46837807716514], [127.1298215928138, 37.46838869728891], [127.12942000538885, 37.46844960794723], [127.129472162502, 37.469159253526286], [127.12851511082368, 37.4694115125755], [127.12849589432751, 37.46941194768693], [127.12850115623866, 37.46959560246388], [127.12850844035643, 37.4698319547186], [127.12852879978163, 37.47052703847482], [127.12853055048892, 37.47070656138681], [127.12855740906421, 37.47070609102409], [127.1286131383562, 37.47070512108617], [127.12872915003979, 37.47070165353555], [127.12884496466205, 37.47069531188473], [127.12896048046994, 37.470686096243995], [127.12907557311694, 37.4706740157585], [127.1291901408656, 37.47065907954943], [127.12930407068968, 37.47064130576055], [127.12941723825885, 37.4706207125483], [127.12952956446088, 37.47059731802063], [127.12959110831936, 37.470585547309994], [127.12974402453688, 37.4705465302428], [127.12977806509409, 37.470535014525915], [127.13028546712472, 37.47031268989629], [127.13038980525481, 37.47026578708225], [127.1304921603794, 37.47021620135184], [127.13059245343858, 37.47016397784668], [127.130690548898, 37.47010918880029], [127.13078634507559, 37.47005187036948], [127.13087976297643, 37.46999210373644], [127.13096581249278, 37.46993360650475], [127.13104072289043, 37.469879211972426]]]}}, {"type": "Feature", "properties": {"facility_layer": "UPIS_C_UQ152", "urban_facility": "공영차고지", "urban_facility_landuse": "도로/교통시설", "urban_facility_source": "도시계획 시설정보"}, "geometry": {"type": "Polygon", "coordinates": [[[127.13104072289043, 37.469879211972426], [127.13111348219049, 37.469822981705484], [127.13118400006715, 37.46976497887717], [127.13125223138135, 37.469705248591126], [127.13131809712867, 37.46964386301833], [127.13138152957853, 37.469580876297215], [127.13144248360953, 37.46951634254145], [127.13150871662415, 37.469445279685964], [127.13157223378315, 37.46937265203647], [127.13163295608588, 37.469298531764586], [127.13169083841396, 37.46922297298442], [127.13174583569653, 37.46914605683999], [127.13179789154368, 37.46906785547773], [127.1319726439227, 37.468795046226504], [127.13203369787263, 37.468710617901735], [127.13209747823355, 37.46862748397603], [127.1321987997536, 37.46846659699555], [127.13221958092544, 37.46843655259205], [127.13205860357294, 37.46838709426969], [127.13201383832183, 37.46837350252554], [127.13199174002209, 37.468419730362015], [127.13184831313482, 37.46838042469861], [127.1315753168835, 37.46828775997048], [127.13130231000049, 37.468195094621386], [127.13128678228345, 37.46819091299947], [127.13114522182077, 37.46811913227982], [127.13097411274839, 37.468001405574604], [127.13099985244986, 37.46797541947492], [127.13098758556471, 37.46796770230835], [127.13094027116514, 37.46793740835121], [127.13088198258029, 37.467927948571024], [127.13086374387356, 37.46792486908476], [127.13084848430606, 37.46793849994319], [127.1308139005038, 37.467968550200986], [127.130778297978, 37.46799782670017], [127.13074169933658, 37.46802632941509], [127.13064271095612, 37.46808614709426], [127.1305911741225, 37.46811806286551], [127.13053826694741, 37.468148520485286], [127.13048405717923, 37.46817747482768], [127.13042860130896, 37.46820490780922], [127.13037198969373, 37.46823077427948], [127.13031426752121, 37.46825505616752], [127.13025551382972, 37.46827769932546], [127.1301957964465, 37.46829870367791], [127.1301352057146, 37.46831801506487], [127.1300737981578, 37.46833563342359], [127.13001166416602, 37.468351531624386], [127.12994886021716, 37.46836568257468], [127.12988547673244, 37.46837807716514], [127.1298215928138, 37.46838869728891], [127.12942000538885, 37.46844960794723], [127.129472162502, 37.469159253526286], [127.12851511082368, 37.4694115125755], [127.12849589432751, 37.46941194768693], [127.12850115623866, 37.46959560246388], [127.12850844035643, 37.4698319547186], [127.12852879978163, 37.47052703847482], [127.12853055048892, 37.47070656138681], [127.12855740906421, 37.47070609102409], [127.1286131383562, 37.47070512108617], [127.12872915003979, 37.47070165353555], [127.12884496466205, 37.47069531188473], [127.12896048046994, 37.470686096243995], [127.12907557311694, 37.4706740157585], [127.1291901408656, 37.47065907954943], [127.12930407068968, 37.47064130576055], [127.12941723825885, 37.4706207125483], [127.12952956446088, 37.47059731802063], [127.12959110831936, 37.470585547309994], [127.12974402453688, 37.4705465302428], [127.12977806509409, 37.470535014525915], [127.13028546712472, 37.47031268989629], [127.13038980525481, 37.47026578708225], [127.1304921603794, 37.47021620135184], [127.13059245343858, 37.47016397784668], [127.130690548898, 37.47010918880029], [127.13078634507559, 37.47005187036948], [127.13087976297643, 37.46999210373644], [127.13096581249278, 37.46993360650475], [127.13104072289043, 37.469879211972426]]]}}, {"type": "Feature", "properties": {"facility_layer": "UPIS_C_UQ152", "urban_facility": "공영차고지", "urban_facility_landuse": "도로/교통시설", "urban_facility_source": "도시계획 시설정보"}, "geometry": {"type": "Polygon", "coordinates": [[[127.13104072289043, 37.469879211972426], [127.13111348219049, 37.469822981705484], [127.13118400006715, 37.46976497887717], [127.13125223138135, 37.469705248591126], [127.13131809712867, 37.46964386301833], [127.13138152957853, 37.469580876297215], [127.13144248360953, 37.46951634254145], [127.13150871662415, 37.469445279685964], [127.13157223378315, 37.46937265203647], [127.13163295608588, 37.469298531764586], [127.13169083841396, 37.46922297298442], [127.13174583569653, 37.46914605683999], [127.13179789154368, 37.46906785547773], [127.1319726439227, 37.468795046226504], [127.13203369787263, 37.468710617901735], [127.13209747823355, 37.46862748397603], [127.1321987997536, 37.46846659699555], [127.13221958092544, 37.46843655259205], [127.13205860357294, 37.46838709426969], [127.13201383832183, 37.46837350252554], [127.13199174002209, 37.468419730362015], [127.13184831313482, 37.46838042469861], [127.1315753168835, 37.46828775997048], [127.13130231000049, 37.468195094621386], [127.13128678228345, 37.46819091299947], [127.13114522182077, 37.46811913227982], [127.13097411274839, 37.468001405574604], [127.13099985244986, 37.46797541947492], [127.13098758556471, 37.46796770230835], [127.13094027116514, 37.46793740835121], [127.13088198258029, 37.467927948571024], [127.13086374387356, 37.46792486908476], [127.13084848430606, 37.46793849994319], [127.1308139005038, 37.467968550200986], [127.130778297978, 37.46799782670017], [127.13074169933658, 37.46802632941509], [127.13064271095612, 37.46808614709426], [127.1305911741225, 37.46811806286551], [127.13053826694741, 37.468148520485286], [127.13048405717923, 37.46817747482768], [127.13042860130896, 37.46820490780922], [127.13037198969373, 37.46823077427948], [127.13031426752121, 37.46825505616752], [127.13025551382972, 37.46827769932546], [127.1301957964465, 37.46829870367791], [127.1301352057146, 37.46831801506487], [127.1300737981578, 37.46833563342359], [127.13001166416602, 37.468351531624386], [127.12994886021716, 37.46836568257468], [127.12988547673244, 37.46837807716514], [127.1298215928138, 37.46838869728891], [127.12942000538885, 37.46844960794723], [127.129472162502, 37.469159253526286], [127.12851511082368, 37.4694115125755], [127.12849589432751, 37.46941194768693], [127.12850115623866, 37.46959560246388], [127.12850844035643, 37.4698319547186], [127.12852879978163, 37.47052703847482], [127.12853055048892, 37.47070656138681], [127.12855740906421, 37.47070609102409], [127.1286131383562, 37.47070512108617], [127.12872915003979, 37.47070165353555], [127.12884496466205, 37.47069531188473], [127.12896048046994, 37.470686096243995], [127.12907557311694, 37.4706740157585], [127.1291901408656, 37.47065907954943], [127.12930407068968, 37.47064130576055], [127.12941723825885, 37.4706207125483], [127.12952956446088, 37.47059731802063], [127.12959110831936, 37.470585547309994], [127.12974402453688, 37.4705465302428], [127.12977806509409, 37.470535014525915], [127.13028546712472, 37.47031268989629], [127.13038980525481, 37.47026578708225], [127.1304921603794, 37.47021620135184], [127.13059245343858, 37.47016397784668], [127.130690548898, 37.47010918880029], [127.13078634507559, 37.47005187036948], [127.13087976297643, 37.46999210373644], [127.13096581249278, 37.46993360650475], [127.13104072289043, 37.469879211972426]]]}}, {"type": "Feature", "properties": {"facility_layer": "UPIS_C_UQ152", "urban_facility": "공영차고지", "urban_facility_landuse": "도로/교통시설", "urban_facility_source": "도시계획 시설정보"}, "geometry": {"type": "Polygon", "coordinates": [[[127.13104072289043, 37.469879211972426], [127.13111348219049, 37.469822981705484], [127.13118400006715, 37.46976497887717], [127.13125223138135, 37.469705248591126], [127.13131809712867, 37.46964386301833], [127.13138152957853, 37.469580876297215], [127.13144248360953, 37.46951634254145], [127.13150871662415, 37.469445279685964], [127.13157223378315, 37.46937265203647], [127.13163295608588, 37.469298531764586], [127.13169083841396, 37.46922297298442], [127.13174583569653, 37.46914605683999], [127.13179789154368, 37.46906785547773], [127.1319726439227, 37.468795046226504], [127.13203369787263, 37.468710617901735], [127.13209747823355, 37.46862748397603], [127.1321987997536, 37.46846659699555], [127.13221958092544, 37.46843655259205], [127.13205860357294, 37.46838709426969], [127.13201383832183, 37.46837350252554], [127.13199174002209, 37.468419730362015], [127.13184831313482, 37.46838042469861], [127.1315753168835, 37.46828775997048], [127.13130231000049, 37.468195094621386], [127.13128678228345, 37.46819091299947], [127.13114522182077, 37.46811913227982], [127.13097411274839, 37.468001405574604], [127.13099985244986, 37.46797541947492], [127.13098758556471, 37.46796770230835], [127.13094027116514, 37.46793740835121], [127.13088198258029, 37.467927948571024], [127.13086374387356, 37.46792486908476], [127.13084848430606, 37.46793849994319], [127.1308139005038, 37.467968550200986], [127.130778297978, 37.46799782670017], [127.13074169933658, 37.46802632941509], [127.13064271095612, 37.46808614709426], [127.1305911741225, 37.46811806286551], [127.13053826694741, 37.468148520485286], [127.13048405717923, 37.46817747482768], [127.13042860130896, 37.46820490780922], [127.13037198969373, 37.46823077427948], [127.13031426752121, 37.46825505616752], [127.13025551382972, 37.46827769932546], [127.1301957964465, 37.46829870367791], [127.1301352057146, 37.46831801506487], [127.1300737981578, 37.46833563342359], [127.13001166416602, 37.468351531624386], [127.12994886021716, 37.46836568257468], [127.12988547673244, 37.46837807716514], [127.1298215928138, 37.46838869728891], [127.12942000538885, 37.46844960794723], [127.129472162502, 37.469159253526286], [127.12851511082368, 37.4694115125755], [127.12849589432751, 37.46941194768693], [127.12850115623866, 37.46959560246388], [127.12850844035643, 37.4698319547186], [127.12852879978163, 37.47052703847482], [127.12853055048892, 37.47070656138681], [127.12855740906421, 37.47070609102409], [127.1286131383562, 37.47070512108617], [127.12872915003979, 37.47070165353555], [127.12884496466205, 37.47069531188473], [127.12896048046994, 37.470686096243995], [127.12907557311694, 37.4706740157585], [127.1291901408656, 37.47065907954943], [127.12930407068968, 37.47064130576055], [127.12941723825885, 37.4706207125483], [127.12952956446088, 37.47059731802063], [127.12959110831936, 37.470585547309994], [127.12974402453688, 37.4705465302428], [127.12977806509409, 37.470535014525915], [127.13028546712472, 37.47031268989629], [127.13038980525481, 37.47026578708225], [127.1304921603794, 37.47021620135184], [127.13059245343858, 37.47016397784668], [127.130690548898, 37.47010918880029], [127.13078634507559, 37.47005187036948], [127.13087976297643, 37.46999210373644], [127.13096581249278, 37.46993360650475], [127.13104072289043, 37.469879211972426]]]}}, {"type": "Feature", "properties": {"facility_layer": "UPIS_C_UQ152", "urban_facility": "공영차고지", "urban_facility_landuse": "도로/교통시설", "urban_facility_source": "도시계획 시설정보"}, "geometry": {"type": "Polygon", "coordinates": [[[127.13104072289043, 37.469879211972426], [127.13111348219049, 37.469822981705484], [127.13118400006715, 37.46976497887717], [127.13125223138135, 37.469705248591126], [127.13131809712867, 37.46964386301833], [127.13138152957853, 37.469580876297215], [127.13144248360953, 37.46951634254145], [127.13150871662415, 37.469445279685964], [127.13157223378315, 37.46937265203647], [127.13163295608588, 37.469298531764586], [127.13169083841396, 37.46922297298442], [127.13174583569653, 37.46914605683999], [127.13179789154368, 37.46906785547773], [127.1319726439227, 37.468795046226504], [127.13203369787263, 37.468710617901735], [127.13209747823355, 37.46862748397603], [127.1321987997536, 37.46846659699555], [127.13221958092544, 37.46843655259205], [127.13205860357294, 37.46838709426969], [127.13201383832183, 37.46837350252554], [127.13199174002209, 37.468419730362015], [127.13184831313482, 37.46838042469861], [127.1315753168835, 37.46828775997048], [127.13130231000049, 37.468195094621386], [127.13128678228345, 37.46819091299947], [127.13114522182077, 37.46811913227982], [127.13097411274839, 37.468001405574604], [127.13099985244986, 37.46797541947492], [127.13098758556471, 37.46796770230835], [127.13094027116514, 37.46793740835121], [127.13088198258029, 37.467927948571024], [127.13086374387356, 37.46792486908476], [127.13084848430606, 37.46793849994319], [127.1308139005038, 37.467968550200986], [127.130778297978, 37.46799782670017], [127.13074169933658, 37.46802632941509], [127.13064271095612, 37.46808614709426], [127.1305911741225, 37.46811806286551], [127.13053826694741, 37.468148520485286], [127.13048405717923, 37.46817747482768], [127.13042860130896, 37.46820490780922], [127.13037198969373, 37.46823077427948], [127.13031426752121, 37.46825505616752], [127.13025551382972, 37.46827769932546], [127.1301957964465, 37.46829870367791], [127.1301352057146, 37.46831801506487], [127.1300737981578, 37.46833563342359], [127.13001166416602, 37.468351531624386], [127.12994886021716, 37.46836568257468], [127.12988547673244, 37.46837807716514], [127.1298215928138, 37.46838869728891], [127.12942000538885, 37.46844960794723], [127.129472162502, 37.469159253526286], [127.12851511082368, 37.4694115125755], [127.12849589432751, 37.46941194768693], [127.12850115623866, 37.46959560246388], [127.12850844035643, 37.4698319547186], [127.12852879978163, 37.47052703847482], [127.12853055048892, 37.47070656138681], [127.12855740906421, 37.47070609102409], [127.1286131383562, 37.47070512108617], [127.12872915003979, 37.47070165353555], [127.12884496466205, 37.47069531188473], [127.12896048046994, 37.470686096243995], [127.12907557311694, 37.4706740157585], [127.1291901408656, 37.47065907954943], [127.12930407068968, 37.47064130576055], [127.12941723825885, 37.4706207125483], [127.12952956446088, 37.47059731802063], [127.12959110831936, 37.470585547309994], [127.12974402453688, 37.4705465302428], [127.12977806509409, 37.470535014525915], [127.13028546712472, 37.47031268989629], [127.13038980525481, 37.47026578708225], [127.1304921603794, 37.47021620135184], [127.13059245343858, 37.47016397784668], [127.130690548898, 37.47010918880029], [127.13078634507559, 37.47005187036948], [127.13087976297643, 37.46999210373644], [127.13096581249278, 37.46993360650475], [127.13104072289043, 37.469879211972426]]]}}, {"type": "Feature", "properties": {"facility_layer": "UPIS_C_UQ152", "urban_facility": "공영차고지", "urban_facility_landuse": "도로/교통시설", "urban_facility_source": "도시계획 시설정보"}, "geometry": {"type": "Polygon", "coordinates": [[[127.13104072289043, 37.469879211972426], [127.13111348219049, 37.469822981705484], [127.13118400006715, 37.46976497887717], [127.13125223138135, 37.469705248591126], [127.13131809712867, 37.46964386301833], [127.13138152957853, 37.469580876297215], [127.13144248360953, 37.46951634254145], [127.13150871662415, 37.469445279685964], [127.13157223378315, 37.46937265203647], [127.13163295608588, 37.469298531764586], [127.13169083841396, 37.46922297298442], [127.13174583569653, 37.46914605683999], [127.13179789154368, 37.46906785547773], [127.1319726439227, 37.468795046226504], [127.13203369787263, 37.468710617901735], [127.13209747823355, 37.46862748397603], [127.1321987997536, 37.46846659699555], [127.13221958092544, 37.46843655259205], [127.13205860357294, 37.46838709426969], [127.13201383832183, 37.46837350252554], [127.13199174002209, 37.468419730362015], [127.13184831313482, 37.46838042469861], [127.1315753168835, 37.46828775997048], [127.13130231000049, 37.468195094621386], [127.13128678228345, 37.46819091299947], [127.13114522182077, 37.46811913227982], [127.13097411274839, 37.468001405574604], [127.13099985244986, 37.46797541947492], [127.13098758556471, 37.46796770230835], [127.13094027116514, 37.46793740835121], [127.13088198258029, 37.467927948571024], [127.13086374387356, 37.46792486908476], [127.13084848430606, 37.46793849994319], [127.1308139005038, 37.467968550200986], [127.130778297978, 37.46799782670017], [127.13074169933658, 37.46802632941509], [127.13064271095612, 37.46808614709426], [127.1305911741225, 37.46811806286551], [127.13053826694741, 37.468148520485286], [127.13048405717923, 37.46817747482768], [127.13042860130896, 37.46820490780922], [127.13037198969373, 37.46823077427948], [127.13031426752121, 37.46825505616752], [127.13025551382972, 37.46827769932546], [127.1301957964465, 37.46829870367791], [127.1301352057146, 37.46831801506487], [127.1300737981578, 37.46833563342359], [127.13001166416602, 37.468351531624386], [127.12994886021716, 37.46836568257468], [127.12988547673244, 37.46837807716514], [127.1298215928138, 37.46838869728891], [127.12942000538885, 37.46844960794723], [127.129472162502, 37.469159253526286], [127.12851511082368, 37.4694115125755], [127.12849589432751, 37.46941194768693], [127.12850115623866, 37.46959560246388], [127.12850844035643, 37.4698319547186], [127.12852879978163, 37.47052703847482], [127.12853055048892, 37.47070656138681], [127.12855740906421, 37.47070609102409], [127.1286131383562, 37.47070512108617], [127.12872915003979, 37.47070165353555], [127.12884496466205, 37.47069531188473], [127.12896048046994, 37.470686096243995], [127.12907557311694, 37.4706740157585], [127.1291901408656, 37.47065907954943], [127.12930407068968, 37.47064130576055], [127.12941723825885, 37.4706207125483], [127.12952956446088, 37.47059731802063], [127.12959110831936, 37.470585547309994], [127.12974402453688, 37.4705465302428], [127.12977806509409, 37.470535014525915], [127.13028546712472, 37.47031268989629], [127.13038980525481, 37.47026578708225], [127.1304921603794, 37.47021620135184], [127.13059245343858, 37.47016397784668], [127.130690548898, 37.47010918880029], [127.13078634507559, 37.47005187036948], [127.13087976297643, 37.46999210373644], [127.13096581249278, 37.46993360650475], [127.13104072289043, 37.469879211972426]]]}}, {"type": "Feature", "properties": {"facility_layer": "UPIS_C_UQ152", "urban_facility": "공영차고지", "urban_facility_landuse": "도로/교통시설", "urban_facility_source": "도시계획 시설정보"}, "geometry": {"type": "Polygon", "coordinates": [[[127.13104072289043, 37.469879211972426], [127.13111348219049, 37.469822981705484], [127.13118400006715, 37.46976497887717], [127.13125223138135, 37.469705248591126], [127.13131809712867, 37.46964386301833], [127.13138152957853, 37.469580876297215], [127.13144248360953, 37.46951634254145], [127.13150871662415, 37.469445279685964], [127.13157223378315, 37.46937265203647], [127.13163295608588, 37.469298531764586], [127.13169083841396, 37.46922297298442], [127.13174583569653, 37.46914605683999], [127.13179789154368, 37.46906785547773], [127.1319726439227, 37.468795046226504], [127.13203369787263, 37.468710617901735], [127.13209747823355, 37.46862748397603], [127.1321987997536, 37.46846659699555], [127.13221958092544, 37.46843655259205], [127.13205860357294, 37.46838709426969], [127.13201383832183, 37.46837350252554], [127.13199174002209, 37.468419730362015], [127.13184831313482, 37.46838042469861], [127.1315753168835, 37.46828775997048], [127.13130231000049, 37.468195094621386], [127.13128678228345, 37.46819091299947], [127.13114522182077, 37.46811913227982], [127.13097411274839, 37.468001405574604], [127.13099985244986, 37.46797541947492], [127.13098758556471, 37.46796770230835], [127.13094027116514, 37.46793740835121], [127.13088198258029, 37.467927948571024], [127.13086374387356, 37.46792486908476], [127.13084848430606, 37.46793849994319], [127.1308139005038, 37.467968550200986], [127.130778297978, 37.46799782670017], [127.13074169933658, 37.46802632941509], [127.13064271095612, 37.46808614709426], [127.1305911741225, 37.46811806286551], [127.13053826694741, 37.468148520485286], [127.13048405717923, 37.46817747482768], [127.13042860130896, 37.46820490780922], [127.13037198969373, 37.46823077427948], [127.13031426752121, 37.46825505616752], [127.13025551382972, 37.46827769932546], [127.1301957964465, 37.46829870367791], [127.1301352057146, 37.46831801506487], [127.1300737981578, 37.46833563342359], [127.13001166416602, 37.468351531624386], [127.12994886021716, 37.46836568257468], [127.12988547673244, 37.46837807716514], [127.1298215928138, 37.46838869728891], [127.12942000538885, 37.46844960794723], [127.129472162502, 37.469159253526286], [127.12851511082368, 37.4694115125755], [127.12849589432751, 37.46941194768693], [127.12850115623866, 37.46959560246388], [127.12850844035643, 37.4698319547186], [127.12852879978163, 37.47052703847482], [127.12853055048892, 37.47070656138681], [127.12855740906421, 37.47070609102409], [127.1286131383562, 37.47070512108617], [127.12872915003979, 37.47070165353555], [127.12884496466205, 37.47069531188473], [127.12896048046994, 37.470686096243995], [127.12907557311694, 37.4706740157585], [127.1291901408656, 37.47065907954943], [127.12930407068968, 37.47064130576055], [127.12941723825885, 37.4706207125483], [127.12952956446088, 37.47059731802063], [127.12959110831936, 37.470585547309994], [127.12974402453688, 37.4705465302428], [127.12977806509409, 37.470535014525915], [127.13028546712472, 37.47031268989629], [127.13038980525481, 37.47026578708225], [127.1304921603794, 37.47021620135184], [127.13059245343858, 37.47016397784668], [127.130690548898, 37.47010918880029], [127.13078634507559, 37.47005187036948], [127.13087976297643, 37.46999210373644], [127.13096581249278, 37.46993360650475], [127.13104072289043, 37.469879211972426]]]}}, {"type": "Feature", "properties": {"facility_layer": "UPIS_C_UQ152", "urban_facility": "공영차고지", "urban_facility_landuse": "도로/교통시설", "urban_facility_source": "도시계획 시설정보"}, "geometry": {"type": "Polygon", "coordinates": [[[127.13104072289043, 37.469879211972426], [127.13111348219049, 37.469822981705484], [127.13118400006715, 37.46976497887717], [127.13125223138135, 37.469705248591126], [127.13131809712867, 37.46964386301833], [127.13138152957853, 37.469580876297215], [127.13144248360953, 37.46951634254145], [127.13150871662415, 37.469445279685964], [127.13157223378315, 37.46937265203647], [127.13163295608588, 37.469298531764586], [127.13169083841396, 37.46922297298442], [127.13174583569653, 37.46914605683999], [127.13179789154368, 37.46906785547773], [127.1319726439227, 37.468795046226504], [127.13203369787263, 37.468710617901735], [127.13209747823355, 37.46862748397603], [127.1321987997536, 37.46846659699555], [127.13221958092544, 37.46843655259205], [127.13205860357294, 37.46838709426969], [127.13201383832183, 37.46837350252554], [127.13199174002209, 37.468419730362015], [127.13184831313482, 37.46838042469861], [127.1315753168835, 37.46828775997048], [127.13130231000049, 37.468195094621386], [127.13128678228345, 37.46819091299947], [127.13114522182077, 37.46811913227982], [127.13097411274839, 37.468001405574604], [127.13099985244986, 37.46797541947492], [127.13098758556471, 37.46796770230835], [127.13094027116514, 37.46793740835121], [127.13088198258029, 37.467927948571024], [127.13086374387356, 37.46792486908476], [127.13084848430606, 37.46793849994319], [127.1308139005038, 37.467968550200986], [127.130778297978, 37.46799782670017], [127.13074169933658, 37.46802632941509], [127.13064271095612, 37.46808614709426], [127.1305911741225, 37.46811806286551], [127.13053826694741, 37.468148520485286], [127.13048405717923, 37.46817747482768], [127.13042860130896, 37.46820490780922], [127.13037198969373, 37.46823077427948], [127.13031426752121, 37.46825505616752], [127.13025551382972, 37.46827769932546], [127.1301957964465, 37.46829870367791], [127.1301352057146, 37.46831801506487], [127.1300737981578, 37.46833563342359], [127.13001166416602, 37.468351531624386], [127.12994886021716, 37.46836568257468], [127.12988547673244, 37.46837807716514], [127.1298215928138, 37.46838869728891], [127.12942000538885, 37.46844960794723], [127.129472162502, 37.469159253526286], [127.12851511082368, 37.4694115125755], [127.12849589432751, 37.46941194768693], [127.12850115623866, 37.46959560246388], [127.12850844035643, 37.4698319547186], [127.12852879978163, 37.47052703847482], [127.12853055048892, 37.47070656138681], [127.12855740906421, 37.47070609102409], [127.1286131383562, 37.47070512108617], [127.12872915003979, 37.47070165353555], [127.12884496466205, 37.47069531188473], [127.12896048046994, 37.470686096243995], [127.12907557311694, 37.4706740157585], [127.1291901408656, 37.47065907954943], [127.12930407068968, 37.47064130576055], [127.12941723825885, 37.4706207125483], [127.12952956446088, 37.47059731802063], [127.12959110831936, 37.470585547309994], [127.12974402453688, 37.4705465302428], [127.12977806509409, 37.470535014525915], [127.13028546712472, 37.47031268989629], [127.13038980525481, 37.47026578708225], [127.1304921603794, 37.47021620135184], [127.13059245343858, 37.47016397784668], [127.130690548898, 37.47010918880029], [127.13078634507559, 37.47005187036948], [127.13087976297643, 37.46999210373644], [127.13096581249278, 37.46993360650475], [127.13104072289043, 37.469879211972426]]]}}, {"type": "Feature", "properties": {"facility_layer": "UPIS_C_UQ152", "urban_facility": "공영차고지", "urban_facility_landuse": "도로/교통시설", "urban_facility_source": "도시계획 시설정보"}, "geometry": {"type": "Polygon", "coordinates": [[[127.13104072289043, 37.469879211972426], [127.13111348219049, 37.469822981705484], [127.13118400006715, 37.46976497887717], [127.13125223138135, 37.469705248591126], [127.13131809712867, 37.46964386301833], [127.13138152957853, 37.469580876297215], [127.13144248360953, 37.46951634254145], [127.13150871662415, 37.469445279685964], [127.13157223378315, 37.46937265203647], [127.13163295608588, 37.469298531764586], [127.13169083841396, 37.46922297298442], [127.13174583569653, 37.46914605683999], [127.13179789154368, 37.46906785547773], [127.1319726439227, 37.468795046226504], [127.13203369787263, 37.468710617901735], [127.13209747823355, 37.46862748397603], [127.1321987997536, 37.46846659699555], [127.13221958092544, 37.46843655259205], [127.13205860357294, 37.46838709426969], [127.13201383832183, 37.46837350252554], [127.13199174002209, 37.468419730362015], [127.13184831313482, 37.46838042469861], [127.1315753168835, 37.46828775997048], [127.13130231000049, 37.468195094621386], [127.13128678228345, 37.46819091299947], [127.13114522182077, 37.46811913227982], [127.13097411274839, 37.468001405574604], [127.13099985244986, 37.46797541947492], [127.13098758556471, 37.46796770230835], [127.13094027116514, 37.46793740835121], [127.13088198258029, 37.467927948571024], [127.13086374387356, 37.46792486908476], [127.13084848430606, 37.46793849994319], [127.1308139005038, 37.467968550200986], [127.130778297978, 37.46799782670017], [127.13074169933658, 37.46802632941509], [127.13064271095612, 37.46808614709426], [127.1305911741225, 37.46811806286551], [127.13053826694741, 37.468148520485286], [127.13048405717923, 37.46817747482768], [127.13042860130896, 37.46820490780922], [127.13037198969373, 37.46823077427948], [127.13031426752121, 37.46825505616752], [127.13025551382972, 37.46827769932546], [127.1301957964465, 37.46829870367791], [127.1301352057146, 37.46831801506487], [127.1300737981578, 37.46833563342359], [127.13001166416602, 37.468351531624386], [127.12994886021716, 37.46836568257468], [127.12988547673244, 37.46837807716514], [127.1298215928138, 37.46838869728891], [127.12942000538885, 37.46844960794723], [127.129472162502, 37.469159253526286], [127.12851511082368, 37.4694115125755], [127.12849589432751, 37.46941194768693], [127.12850115623866, 37.46959560246388], [127.12850844035643, 37.4698319547186], [127.12852879978163, 37.47052703847482], [127.12853055048892, 37.47070656138681], [127.12855740906421, 37.47070609102409], [127.1286131383562, 37.47070512108617], [127.12872915003979, 37.47070165353555], [127.12884496466205, 37.47069531188473], [127.12896048046994, 37.470686096243995], [127.12907557311694, 37.4706740157585], [127.1291901408656, 37.47065907954943], [127.12930407068968, 37.47064130576055], [127.12941723825885, 37.4706207125483], [127.12952956446088, 37.47059731802063], [127.12959110831936, 37.470585547309994], [127.12974402453688, 37.4705465302428], [127.12977806509409, 37.470535014525915], [127.13028546712472, 37.47031268989629], [127.13038980525481, 37.47026578708225], [127.1304921603794, 37.47021620135184], [127.13059245343858, 37.47016397784668], [127.130690548898, 37.47010918880029], [127.13078634507559, 37.47005187036948], [127.13087976297643, 37.46999210373644], [127.13096581249278, 37.46993360650475], [127.13104072289043, 37.469879211972426]]]}}, {"type": "Feature", "properties": {"facility_layer": "UPIS_C_UQ151", "urban_facility": "광로3류", "urban_facility_landuse": "기타", "urban_facility_source": "도시계획 시설정보"}, "geometry": {"type": "Polygon", "coordinates": [[[127.13036141349514, 37.47078235389466], [127.13048712357032, 37.470732319234486], [127.13061066864631, 37.470678980125484], [127.13073193579137, 37.470622408778105], [127.13085077814642, 37.47056266843017], [127.13096707144713, 37.470499813285215], [127.13108069146155, 37.470433915567064], [127.1311914913662, 37.47036505653472], [127.13129675004356, 37.47029511327018], [127.13139910996452, 37.47022248810901], [127.13175582768531, 37.46988183180104], [127.13180763824987, 37.46983136358107], [127.13185820388088, 37.46978009481863], [127.13208865861918, 37.46956653050612], [127.13215932261164, 37.46947611859592], [127.13218201575296, 37.46944536754798], [127.13223030164622, 37.469378102416954], [127.1322526824878, 37.46934577725593], [127.13230426188406, 37.469267490819696], [127.13231898438431, 37.46924477741979], [127.13234953109448, 37.46913604661314], [127.1324118864791, 37.46903702659344], [127.13241462699398, 37.46903266970201], [127.13245711161454, 37.46895693383246], [127.13249402297593, 37.4688882961743], [127.1324980863526, 37.468880663957236], [127.13255691955445, 37.468780641463766], [127.1326872741976, 37.468573654564906], [127.13270510316583, 37.46854509535947], [127.13276993422943, 37.46844122764883], [127.132712005179, 37.46842707799399], [127.13262025639612, 37.468404988112255], [127.13254935994892, 37.46838720886426], [127.13248082978042, 37.46837154430843], [127.13233216959105, 37.468326127221], [127.13213577228868, 37.468637974380336], [127.13211220129239, 37.4686693913758], [127.13198020428314, 37.46885887394069], [127.13185042840017, 37.46906493235693], [127.13178950121078, 37.46915755055911], [127.13172451258208, 37.469248398227926], [127.1316555301263, 37.46933735815194], [127.1315826553851, 37.46942432209214], [127.13150596727769, 37.469509172824225], [127.13142556737995, 37.46959182012892], [127.13103661328502, 37.46988220780607], [127.13094487907622, 37.46994800042876], [127.1308504386736, 37.47001130016373], [127.1307533824058, 37.470072043835536], [127.13065381187583, 37.4701301502365], [127.13055186264769, 37.47018556515224], [127.1304476363424, 37.47023821638552], [127.13034124591752, 37.47028804974712], [127.13023282695593, 37.47033502003335], [127.13012248108211, 37.470379055048], [127.13001035518549, 37.47042010957576], [127.12972968552758, 37.470517128061935], [127.12958689355986, 37.47055346717078], [127.12944276143755, 37.470586230576934], [127.12929740216224, 37.47061538211322], [127.12915097396933, 37.47064089457419], [127.12900361247087, 37.470662731769494], [127.12885547594966, 37.47068089352508], [127.12870668872971, 37.470695352674134], [127.12855740906421, 37.47070609102409], [127.1275413609622, 37.47072378444349], [127.127521668733, 37.47072385950291], [127.12750197558135, 37.47072338494841], [127.127482315421, 37.47072236074378], [127.12746271086124, 37.470720786864945], [127.12744319583092, 37.4707186722858], [127.12742377033041, 37.47071601700646], [127.12740449089745, 37.4707128299767], [127.12738534621283, 37.47070910219859], [127.1273663815098, 37.47070484263412], [127.12734761942775, 37.4707000692793], [127.12732907124132, 37.47069476410217], [127.12731077090942, 37.470688954096715], [127.12729272973674, 37.47068263925109], [127.12727498165196, 37.47067582853927], [127.12725753797493, 37.470668530959415], [127.12724043261906, 37.47066074647553], [127.12722366562991, 37.47065250211784], [127.12720728221032, 37.470643788828355], [127.12719128239053, 37.47063462462725], [127.12717568880973, 37.47062502751068], [127.12716052407686, 37.470614997454724], [127.12714582213543, 37.47060455244359], [127.12713157171126, 37.4705937105094], [127.1271178067175, 37.470582471616346], [127.12710453850387, 37.47057086278256], [127.1270917896942, 37.47055889299421], [127.12707957160792, 37.47054657124948], [127.12706790689894, 37.4705339245545], [127.12705679558223, 37.47052096191951], [127.12704626028143, 37.470507692330635], [127.12703630104163, 37.47049414281802], [127.12702695179087, 37.47048032235587], [127.12701821255898, 37.470466248964286], [127.12701008337594, 37.47045194066347], [127.12700259819972, 37.47043742444754], [127.12699574572568, 37.470422700328655], [127.12698953730307, 37.470407795324924], [127.1269839955704, 37.47039272743248], [127.12697910925307, 37.47037751468345], [127.12697488970025, 37.47036218409593], [127.12697133691154, 37.470346735670006], [127.1269684735405, 37.47033119641176], [127.12696628832748, 37.4703155933633], [127.12697038112412, 37.47037007265676], [127.12700952187645, 37.4708599062886], [127.1270402268421, 37.47110449590638], [127.12706420535038, 37.471382609950105], [127.12707610858806, 37.471591855158856], [127.12707556240112, 37.47157620532415], [127.12707569448787, 37.47156055476873], [127.127076504863, 37.47154491250258], [127.1270780048758, 37.47152930554374], [127.1270801832364, 37.471513742914176], [127.12708303998957, 37.47149825164387], [127.12708656386054, 37.47148284976484], [127.12709076618354, 37.471467555285045], [127.1270956243793, 37.471452386248416], [127.12710114978204, 37.47143736066291], [127.12710731981252, 37.47142249657249], [127.12711413451565, 37.471407821007055], [127.12712158258655, 37.47139333397852], [127.1271296640701, 37.471379062516846], [127.12713835638715, 37.4713650246659], [127.1271476595525, 37.47135122943559], [127.12715756232167, 37.471337712877826], [127.1271680420704, 37.47132446600649], [127.12717909885873, 37.471311524861456], [127.12719071009263, 37.47129889847666], [127.12720286449755, 37.471286604883964], [127.12721555076891, 37.471274644095196], [127.12722874635793, 37.47126305217434], [127.12724243996007, 37.47125182913318], [127.12725660898138, 37.4712409840057], [127.12727125346716, 37.4712305438217], [127.12728633951899, 37.47122051762712], [127.12730184454301, 37.47121091445586], [127.1273177685696, 37.471201752327836], [127.12733408898981, 37.471193031266885], [127.12735077190544, 37.47118476031902], [127.12736779475296, 37.47117696653814], [127.12738516882196, 37.47116964090209], [127.1274028376355, 37.47116281050095], [127.12742078987428, 37.47115646633662], [127.12743901426428, 37.47115062644107], [127.12745725090824, 37.47114535416127], [127.12747570319677, 37.47114059522037], [127.12749433718642, 37.471136331634305], [127.12751315290788, 37.47113258142309], [127.12753211646307, 37.471129353632726], [127.12755121653274, 37.47112663926526], [127.12757040792964, 37.47112445638884], [127.12758969063897, 37.471122795993445], [127.1276090307628, 37.47112166712518], [127.12762840567746, 37.47112106079821], [127.1286240777055, 37.471103721917345], [127.12877261103037, 37.471099048034894], [127.12892085465937, 37.471090211645844], [127.12906860510255, 37.47107722198095], [127.12921570411886, 37.471060106243144], [127.1293619482193, 37.471038873664966], [127.12950716784412, 37.47101354245332], [127.12965117088687, 37.470984166880385], [127.12979379910948, 37.47095077415242], [127.12993486036123, 37.47091339151324], [127.13023369663347, 37.47082904788676], [127.13036141349514, 37.47078235389466]]]}}, {"type": "Feature", "properties": {"facility_layer": "UPIS_C_UQ152", "urban_facility": "도시철도(본선)", "urban_facility_landuse": "도로/교통시설", "urban_facility_source": "도시계획 시설정보"}, "geometry": {"type": "Polygon", "coordinates": [[[127.13051254794614, 37.47078533351227], [127.1306340331514, 37.47073709630306], [127.13075339867325, 37.470685608667125], [127.13087050895626, 37.47063093382938], [127.13098523973524, 37.470573125992765], [127.13109744416857, 37.470512257405346], [127.13120699802502, 37.470448400290806], [127.13131377707475, 37.47038162687309], [127.13141766839385, 37.47031200936396], [127.13151853646669, 37.47023962901028], [127.13161626838796, 37.47016456703425], [127.13171076257396, 37.47008691365573], [127.1318019061225, 37.47000675009712], [127.13188959748416, 37.46992418459844], [127.13197372376, 37.46983929838214], [127.13197902547245, 37.46981327156776], [127.13198260499814, 37.46979871921909], [127.13198255268836, 37.46979864007228], [127.13198305110605, 37.46979690559344], [127.13198539005057, 37.46978739675006], [127.13199280623603, 37.46976170097137], [127.13199550506344, 37.469753566164215], [127.13199615177618, 37.46975131562019], [127.13199714943288, 37.46974860970392], [127.13200126277049, 37.46973621127401], [127.1320107596999, 37.46971095468782], [127.13201296935964, 37.46970570173311], [127.13201336657745, 37.46970462436903], [127.1320142025171, 37.46970277018629], [127.13202127446178, 37.46968595826754], [127.13203281840644, 37.469661249030466], [127.13203366598093, 37.469659598597644], [127.13203396914498, 37.469658926154], [127.13203485524028, 37.469657282821494], [127.13204534636299, 37.46963685405625], [127.13205801892062, 37.4696143239491], [127.1320580839572, 37.469614203333556], [127.13205811095564, 37.469614160323154], [127.13205888097045, 37.46961279133964], [127.1320733770737, 37.46958909697031], [127.13207554306133, 37.4695863897339], [127.13208535898232, 37.46957075226044], [127.13216690939119, 37.46946641158231], [127.13220666976069, 37.469411023061575], [127.13220402510039, 37.46940983318865], [127.13220743061828, 37.46940502707708], [127.13221295609202, 37.46939720927119], [127.13221848154893, 37.46938938245502], [127.13222026324053, 37.46938686668637], [127.13222400698898, 37.469381546628554], [127.1322295324122, 37.469373701791824], [127.13223505781858, 37.469365847944815], [127.13227637436778, 37.46930716496663], [127.1323038102514, 37.46926817630181], [127.13231518315598, 37.46925091465238], [127.13231900901008, 37.46924480365787], [127.13231901829691, 37.46924477738226], [127.13232423117194, 37.4692262469924], [127.13232025063081, 37.46923190068669], [127.13230952682873, 37.46924712148522], [127.13226984546387, 37.46930351411897], [127.13222813423634, 37.4693627561533], [127.13222260882948, 37.46937060999997], [127.13221709469427, 37.46937844581388], [127.13221357644963, 37.46938343225099], [127.13221156925374, 37.469386281640006], [127.13220604379632, 37.46939410845587], [127.13220052961063, 37.46940191723895], [127.1321971127882, 37.46940672336282], [127.13219433876964, 37.469410645792955], [127.13219752907241, 37.46941208386961], [127.13219263501766, 37.469418972943586], [127.13218708686901, 37.46942675473347], [127.13218152738362, 37.46943451851553], [127.13217595657717, 37.469442273299855], [127.13217037443397, 37.46945001007636], [127.132164780954, 37.469457728845065], [127.13215916484873, 37.469465438628504], [127.13215353739105, 37.46947312139411], [127.13214786473091, 37.46948081321943], [127.13208533589037, 37.469562459123246], [127.13201245289795, 37.4696510181091], [127.1319358471033, 37.46973755390108], [127.1318905556185, 37.46978591564936], [127.13184408720862, 37.46983357589569], [127.13176896138626, 37.46990678411336], [127.13169108524981, 37.46997813924638], [127.13161052651384, 37.47004757814463], [127.13153965778449, 37.47010530229982], [127.13146693246003, 37.470161541799094], [127.13139040859225, 37.47021768631759], [127.13131201655507, 37.47027219301299], [127.13121397151792, 37.47033639799693], [127.13111336707428, 37.47039802883797], [127.13101029355451, 37.47045702236051], [127.13090486389885, 37.470513315364336], [127.13079720235318, 37.47056684463702], [127.13068741057131, 37.47061755600131], [127.13057561281697, 37.470665395255466], [127.13046192205056, 37.47071030821042], [127.13034646256882, 37.470752258685145], [127.13033619292938, 37.470755819831226], [127.13032593453154, 37.47075934492403], [127.13031566479738, 37.47076285200822], [127.13030537243793, 37.47076635010619], [127.13029505743772, 37.47076983020786], [127.13028473111669, 37.470773301310956], [127.13027659655756, 37.47077601318274], [127.13027964741956, 37.470781821325815], [127.13026705012454, 37.470786006693956], [127.13025666723142, 37.47078945082616], [127.13024628430641, 37.47079287693738], [127.13023586746715, 37.47079630308465], [127.13022545064237, 37.470799738241034], [127.1302150111923, 37.47080316441109], [127.13020456042142, 37.47080658158252], [127.130194109665, 37.47081000776306], [127.1300241971182, 37.47086567640476], [127.13001374634533, 37.470869102569324], [127.13000330686049, 37.47087251971067], [127.12999287866376, 37.4708759278288], [127.12998245046604, 37.47087933594599], [127.12997202223656, 37.470882726042255], [127.12996158271709, 37.470886125159915], [127.12995116575932, 37.470889497222], [127.12994074876981, 37.47089285126319], [127.12993033176397, 37.47089619629343], [127.12991991472634, 37.470899523302734], [127.129909497657, 37.470902832291095], [127.12989909184495, 37.470906114236236], [127.1298886746967, 37.470909378172735], [127.12987822360338, 37.4709126241251], [127.12975016298239, 37.47095029893069], [127.12962058148318, 37.47098448836577], [127.12948961471399, 37.47101515623841], [127.12935740957296, 37.471042257335036], [127.12922413562953, 37.47106578245823], [127.12908993978344, 37.471085686395696], [127.12895496898113, 37.47110195096575], [127.12881939276325, 37.471114548953096], [127.12868334681846, 37.47112348921964], [127.12867215631827, 37.47112405988312], [127.12866098838106, 37.47112460349117], [127.12864979780421, 37.4711251291025], [127.12863860719668, 37.47112563669272], [127.12862740525398, 37.47112612627405], [127.12861619197615, 37.471126597846435], [127.12860496737844, 37.471127060419924], [127.12859374275004, 37.47112750497231], [127.12858251812153, 37.47112794952364], [127.12857693405321, 37.471128162758504], [127.12858126119308, 37.47120015722707], [127.12859820556002, 37.47119949929436], [127.12860955453343, 37.471199045597764], [127.12862091479592, 37.471198582877946], [127.12863227502774, 37.471198102136974], [127.12864364653342, 37.47119760336277], [127.12865502931291, 37.471197086555264], [127.12866641206172, 37.47119655172666], [127.12867780608437, 37.47119599886477], [127.12868917745203, 37.471195418996075], [127.12882828672528, 37.471186286212046], [127.12896692610082, 37.471173396590075], [127.12910493732585, 37.47115676832273], [127.12924216213256, 37.47113641059323], [127.12937845361955, 37.47111236861343], [127.12951363089591, 37.47108464258245], [127.12964754707701, 37.47105328672346], [127.12978005523303, 37.47101832823032], [127.12991099714598, 37.47097980331969], [127.12991103104396, 37.47097979427283], [127.1299216403153, 37.47097649408554], [127.12993227214842, 37.47097316684271], [127.1299428813408, 37.47096982160347], [127.12995346789249, 37.47096645836782], [127.12996404312335, 37.4709630861335], [127.12997459571346, 37.470959695902806], [127.12998513698275, 37.47095629667343], [127.12999566693118, 37.47095288844541], [127.13000616296529, 37.47094948025331], [127.13001665896756, 37.47094605404027], [127.1300271549689, 37.47094262782628], [127.1300376396648, 37.470939201623686], [127.1300481130553, 37.47093577543243], [127.13005857514034, 37.47093234925254], [127.13022848781227, 37.470876680561815], [127.1302389498808, 37.470873254365955], [127.13024941193298, 37.47086981915916], [127.13025987398417, 37.47086638395145], [127.13027035862783, 37.47086293970817], [127.13028083195066, 37.47085948646625], [127.1302913391704, 37.470856024176456], [127.13030183505381, 37.47085254387801], [127.13031460181656, 37.4708482952513], [127.13031785681383, 37.47085448159194], [127.13032608175367, 37.470851733578705], [127.13033658886201, 37.47084820821482], [127.13034709593843, 37.47084466482997], [127.13035760296744, 37.47084109441416], [127.13036810996454, 37.470837505977386], [127.13037861691426, 37.47083389050965], [127.13038907862969, 37.470830266080284], [127.13051254794614, 37.47078533351227]]]}}, {"type": "Feature", "properties": {"facility_layer": "UPIS_C_UQ153", "urban_facility": "공공공지", "urban_facility_landuse": "기타", "urban_facility_source": "도시계획 시설정보"}, "geometry": {"type": "Polygon", "coordinates": [[[127.13028331118323, 37.47088791940913], [127.13029381840681, 37.47088445711912], [127.13029640567403, 37.47088360735708], [127.13033591477807, 37.47087040965556], [127.13034646707544, 37.47086686622148], [127.13035701934086, 37.470863304766446], [127.13036758286337, 37.470859716268095], [127.13037814635389, 37.47085610974879], [127.13038870979702, 37.470852476198516], [127.13039922800586, 37.470848833686595], [127.13052195142383, 37.47080400103268], [127.13064274743913, 37.470755971797644], [127.1307614804644, 37.47070479118572], [127.13087803753801, 37.47065051338692], [127.13099229441052, 37.47059320161389], [127.13110410422499, 37.47053291910447], [127.1312133653436, 37.47046972904728], [127.13131994221655, 37.47040369466835], [127.13132285561558, 37.470401880452656], [127.13139408248776, 37.47035488697913], [127.13146393921198, 37.470306606535146], [127.1314589532974, 37.47029968330663], [127.13144780621, 37.47029912793174], [127.13143665941904, 37.470298743746035], [127.13133115497546, 37.470370309209976], [127.1312226269375, 37.47043891359875], [127.13111117695593, 37.47050450273253], [127.13099695182277, 37.47056697733195], [127.13088008707405, 37.47062626516053], [127.13076072958285, 37.47068231198969], [127.1306390148571, 37.470735027563634], [127.13051507848395, 37.470784366677044], [127.13038907862969, 37.470830266080284], [127.13037861691426, 37.47083389050965], [127.13036810996454, 37.470837505977386], [127.13035760296744, 37.47084109441416], [127.13034709593843, 37.47084466482997], [127.13033658886201, 37.47084820821482], [127.13032608175367, 37.470851733578705], [127.13031785681383, 37.47085448159194], [127.13031460181656, 37.4708482952513], [127.13030183505381, 37.47085254387801], [127.1302913391704, 37.470856024176456], [127.13028083195066, 37.47085948646625], [127.13027035862783, 37.47086293970817], [127.13025987398417, 37.47086638395145], [127.13024941193298, 37.47086981915916], [127.1302389498808, 37.470873254365955], [127.13022848781227, 37.470876680561815], [127.13005857514034, 37.47093234925254], [127.1300481130553, 37.47093577543243], [127.1300376396648, 37.470939201623686], [127.13003135788479, 37.47094125373152], [127.13004390364488, 37.47096636905124], [127.13005052437553, 37.470964208453765], [127.13006100905795, 37.47096077323904], [127.1300714711459, 37.470957347058054], [127.13024138386473, 37.470901678348916], [127.13025184593616, 37.47089825215193], [127.13026231929568, 37.470894816931704], [127.13027281524765, 37.47089137267588], [127.13028331118323, 37.47088791940913]]]}}, {"type": "Feature", "properties": {"facility_layer": "UPIS_C_UQ151", "urban_facility": "대로3류", "urban_facility_landuse": "기타", "urban_facility_source": "도시계획 시설정보"}, "geometry": {"type": "Polygon", "coordinates": [[[127.132653944645, 37.471208258813846], [127.13191415924977, 37.47123733289861], [127.1319147576485, 37.47124341400585], [127.1319183784108, 37.471290874827275], [127.13192010012754, 37.47133840081402], [127.13191992271696, 37.47138594691612], [127.13191783479259, 37.47143346809602], [127.13191384756145, 37.47148091028113], [127.13250251505141, 37.471457779226846], [127.13258306868565, 37.47152099434971], [127.1326160836623, 37.471375337692855], [127.13260969589619, 37.47137493932816], [127.13261847305326, 37.471364757271765], [127.132653944645, 37.471208258813846]]]}}, {"type": "Feature", "properties": {"facility_layer": "UPIS_C_UQ153", "urban_facility": "교통광장", "urban_facility_landuse": "공원/녹지", "urban_facility_source": "도시계획 시설정보"}, "geometry": {"type": "Polygon", "coordinates": [[[127.13029769938142, 37.474497490510345], [127.13029777607397, 37.47449606684341], [127.13029821535044, 37.474488533987], [127.13029873377728, 37.4744810100543], [127.13029929740854, 37.47447347706231], [127.13029994020555, 37.474465962004075], [127.13030063951194, 37.47445843787425], [127.13030139537406, 37.47445093170277], [127.13030221905055, 37.474443416447365], [127.13030311057224, 37.47443591012803], [127.13030405863415, 37.474428412757085], [127.13030507452584, 37.47442091531217], [127.13030614695768, 37.47441342681566], [127.13030728723467, 37.47440594725521], [127.13030848403638, 37.474398467633115], [127.13030974868322, 37.47439099694708], [127.13031106987019, 37.47438353520942], [127.13031245888673, 37.47437607339779], [127.13031391576382, 37.474368629532236], [127.13031541786052, 37.474361185617354], [127.13031699910724, 37.474353750626186], [127.130318636894, 37.4743463245834], [127.13032033122077, 37.47433890748897], [127.13032209340798, 37.474331508340605], [127.13032391211966, 37.474324109130535], [127.13032579867632, 37.47431671885653], [127.13032775309334, 37.47430934652853], [127.13032975272985, 37.47430197415124], [127.13033182022673, 37.474294619719934], [127.13033395556845, 37.47428727422467], [127.13033614746551, 37.47427994668774], [127.13033840719196, 37.47427261907681], [127.13034071216872, 37.47426530943655], [127.13034309631072, 37.47425801772996], [127.13034552568755, 37.47425073498402], [127.13034802290913, 37.47424346117409], [127.13035058799096, 37.47423620531015], [127.13035320961252, 37.47422895839453], [127.1303558877893, 37.4742217294372], [127.13035862252129, 37.47421451843819], [127.13036149264927, 37.47420715412112], [127.13036238187418, 37.47420490064615], [127.13036533116704, 37.474197554262695], [127.1303682694637, 37.4741903880916], [127.13037127562045, 37.474183239866434], [127.13037433833233, 37.47417610959958], [127.1303774575993, 37.474168997291], [127.13038063340589, 37.47416189393068], [127.13038387708797, 37.47415481752635], [127.13038717730967, 37.47414775007025], [127.13039053408637, 37.47414070057241], [127.13039394741811, 37.47413366903285], [127.13039742862529, 37.474126664449194], [127.13040096637204, 37.47411966881384], [127.13040456068917, 37.47411270014667], [127.13040821154586, 37.474105740427795], [127.13041191897298, 37.47409880767711], [127.13041568295503, 37.474091892884644], [127.13041950349202, 37.474084996050436], [127.13042343696935, 37.47407803602273], [127.1304258602733, 37.47407380767895], [127.13042989554027, 37.47406687457004], [127.13043394226624, 37.47406003154871], [127.13043804553153, 37.47405319747555], [127.13044221665669, 37.47404638134825], [127.13044645562607, 37.47403957415683], [127.13045073982993, 37.47403277592588], [127.13045509187803, 37.47402598663078], [127.13045951177037, 37.47401920627149], [127.13046398821753, 37.474012443870386], [127.13046850989902, 37.47400569042971], [127.13047309944027, 37.47399895493487], [127.13047775682567, 37.473992228375835], [127.1304824594454, 37.47398551077726], [127.13048721861982, 37.4739788111368], [127.13049204563846, 37.47397212043213], [127.13049691789138, 37.4739654386879], [127.13050184668346, 37.47395876589177], [127.13050684333517, 37.47395211104138], [127.13051188523663, 37.473945474161425], [127.13051698367721, 37.473938846229565], [127.13052212735207, 37.47393222725811], [127.13052733888648, 37.47392562623238], [127.13053259565507, 37.473919034167054], [127.13053789767338, 37.47391246007211], [127.13054326753569, 37.47390589491288], [127.13054868264767, 37.473899347724036], [127.13055414299386, 37.47389280949554], [127.1305596598791, 37.473886280215105], [127.13056522201398, 37.47387976890502], [127.13057084068792, 37.47387326654292], [127.13057650461148, 37.473866782151205], [127.13058222507405, 37.47386030670744], [127.13058799078628, 37.47385384923403], [127.13059380173259, 37.47384740072095], [127.13059965792846, 37.47384097017819], [127.13060557066335, 37.47383454858338], [127.1306115173274, 37.47382813596125], [127.13061752054591, 37.47382174129706], [127.1306235576936, 37.47381535560549], [127.13062965139574, 37.47380898787187], [127.13063579033188, 37.47380262909853], [127.13064196321268, 37.47379628830782], [127.13064819263244, 37.47378995646502], [127.13065445598129, 37.47378363359482], [127.13066077588451, 37.47377732868253], [127.13066712971688, 37.473771032742825], [127.13067351747836, 37.47376474577571], [127.13067996179419, 37.47375847676648], [127.1306864400391, 37.473752216729835], [127.13069295222863, 37.47374597467575], [127.13069952094148, 37.473739732559515], [127.1307061235989, 37.47373350842585], [127.13071276020086, 37.473727302274746], [127.1307194420213, 37.47372109607379], [127.1307261577863, 37.47371490785541], [127.13073291878517, 37.47370872859719], [127.13073908161711, 37.47370312663415], [127.13102825369432, 37.47351545565021], [127.13102828757779, 37.473515437593015], [127.13103481335516, 37.473510547008395], [127.1310426827296, 37.47350468186824], [127.1310505747125, 37.47349881670275], [127.13105848930385, 37.47349295151195], [127.13106642650368, 37.47348708629585], [127.13107439761679, 37.47348122104199], [127.13108238003349, 37.47347535577523], [127.1310903850742, 37.47346949949313], [127.13109841270779, 37.47346363417567], [127.13110646294979, 37.4734577688329], [127.13111453580022, 37.473451903464756], [127.13112263124353, 37.47344602906126], [127.13113074931078, 37.47344016364241], [127.1311388899709, 37.473434289188184], [127.13114704193458, 37.47342841472101], [127.13115521650666, 37.47342254022845], [127.13116341367157, 37.473416656700486], [127.13117162214002, 37.473410773159614], [127.13117985320129, 37.47340488058331], [127.13118810687094, 37.473398987981625], [127.13119637184413, 37.473393095366944], [127.13120465941012, 37.47338719371686], [127.13121295826404, 37.47338128304381], [127.13122127972635, 37.47337537234534], [127.13122961247657, 37.47336945262385], [127.13123795651474, 37.47336352387937], [127.13124632316125, 37.47335759510947], [127.13125470109567, 37.473351657316556], [127.13126310162288, 37.47334571048821], [127.1312708585681, 37.4733402238771], [127.13127928167123, 37.473334259002776], [127.13128771607782, 37.47332829411542], [127.13130527362424, 37.47331586803117], [127.1313137306052, 37.47330988509711], [127.13132221016326, 37.47330388411759], [127.13133068972002, 37.473297883137434], [127.1313391805646, 37.47329187313427], [127.1313476826971, 37.473285854108056], [127.13135618479704, 37.47327981706122], [127.131364698216, 37.47327378901136], [127.13137322290729, 37.473267742928414], [127.13138174758154, 37.473261687834864], [127.13139028354365, 37.473255623718266], [127.13139881948884, 37.47324955059105], [127.13141183792249, 37.47324028298784], [127.13142894362534, 37.473228082632325], [127.13144606054941, 37.473215837211846], [127.13146319999953, 37.47320354671399], [127.13148035065524, 37.47319120214116], [127.1314975238369, 37.47317881249092], [127.13151469691924, 37.47316636877815], [127.13153188120708, 37.47315387099039], [127.13154906539553, 37.473141319140076], [127.13156626077374, 37.47312870420477], [127.13158344473213, 37.47311602620935], [127.13160062857538, 37.473103285141335], [127.13161780099871, 37.47309048101324], [127.13163496200205, 37.47307761382503], [127.13165211155419, 37.47306466555672], [127.13166923838145, 37.473051654240756], [127.131686353773, 37.473038570854676], [127.13170344640841, 37.47302540640098], [127.1317205162876, 37.47301216087965], [127.13173755212145, 37.472998843313135], [127.13175455387855, 37.47298543568148], [127.13177152157459, 37.472971946994676], [127.13178844388908, 37.47295836825521], [127.13180534343155, 37.47294469943819], [127.13182218630331, 37.47293094959098], [127.131838972473, 37.47291710069362], [127.13185572455014, 37.472903152721194], [127.13187240863604, 37.47288911472114], [127.13188903600418, 37.47287496866099], [127.13190559538101, 37.47286073257326], [127.13192209802433, 37.472846379415486], [127.1319385326763, 37.47283193623017], [127.13197057732577, 37.4728034021539], [127.13233004423233, 37.47278928250468], [127.13232997439407, 37.47278812929897], [127.13232680424444, 37.472681571258114], [127.13233077872697, 37.47257503233636], [127.13234188702482, 37.4724688098758], [127.13236009572778, 37.4723632102523], [127.13238534881702, 37.472258539865486], [127.13241757893891, 37.47215508710629], [127.13245669616354, 37.4720531584096], [127.1324964881005, 37.47194924674498], [127.13252909874015, 37.471843757262704], [127.13255444952907, 37.471737005406645], [127.13257246193142, 37.4716293156294], [127.13258306868565, 37.47152099434971], [127.132653944645, 37.471208258813846], [127.13264057986828, 37.47108367399337], [127.13261530249639, 37.4709603998289], [127.13258545094227, 37.47085498136414], [127.13258080234675, 37.470838569348835], [127.13258026177586, 37.470837081196514], [127.13257654368002, 37.47082686917861], [127.13255454131624, 37.47077248164441], [127.13254957716005, 37.470760215632474], [127.13254553480337, 37.47074907779399], [127.13253978772332, 37.47073325071045], [127.13253772179898, 37.47072759905407], [127.13253625349694, 37.47072358774192], [127.13253508981533, 37.470720461345465], [127.13253331354997, 37.47071569734641], [127.13253065549813, 37.470709250976135], [127.13252933901487, 37.4707060617058], [127.13252863143812, 37.47070435862557], [127.13252116671076, 37.47068642822589], [127.13252104300379, 37.47068613908154], [127.13251696411506, 37.47067661163897], [127.13251414265055, 37.47067024253506], [127.1325107285062, 37.47066254284795], [127.13250834009854, 37.4706571603747], [127.132507340344, 37.47065492259187], [127.1325040291147, 37.47064752390732], [127.13250068658361, 37.47064024614973], [127.13249960211563, 37.47063788902856], [127.1324984342452, 37.47063536580572], [127.13249517818457, 37.470628342360556], [127.13249216393018, 37.47062177936256], [127.13249075060763, 37.47061870746527], [127.13248909829407, 37.47061525969762], [127.13248621437207, 37.470609251038404], [127.13248156290136, 37.47059970556497], [127.13247768870023, 37.47059163365264], [127.13247702508899, 37.470590253709815], [127.132476052055, 37.47058829174373], [127.13247237347912, 37.47058088479251], [127.1324677221691, 37.47057142941857], [127.1324629579734, 37.4705620642698], [127.13245819393603, 37.47055278922093], [127.13245342989984, 37.47054351417184], [127.1324485528208, 37.47053423924779], [127.132443788787, 37.470524964198255], [127.13243891186752, 37.47051577937388], [127.13243392190526, 37.470506594674504], [127.13243007496791, 37.47049942047779], [127.13242904287019, 37.47049749808655], [127.13242405489734, 37.47048840581155], [127.13241906692569, 37.47047931353633], [127.13241890678579, 37.470479024254296], [127.13241407589787, 37.47047030625003], [127.13240387052736, 37.4704522974996], [127.13239876800101, 37.47044338322414], [127.13239366547586, 37.47043446894846], [127.13238856295193, 37.4704255546725], [127.13238334754249, 37.4704167306216], [127.13237824517806, 37.470407906445296], [127.132373029771, 37.47039908239391], [127.1323678143652, 37.4703902583423], [127.13236259911768, 37.47038152439054], [127.13235738402841, 37.47037288053861], [127.13235205573955, 37.470364146711525], [127.1323468406527, 37.4703555028591], [127.13234151252334, 37.470346859131595], [127.13233879211894, 37.470342350139596], [127.13233629775989, 37.47033821754176], [127.13233096789644, 37.470329665018646], [127.13232872544829, 37.47032605905511], [127.13232564150026, 37.47032110802263], [127.13232031368973, 37.4703126444943], [127.13231498572343, 37.47030409086564], [127.13230965791534, 37.47029562733678], [127.13230681107082, 37.47029110496], [127.13230432862571, 37.47028716382687], [127.13230326092169, 37.47028548337424], [127.13229900245977, 37.47027879037846], [127.13229356161165, 37.470270326973974], [127.13228940599248, 37.47026379561242], [127.1322882350741, 37.47026195661194], [127.1322875607786, 37.47026090685447], [127.13228290647716, 37.47025367021429], [127.13227746578961, 37.47024529690913], [127.1322721383038, 37.47023701357872], [127.13226767194631, 37.47023006915411], [127.13226680907907, 37.47022872866676], [127.13198386750638, 37.469800629444954], [127.13198254959133, 37.46979863539125], [127.13199614556848, 37.4697513177317], [127.13201335999327, 37.46970462677645], [127.13203396740057, 37.469658923174116], [127.13205808082759, 37.469614206798006], [127.13207454891528, 37.46958797348015], [127.13208535898232, 37.46957075226044], [127.13208535981391, 37.46957075119644], [127.13208536161142, 37.469570748321104], [127.13208559839974, 37.469570445935396], [127.13208864528502, 37.46956654756663], [127.13156371330506, 37.47005300865794], [127.13143137457175, 37.47015827421552], [127.13129329585452, 37.470258743582356], [127.13114973679946, 37.47035420922318], [127.13116392186748, 37.470346535138134], [127.13117892266818, 37.47033991432955], [127.13124599010872, 37.47031940597946], [127.13131575979129, 37.47030574224407], [127.13138711295976, 37.470299131578805], [127.1314589532974, 37.47029968330663], [127.13165513805023, 37.47057189460313], [127.13165771127316, 37.47057600034163], [127.13166242701213, 37.47058355456086], [127.13166710882317, 37.47059109980721], [127.13167176799507, 37.47059862705825], [127.13167638191906, 37.47060613633891], [127.1316809732351, 37.47061364564425], [127.13168554189639, 37.470621127944284], [127.13169006534096, 37.47062861029395], [127.13169455484187, 37.47063607466074], [127.13169901041488, 37.47064353005472], [127.1317034320598, 37.470650976475866], [127.13170781976113, 37.470658404914204], [127.13171217353448, 37.470665824379694], [127.13171648207532, 37.47067323488482], [127.13172075668814, 37.47068063641714], [127.13172499735727, 37.47068801996666], [127.13172920409833, 37.47069539454337], [127.13173336560686, 37.47070276015973], [127.13173748188292, 37.47071011681575], [127.13174156423082, 37.47071746449899], [127.13174560133059, 37.47072479421188], [127.13174960451782, 37.47073212396197], [127.13175356245684, 37.47073943574178], [127.13175748646773, 37.47074673854878], [127.13176135394156, 37.470754032407946], [127.1317651874872, 37.47076131729434], [127.1317689758002, 37.470768593220434], [127.13177271888058, 37.47077586018621], [127.13177640542386, 37.470783118204174], [127.13178005803886, 37.470790367249386], [127.1317836654056, 37.47079759832428], [127.13178722755522, 37.47080482944891], [127.1317907444565, 37.47081204260325], [127.13179420483623, 37.470819255819805], [127.13179761996757, 37.47082645106605], [127.13180098986615, 37.47083363735206], [127.1318043145319, 37.47084081467781], [127.1318075826605, 37.470847983055755], [127.13181080557187, 37.47085515148344], [127.13181398323476, 37.47086230194089], [127.1318171043604, 37.470869443450546], [127.1318201689331, 37.47087656700242], [127.13182318828855, 37.470883690604076], [127.13182615110665, 37.470890805257945], [127.13182917085427, 37.470898154109676], [127.13183005641812, 37.470900351579594], [127.13186069066973, 37.47098448045108], [127.13188507583374, 37.47106989563137], [127.13190312095344, 37.47115630890382], [127.1319147576485, 37.47124341400585], [127.13192016370904, 37.47134246426551], [127.13191729495648, 37.47144157771489], [127.13190616191133, 37.47154032186056], [127.1318868202973, 37.47163825514752], [127.13185934846393, 37.47173494500416], [127.13182386999668, 37.471829967817484], [127.13178055370172, 37.47192289992304], [127.13173004912161, 37.47201674093496], [127.13167160338821, 37.47210760835251], [127.13160548705731, 37.47219507839508], [127.13153202722846, 37.47227873622898], [127.1314515510375, 37.47235818503985], [127.13144704738049, 37.4723621814326], [127.13144054575814, 37.47236789192653], [127.13143403276773, 37.47237356639247], [127.1314274857999, 37.472379204855315], [127.13142089356562, 37.47238481633749], [127.1314142786742, 37.47239040081413], [127.1314076185163, 37.47239595831007], [127.13140092439662, 37.47240148881287], [127.13139419631513, 37.47240699232255], [127.13138743427179, 37.472412468839096], [127.13138062696203, 37.47241791837493], [127.13137379699509, 37.4724233409052], [127.13136692176168, 37.47242873645471], [127.13136002385558, 37.472434095988675], [127.13135308069857, 37.47243943755186], [127.13134611486885, 37.47244474309946], [127.13133910377263, 37.47245002166631], [127.13133207001931, 37.47245527322755], [127.13132499099949, 37.47246049780802], [127.13131788930698, 37.47246568637291], [127.13131074236357, 37.47247085696694], [127.13130344855163, 37.472476081782055], [127.13130070487583, 37.47247803096064], [127.13129335446112, 37.47248321078717], [127.13128609428047, 37.47248827338379], [127.13127881144273, 37.472493308974805], [127.13127149464319, 37.472498317572565], [127.13126414386628, 37.47250329016709], [127.13125666878344, 37.4725082899277], [127.13125252470851, 37.472511042534826], [127.1312449817492, 37.472516015339146], [127.13123748386754, 37.47252090700325], [127.13122992943029, 37.472525780708956], [127.13122232975768, 37.472530645453745], [127.13121468481856, 37.472535483217705], [127.1312069946285, 37.472540303010746], [127.13119924789838, 37.47254511385531], [127.13119146722201, 37.4725499067166], [127.13118362999, 37.472554681619364], [127.13117574750703, 37.4725594385512], [127.1311678197887, 37.47256418652212], [127.13115985810852, 37.4725689074997], [127.13115183990381, 37.472573628538726], [127.13114377643255, 37.472578322596824], [127.13113567903063, 37.47258300768154], [127.13112753637773, 37.472587674795285], [127.1311193484894, 37.472592332948054], [127.13111111535011, 37.472596973129846], [127.13110284828012, 37.47260160433822], [127.13109453595914, 37.47260621757558], [127.13108617840271, 37.47261082185195], [127.13107778690004, 37.472615408144904], [127.13106936146659, 37.47261998546441], [127.13106089079771, 37.47262455382289], [127.1310523748779, 37.47262910421033], [127.13104382502729, 37.47263364562429], [127.13103524126154, 37.47263818707482], [127.13102661222919, 37.47264270154426], [127.13101794928164, 37.47264721605024], [127.13100925240337, 37.472651721582736], [127.13100052159434, 37.47265621814174], [127.13099174553432, 37.47266069672964], [127.13098293555903, 37.47266517535404], [127.13097410295775, 37.47266964499252], [127.13096522512096, 37.472674105669896], [127.13095631335344, 37.47267855737375], [127.13094736767063, 37.472683009114064], [127.13093838805706, 37.472687451880844], [127.13092937451272, 37.47269188567404], [127.13092032703761, 37.472696310493724], [127.13091125695198, 37.47270073533744], [127.13090215295108, 37.472705160217615], [127.13089300371469, 37.472709576136566], [127.13088383185217, 37.47271398306957], [127.13087463739468, 37.47271839903662], [127.1308654090064, 37.472722806030035], [127.1308561466873, 37.472727204049875], [127.13084685046843, 37.47273161111611], [127.13083753162348, 37.47273600919633], [127.13082817887877, 37.47274041632295], [127.13081880350796, 37.47274481446356], [127.13080939422186, 37.47274921264052], [127.13079996234067, 37.47275361985148], [127.13079154704675, 37.47275753940827], [127.13078205863982, 37.472761946679654], [127.13077254762229, 37.47276635397498], [127.13076300268939, 37.47277076130665], [127.13075344646617, 37.47277517765988], [127.1307438563276, 37.47277959404945], [127.13073424359393, 37.47278401947298], [127.13072460824962, 37.47278844492044], [127.13071495031022, 37.47279287940183], [127.13070526977569, 37.47279732291717], [127.13069556663054, 37.47280176645642], [127.13068582958549, 37.472806219041956], [127.13067608125004, 37.47281068064905], [127.13066631031948, 37.47281515129005], [127.13065651679374, 37.47281963096498], [127.12916713002949, 37.47350064103687], [127.12889428338916, 37.47361176775185], [127.12889410261835, 37.47361183101688], [127.12888531258486, 37.47361487686923], [127.12887653379438, 37.47361788666872], [127.12886766451838, 37.47362086953503], [127.12886222993434, 37.473622677396335], [127.12885339443427, 37.47362557913496], [127.1288446831342, 37.47362839063885], [127.12883598304668, 37.47363114806992], [127.12882730547655, 37.47363385141593], [127.12881863911896, 37.47363650068909], [127.12880999527887, 37.47363909587721], [127.12880136265137, 37.4736416369925], [127.12879275254132, 37.47364412402275], [127.12878416493355, 37.473646547958005], [127.1287755885384, 37.4736489178204], [127.12876703466084, 37.47365123359782], [127.12875849198068, 37.473653486292385], [127.12874997181815, 37.47365568490194], [127.12874147415795, 37.473657820416506], [127.12873299900012, 37.47365989283609], [127.12872426384497, 37.47366197454495], [127.12872180034447, 37.4736625448283], [127.1287130650513, 37.47366454544628], [127.1287045782817, 37.47366643767587], [127.1286960801152, 37.47366827585696], [127.12868755923172, 37.47367005099176], [127.12867901567698, 37.47367179011021], [127.12867046071015, 37.473673466170176], [127.12866189434648, 37.473675088181665], [127.12865331660126, 37.47367666515467], [127.12864471615437, 37.47367818809131], [127.12863609300581, 37.47367965699162], [127.12862746976538, 37.47368107183128], [127.12861882382334, 37.47368243263458], [127.1286101777894, 37.47368373937723], [127.12860150906917, 37.47368500109353], [127.12859282893702, 37.47368619975128], [127.1285841374234, 37.47368735337054], [127.12857543449789, 37.473688443931266], [127.12856672019102, 37.473689489453484], [127.12855800579239, 37.47369048091502], [127.12854926869225, 37.47369141834017], [127.12854053150043, 37.473692301704645], [127.12853178291208, 37.47369313102059], [127.12852303423205, 37.47369390627585], [127.12851427415548, 37.47369462748258], [127.12850550268239, 37.47369529464075], [127.12849671981282, 37.473695907750404], [127.12848794815656, 37.47369646678722], [127.12847915379898, 37.47369697178763], [127.12847037066992, 37.47369743172521], [127.12846157612924, 37.473697828604244], [127.12845277019214, 37.47369817143473], [127.12844397546841, 37.473698460192374], [127.12843516936363, 37.473698703911474], [127.12842636315209, 37.47369888455988], [127.12841755684913, 37.473699011147595], [127.12840875045472, 37.47369908367462], [127.12839993267933, 37.47369911116308], [127.12839112610216, 37.47369907556871], [127.12838231943364, 37.47369898591365], [127.12837351268898, 37.47369885120788], [127.12836470583778, 37.47369865343144], [127.12835589889528, 37.47369840159429], [127.12834710318158, 37.473698104694336], [127.12833830736137, 37.47369774472367], [127.12832951144998, 37.47369733069232], [127.12832071546252, 37.47369687161028], [127.12831193067355, 37.4736963494454], [127.12830315709824, 37.473695773207695], [127.12829438344696, 37.47369515191933], [127.12828560968933, 37.47369446756026], [127.12827685846553, 37.473693738126265], [127.12826809583052, 37.47369294563369], [127.12825935572938, 37.47369210806618], [127.12825061553715, 37.47369121643799], [127.12824188654353, 37.47369026172698], [127.128233168779, 37.47368926195319], [127.12822446222826, 37.47368820810658], [127.12821576689142, 37.473687100187156], [127.12820707146359, 37.47368593820707], [127.12819839855455, 37.473684722142075], [127.12818973685943, 37.473683452004295], [127.12818108639343, 37.473682136803696], [127.1281724471262, 37.473680758520324], [127.12816381908816, 37.47367933517416], [127.12815520224892, 37.473677848745204], [127.12814660794376, 37.473676317241356], [127.12813802485267, 37.47367473166477], [127.12812946428046, 37.47367309200326], [127.12812091493753, 37.473671407279], [127.1281123767935, 37.47366965947197], [127.12810386118362, 37.47366786659004], [127.12809536809272, 37.473666019623245], [127.12808688621595, 37.473664118583706], [127.12807842687346, 37.47366217246928], [127.12806997872991, 37.473660163272136], [127.12806155312057, 37.47365810900013], [127.12805315004553, 37.47365600965326], [127.1280447694744, 37.47365384721155], [127.12803641143752, 37.47365163969503], [127.12802806461492, 37.47364937810576], [127.12801975163151, 37.47364707142953], [127.1280114498472, 37.473644701670594], [127.12800295569838, 37.47364222399669], [127.12799973220086, 37.47364127238465], [127.12799127183081, 37.473638713583554], [127.12798306021402, 37.4736361815457], [127.12797487111644, 37.47363359542303], [127.12796670453811, 37.47363095521555], [127.1279585604942, 37.47362826993331], [127.12795045027443, 37.47362553055415], [127.12794236258907, 37.47362274610023], [127.12793412774377, 37.47361984467288], [127.12793002158833, 37.47361837142188], [127.12792180921718, 37.47361538887944], [127.12791378904457, 37.473612415140856], [127.12790576878159, 37.47360938734169], [127.12789777103796, 37.473606305457714], [127.12788978450882, 37.47360316950112], [127.12788180919422, 37.47359997947182], [127.12787384509416, 37.473596735369874], [127.12786589220865, 37.47359343719528], [127.1278579505377, 37.473590084947986], [127.1278500200965, 37.47358668763805], [127.12784211215961, 37.473583227233334], [127.1278342154525, 37.473579721765994], [127.12782632997518, 37.473576171236026], [127.12781845569731, 37.47357255762337], [127.12781060395413, 37.473568898935994], [127.12780276344083, 37.473565195185984], [127.12779493414214, 37.47356143736332], [127.12778712736308, 37.473557625455946], [127.127779331829, 37.47355377749593], [127.12777154749449, 37.4735498664533], [127.12776378570992, 37.47354591934593], [127.12775603512492, 37.47354190915595], [127.12774830708989, 37.47353786290128], [127.12774059028474, 37.47353377158398], [127.1277328959993, 37.47352962618198], [127.12772521294374, 37.473525435717384], [127.12771754111822, 37.473521200190156], [127.12770989182746, 37.47351691958825], [127.12770225376674, 37.47351259392374], [127.12769463824087, 37.47350822318459], [127.12768704524984, 37.47350380737071], [127.12767946348883, 37.47349934649427], [127.12767189295788, 37.47349484055525], [127.12766434496184, 37.47349028954154], [127.12765681951583, 37.47348570246318], [127.12764930528472, 37.47348106131225], [127.12764180231397, 37.473476393118744], [127.12763432186304, 37.47347167084057], [127.12762686396219, 37.47346691249777], [127.12761941729146, 37.473462109092374], [127.12761198185079, 37.473457260624436], [127.12760456897543, 37.473452385101865], [127.12759717861984, 37.47344745549466], [127.12758979950958, 37.4734424898349], [127.12758244294942, 37.473437488110534], [127.12757509763459, 37.47343245033361], [127.12756777485475, 37.47342736748207], [127.12756046332021, 37.473422248577975], [127.12755317432071, 37.47341708459929], [127.12754589658167, 37.47341189357806], [127.12753863007283, 37.47340665749427], [127.12753138611416, 37.473401385345916], [127.12752416470572, 37.47339607713296], [127.1275169545426, 37.47339073286747], [127.12750975562484, 37.47338535254947], [127.1275025792573, 37.47337993616688], [127.12749541415025, 37.47337449274176], [127.1274882602735, 37.47336900425413], [127.12748112894693, 37.47336347970192], [127.12747400888091, 37.47335792810722], [127.12746691136513, 37.47335234044794], [127.12745982509472, 37.47334671673616], [127.12745275006976, 37.47334105697184], [127.12744568630534, 37.47333537016506], [127.12743864509122, 37.47332964729372], [127.12743161512248, 37.47332388836988], [127.12742459641436, 37.473318102403525], [127.12741760027156, 37.473312289382655], [127.12741060406944, 37.47330644032132], [127.1274036304176, 37.473300555195465], [127.12739666804148, 37.47329465203712], [127.12738971689569, 37.473288703816294], [127.12738277702563, 37.47328273756299], [127.12737584840103, 37.4732767352572], [127.12736893103705, 37.47327070590893], [127.12736203623848, 37.473264649506135], [127.12735514138065, 37.473258557062934], [127.12734825778337, 37.47325243757724], [127.12734138546188, 37.47324630005908], [127.12733452438589, 37.47324012648846], [127.12732767457052, 37.47323392587537], [127.12732083601584, 37.473227698219816], [127.12731400872177, 37.473221443521794], [127.12730718138351, 37.47321516179336], [127.12730037661076, 37.47320885301044], [127.12729357180893, 37.47320252620709], [127.12728676694788, 37.47319616336331], [127.1272799846674, 37.47318978247505], [127.12727320234278, 37.473183374556385], [127.12726641997406, 37.47317693960728], [127.12725964888105, 37.47317048662573], [127.1272528890488, 37.47316400660175], [127.1272461291724, 37.473157499547355], [127.12723938057182, 37.473150974460495], [127.12723263192711, 37.47314442234323], [127.12722589454314, 37.47313784318352], [127.12721915713014, 37.47313124600341], [127.12721241968816, 37.4731246308029], [127.1272056935069, 37.473117988559935], [127.12719896729666, 37.47311132829656], [127.12719224104241, 37.473104641002784], [127.12718551475913, 37.473097935688585], [127.12717879975166, 37.47309121234196], [127.1271720734105, 37.47308447098697], [127.12716535833006, 37.47307770258953], [127.12716240278885, 37.47307472341427], [127.12716827155401, 37.47317696292129], [127.12717423378355, 37.47324723476405], [127.12718141291323, 37.47334886019242], [127.12718253393273, 37.47336346424787], [127.12732322107306, 37.473490599147], [127.12756220396639, 37.47369135808396], [127.12775566269967, 37.47384477245446], [127.12792645456274, 37.47396388256916], [127.12813147575164, 37.474202068252595], [127.12828322706287, 37.47429182557292], [127.12831696077068, 37.47431836894348], [127.12865844209378, 37.474540207170094], [127.12865918906361, 37.47454070191756], [127.12878402100108, 37.4746217928792], [127.12878442844006, 37.474622062741005], [127.12882635980655, 37.47464929991677], [127.12951502942214, 37.475093650979595], [127.12968322966584, 37.47521447323666], [127.12979699378145, 37.47528097888876], [127.12984241867258, 37.475307923587145], [127.13002083842687, 37.475427950388195], [127.13002151752191, 37.475428409160685], [127.13013810006574, 37.47550315558441], [127.13028920486416, 37.47547672680631], [127.13029188339546, 37.475476264376354], [127.1304021208982, 37.475456988888574], [127.13053521050762, 37.475433714930695], [127.13053489349909, 37.475433444976204], [127.13052751145953, 37.47542700186183], [127.13052018590052, 37.475420531655274], [127.1305128942272, 37.47541404339121], [127.13050565901884, 37.475407519024984], [127.13049846901684, 37.47540098559895], [127.13049132417467, 37.47539441608308], [127.13048424711812, 37.47538781946277], [127.13047720394725, 37.47538120478494], [127.13047022854647, 37.47537455399268], [127.13046330964161, 37.47536788511831], [127.13045643589662, 37.47536118015418], [127.13044962995265, 37.475354457095605], [127.13044288047364, 37.47534769793497], [127.13043618747503, 37.47534091168223], [127.13042956226194, 37.47533409832513], [127.13042948298681, 37.47533401732142], [127.13042291423868, 37.47532716786224], [127.13041640197096, 37.47532029131102], [127.13040994615265, 37.475313369647736], [127.13040354681475, 37.475306420892444], [127.13039721524683, 37.475299436022794], [127.13039094014381, 37.47529241505115], [127.13038471021605, 37.47528536699982], [127.13037855936341, 37.475278282821854], [127.13037245367047, 37.47527116255421], [127.13036641576302, 37.47526401518228], [127.13036043432042, 37.475256831708386], [127.13035450935807, 37.47524962114255], [127.13034865216572, 37.47524237446244], [127.13034285145366, 37.47523510069038], [127.13033710722186, 37.47522779982639], [127.13033143075997, 37.47522046284817], [127.13032581077834, 37.47521309877804], [127.13032025856657, 37.47520569859367], [127.13031476283507, 37.475198271317424], [127.1303093348889, 37.475190816936966], [127.13030396342295, 37.475183335464614], [127.1302986597423, 37.47517582688808], [127.13029341252633, 37.47516828220967], [127.13028823311114, 37.47516071943713], [127.13028312148118, 37.4751531295604], [127.13027872369629, 37.4751464849577], [127.13074624175472, 37.475064740252996], [127.13066047580222, 37.47504187648558], [127.13037624181135, 37.474777823769074], [127.13050494568672, 37.474689826636535], [127.13031923551921, 37.47451729809443], [127.13029769938142, 37.474497490510345]]]}}, {"type": "Feature", "properties": {"facility_layer": "UPIS_C_UQ153", "urban_facility": "근린공원", "urban_facility_landuse": "공원/녹지", "urban_facility_source": "도시계획 시설정보"}, "geometry": {"type": "Polygon", "coordinates": [[[127.13165513805023, 37.47057189460313], [127.13165771127316, 37.47057600034163], [127.13166242701213, 37.47058355456086], [127.13166710882317, 37.47059109980721], [127.13167176799507, 37.47059862705825], [127.13167638191906, 37.47060613633891], [127.1316809732351, 37.47061364564425], [127.13168554189639, 37.470621127944284], [127.13169006534096, 37.47062861029395], [127.13169455484187, 37.47063607466074], [127.13169901041488, 37.47064353005472], [127.1317034320598, 37.470650976475866], [127.13170781976113, 37.470658404914204], [127.13171217353448, 37.470665824379694], [127.13171648207532, 37.47067323488482], [127.13172075668814, 37.47068063641714], [127.13172499735727, 37.47068801996666], [127.13172920409833, 37.47069539454337], [127.13173336560686, 37.47070276015973], [127.13173748188292, 37.47071011681575], [127.13174156423082, 37.47071746449899], [127.13174560133059, 37.47072479421188], [127.13174960451782, 37.47073212396197], [127.13175356245684, 37.47073943574178], [127.13175748646773, 37.47074673854878], [127.13176135394156, 37.470754032407946], [127.1317651874872, 37.47076131729434], [127.1317689758002, 37.470768593220434], [127.13177271888058, 37.47077586018621], [127.13177640542386, 37.470783118204174], [127.13178005803886, 37.470790367249386], [127.1317836654056, 37.47079759832428], [127.13178722755522, 37.47080482944891], [127.1317907444565, 37.47081204260325], [127.13179420483623, 37.470819255819805], [127.13179761996757, 37.47082645106605], [127.13180098986615, 37.47083363735206], [127.1318043145319, 37.47084081467781], [127.1318075826605, 37.470847983055755], [127.13181080557187, 37.47085515148344], [127.13181398323476, 37.47086230194089], [127.1318171043604, 37.470869443450546], [127.1318201689331, 37.47087656700242], [127.13182318828855, 37.470883690604076], [127.13182615110665, 37.470890805257945], [127.13182917085427, 37.470898154109676], [127.13183005641812, 37.470900351579594], [127.13186069066973, 37.47098448045108], [127.13188507583374, 37.47106989563137], [127.13190312095344, 37.47115630890382], [127.1319147576485, 37.47124341400585], [127.13192016370904, 37.47134246426551], [127.13191729495648, 37.47144157771489], [127.13190616191133, 37.47154032186056], [127.1318868202973, 37.47163825514752], [127.13185934846393, 37.47173494500416], [127.13182386999668, 37.471829967817484], [127.13178055370172, 37.47192289992304], [127.13173004912161, 37.47201674093496], [127.13167160338821, 37.47210760835251], [127.13160548705731, 37.47219507839508], [127.13153202722846, 37.47227873622898], [127.1314515510375, 37.47235818503985], [127.13144704738049, 37.4723621814326], [127.13144054575814, 37.47236789192653], [127.13143403276773, 37.47237356639247], [127.1314274857999, 37.472379204855315], [127.13142089356562, 37.47238481633749], [127.1314142786742, 37.47239040081413], [127.1314076185163, 37.47239595831007], [127.13140092439662, 37.47240148881287], [127.13139419631513, 37.47240699232255], [127.13138743427179, 37.472412468839096], [127.13138062696203, 37.47241791837493], [127.13137379699509, 37.4724233409052], [127.13136692176168, 37.47242873645471], [127.13136002385558, 37.472434095988675], [127.13135308069857, 37.47243943755186], [127.13134611486885, 37.47244474309946], [127.13133910377263, 37.47245002166631], [127.13133207001931, 37.47245527322755], [127.13132499099949, 37.47246049780802], [127.13131788930698, 37.47246568637291], [127.13131074236357, 37.47247085696694], [127.13130344855163, 37.472476081782055], [127.13130070487583, 37.47247803096064], [127.13129335446112, 37.47248321078717], [127.13128609428047, 37.47248827338379], [127.13127881144273, 37.472493308974805], [127.13127149464319, 37.472498317572565], [127.13126414386628, 37.47250329016709], [127.13125666878344, 37.4725082899277], [127.13125252470851, 37.472511042534826], [127.1312449817492, 37.472516015339146], [127.13123748386754, 37.47252090700325], [127.13122992943029, 37.472525780708956], [127.13122232975768, 37.472530645453745], [127.13121468481856, 37.472535483217705], [127.1312069946285, 37.472540303010746], [127.13119924789838, 37.47254511385531], [127.13119146722201, 37.4725499067166], [127.13118362999, 37.472554681619364], [127.13117574750703, 37.4725594385512], [127.1311678197887, 37.47256418652212], [127.13115985810852, 37.4725689074997], [127.13115183990381, 37.472573628538726], [127.13114377643255, 37.472578322596824], [127.13113567903063, 37.47258300768154], [127.13112753637773, 37.472587674795285], [127.1311193484894, 37.472592332948054], [127.13111111535011, 37.472596973129846], [127.13110284828012, 37.47260160433822], [127.13109453595914, 37.47260621757558], [127.13108617840271, 37.47261082185195], [127.13107778690004, 37.472615408144904], [127.13106936146659, 37.47261998546441], [127.13106089079771, 37.47262455382289], [127.1310523748779, 37.47262910421033], [127.13104382502729, 37.47263364562429], [127.13103524126154, 37.47263818707482], [127.13102661222919, 37.47264270154426], [127.13101794928164, 37.47264721605024], [127.13100925240337, 37.472651721582736], [127.13100052159434, 37.47265621814174], [127.13099174553432, 37.47266069672964], [127.13098293555903, 37.47266517535404], [127.13097410295775, 37.47266964499252], [127.13096522512096, 37.472674105669896], [127.13095631335344, 37.47267855737375], [127.13094736767063, 37.472683009114064], [127.13093838805706, 37.472687451880844], [127.13092937451272, 37.47269188567404], [127.13092032703761, 37.472696310493724], [127.13091125695198, 37.47270073533744], [127.13090215295108, 37.472705160217615], [127.13089300371469, 37.472709576136566], [127.13088383185217, 37.47271398306957], [127.13087463739468, 37.47271839903662], [127.1308654090064, 37.472722806030035], [127.1308561466873, 37.472727204049875], [127.13084685046843, 37.47273161111611], [127.13083753162348, 37.47273600919633], [127.13082817887877, 37.47274041632295], [127.13081880350796, 37.47274481446356], [127.13080939422186, 37.47274921264052], [127.13079996234067, 37.47275361985148], [127.13079154704675, 37.47275753940827], [127.13078205863982, 37.472761946679654], [127.13077254762229, 37.47276635397498], [127.13076300268939, 37.47277076130665], [127.13075344646617, 37.47277517765988], [127.1307438563276, 37.47277959404945], [127.13073424359393, 37.47278401947298], [127.13072460824962, 37.47278844492044], [127.13071495031022, 37.47279287940183], [127.13070526977569, 37.47279732291717], [127.13069556663054, 37.47280176645642], [127.13068582958549, 37.472806219041956], [127.13067608125004, 37.47281068064905], [127.13066631031948, 37.47281515129005], [127.13065651679374, 37.47281963096498], [127.12916713002949, 37.47350064103687], [127.12889428338916, 37.47361176775185], [127.12889410261835, 37.47361183101688], [127.12888531258486, 37.47361487686923], [127.12887653379438, 37.47361788666872], [127.12886766451838, 37.47362086953503], [127.12886222993434, 37.473622677396335], [127.12885339443427, 37.47362557913496], [127.1288446831342, 37.47362839063885], [127.12883598304668, 37.47363114806992], [127.12882730547655, 37.47363385141593], [127.12881863911896, 37.47363650068909], [127.12880999527887, 37.47363909587721], [127.12880136265137, 37.4736416369925], [127.12879275254132, 37.47364412402275], [127.12878416493355, 37.473646547958005], [127.1287755885384, 37.4736489178204], [127.12876703466084, 37.47365123359782], [127.12875849198068, 37.473653486292385], [127.12874997181815, 37.47365568490194], [127.12874147415795, 37.473657820416506], [127.12873299900012, 37.47365989283609], [127.12872426384497, 37.47366197454495], [127.12872180034447, 37.4736625448283], [127.1287130650513, 37.47366454544628], [127.1287045782817, 37.47366643767587], [127.1286960801152, 37.47366827585696], [127.12868755923172, 37.47367005099176], [127.12867901567698, 37.47367179011021], [127.12867046071015, 37.473673466170176], [127.12866189434648, 37.473675088181665], [127.12865331660126, 37.47367666515467], [127.12864471615437, 37.47367818809131], [127.12863609300581, 37.47367965699162], [127.12862746976538, 37.47368107183128], [127.12861882382334, 37.47368243263458], [127.1286101777894, 37.47368373937723], [127.12860150906917, 37.47368500109353], [127.12859282893702, 37.47368619975128], [127.1285841374234, 37.47368735337054], [127.12857543449789, 37.473688443931266], [127.12856672019102, 37.473689489453484], [127.12855800579239, 37.47369048091502], [127.12854926869225, 37.47369141834017], [127.12854053150043, 37.473692301704645], [127.12853178291208, 37.47369313102059], [127.12852303423205, 37.47369390627585], [127.12851427415548, 37.47369462748258], [127.12850550268239, 37.47369529464075], [127.12849671981282, 37.473695907750404], [127.12848794815656, 37.47369646678722], [127.12847915379898, 37.47369697178763], [127.12847037066992, 37.47369743172521], [127.12846157612924, 37.473697828604244], [127.12845277019214, 37.47369817143473], [127.12844397546841, 37.473698460192374], [127.12843516936363, 37.473698703911474], [127.12842636315209, 37.47369888455988], [127.12841755684913, 37.473699011147595], [127.12840875045472, 37.47369908367462], [127.12839993267933, 37.47369911116308], [127.12839112610216, 37.47369907556871], [127.12838231943364, 37.47369898591365], [127.12837351268898, 37.47369885120788], [127.12836470583778, 37.47369865343144], [127.12835589889528, 37.47369840159429], [127.12834710318158, 37.473698104694336], [127.12833830736137, 37.47369774472367], [127.12832951144998, 37.47369733069232], [127.12832071546252, 37.47369687161028], [127.12831193067355, 37.4736963494454], [127.12830315709824, 37.473695773207695], [127.12829438344696, 37.47369515191933], [127.12828560968933, 37.47369446756026], [127.12827685846553, 37.473693738126265], [127.12826809583052, 37.47369294563369], [127.12825935572938, 37.47369210806618], [127.12825061553715, 37.47369121643799], [127.12824188654353, 37.47369026172698], [127.128233168779, 37.47368926195319], [127.12822446222826, 37.47368820810658], [127.12821576689142, 37.473687100187156], [127.12820707146359, 37.47368593820707], [127.12819839855455, 37.473684722142075], [127.12818973685943, 37.473683452004295], [127.12818108639343, 37.473682136803696], [127.1281724471262, 37.473680758520324], [127.12816381908816, 37.47367933517416], [127.12815520224892, 37.473677848745204], [127.12814660794376, 37.473676317241356], [127.12813802485267, 37.47367473166477], [127.12812946428046, 37.47367309200326], [127.12812091493753, 37.473671407279], [127.1281123767935, 37.47366965947197], [127.12810386118362, 37.47366786659004], [127.12809536809272, 37.473666019623245], [127.12808688621595, 37.473664118583706], [127.12807842687346, 37.47366217246928], [127.12806997872991, 37.473660163272136], [127.12806155312057, 37.47365810900013], [127.12805315004553, 37.47365600965326], [127.1280447694744, 37.47365384721155], [127.12803641143752, 37.47365163969503], [127.12802806461492, 37.47364937810576], [127.12801975163151, 37.47364707142953], [127.1280114498472, 37.473644701670594], [127.12800295569838, 37.47364222399669], [127.12799973220086, 37.47364127238465], [127.12799127183081, 37.473638713583554], [127.12798306021402, 37.4736361815457], [127.12797487111644, 37.47363359542303], [127.12796670453811, 37.47363095521555], [127.1279585604942, 37.47362826993331], [127.12795045027443, 37.47362553055415], [127.12794236258907, 37.47362274610023], [127.12793412774377, 37.47361984467288], [127.12793002158833, 37.47361837142188], [127.12792180921718, 37.47361538887944], [127.12791378904457, 37.473612415140856], [127.12790576878159, 37.47360938734169], [127.12789777103796, 37.473606305457714], [127.12788978450882, 37.47360316950112], [127.12788180919422, 37.47359997947182], [127.12787384509416, 37.473596735369874], [127.12786589220865, 37.47359343719528], [127.1278579505377, 37.473590084947986], [127.1278500200965, 37.47358668763805], [127.12784211215961, 37.473583227233334], [127.1278342154525, 37.473579721765994], [127.12782632997518, 37.473576171236026], [127.12781845569731, 37.47357255762337], [127.12781060395413, 37.473568898935994], [127.12780276344083, 37.473565195185984], [127.12779493414214, 37.47356143736332], [127.12778712736308, 37.473557625455946], [127.127779331829, 37.47355377749593], [127.12777154749449, 37.4735498664533], [127.12776378570992, 37.47354591934593], [127.12775603512492, 37.47354190915595], [127.12774830708989, 37.47353786290128], [127.12774059028474, 37.47353377158398], [127.1277328959993, 37.47352962618198], [127.12772521294374, 37.473525435717384], [127.12771754111822, 37.473521200190156], [127.12770989182746, 37.47351691958825], [127.12770225376674, 37.47351259392374], [127.12769463824087, 37.47350822318459], [127.12768704524984, 37.47350380737071], [127.12767946348883, 37.47349934649427], [127.12767189295788, 37.47349484055525], [127.12766434496184, 37.47349028954154], [127.12765681951583, 37.47348570246318], [127.12764930528472, 37.47348106131225], [127.12764180231397, 37.473476393118744], [127.12763432186304, 37.47347167084057], [127.12762686396219, 37.47346691249777], [127.12761941729146, 37.473462109092374], [127.12761198185079, 37.473457260624436], [127.12760456897543, 37.473452385101865], [127.12759717861984, 37.47344745549466], [127.12758979950958, 37.4734424898349], [127.12758244294942, 37.473437488110534], [127.12757509763459, 37.47343245033361], [127.12756777485475, 37.47342736748207], [127.12756046332021, 37.473422248577975], [127.12755317432071, 37.47341708459929], [127.12754589658167, 37.47341189357806], [127.12753863007283, 37.47340665749427], [127.12753138611416, 37.473401385345916], [127.12752416470572, 37.47339607713296], [127.1275169545426, 37.47339073286747], [127.12750975562484, 37.47338535254947], [127.1275025792573, 37.47337993616688], [127.12749541415025, 37.47337449274176], [127.1274882602735, 37.47336900425413], [127.12748112894693, 37.47336347970192], [127.12747400888091, 37.47335792810722], [127.12746691136513, 37.47335234044794], [127.12745982509472, 37.47334671673616], [127.12745275006976, 37.47334105697184], [127.12744568630534, 37.47333537016506], [127.12743864509122, 37.47332964729372], [127.12743161512248, 37.47332388836988], [127.12742459641436, 37.473318102403525], [127.12741760027156, 37.473312289382655], [127.12741060406944, 37.47330644032132], [127.1274036304176, 37.473300555195465], [127.12739666804148, 37.47329465203712], [127.12738971689569, 37.473288703816294], [127.12738277702563, 37.47328273756299], [127.12737584840103, 37.4732767352572], [127.12736893103705, 37.47327070590893], [127.12736203623848, 37.473264649506135], [127.12735514138065, 37.473258557062934], [127.12734825778337, 37.47325243757724], [127.12734138546188, 37.47324630005908], [127.12733452438589, 37.47324012648846], [127.12732767457052, 37.47323392587537], [127.12732083601584, 37.473227698219816], [127.12731400872177, 37.473221443521794], [127.12730718138351, 37.47321516179336], [127.12730037661076, 37.47320885301044], [127.12729357180893, 37.47320252620709], [127.12728676694788, 37.47319616336331], [127.1272799846674, 37.47318978247505], [127.12727320234278, 37.473183374556385], [127.12726641997406, 37.47317693960728], [127.12725964888105, 37.47317048662573], [127.1272528890488, 37.47316400660175], [127.1272461291724, 37.473157499547355], [127.12723938057182, 37.473150974460495], [127.12723263192711, 37.47314442234323], [127.12722589454314, 37.47313784318352], [127.12721915713014, 37.47313124600341], [127.12721241968816, 37.4731246308029], [127.1272056935069, 37.473117988559935], [127.12719896729666, 37.47311132829656], [127.12719224104241, 37.473104641002784], [127.12718551475913, 37.473097935688585], [127.12717879975166, 37.47309121234196], [127.1271720734105, 37.47308447098697], [127.12716535833006, 37.47307770258953], [127.12716240278885, 37.47307472341427], [127.12716827155401, 37.47317696292129], [127.12717423378355, 37.47324723476405], [127.12718141291323, 37.47334886019242], [127.12718253393273, 37.47336346424787], [127.12732322107306, 37.473490599147], [127.12756220396639, 37.47369135808396], [127.12775566269967, 37.47384477245446], [127.12792645456274, 37.47396388256916], [127.12813147575164, 37.474202068252595], [127.12828322706287, 37.47429182557292], [127.12831696077068, 37.47431836894348], [127.12865844209378, 37.474540207170094], [127.12865918906361, 37.47454070191756], [127.12878402100108, 37.4746217928792], [127.12878442844006, 37.474622062741005], [127.12882635980655, 37.47464929991677], [127.12951502942214, 37.475093650979595], [127.12968322966584, 37.47521447323666], [127.12979699378145, 37.47528097888876], [127.12984241867258, 37.475307923587145], [127.13002083842687, 37.475427950388195], [127.13002151752191, 37.475428409160685], [127.13013810006574, 37.47550315558441], [127.13028920486416, 37.47547672680631], [127.13029188339546, 37.475476264376354], [127.1304021208982, 37.475456988888574], [127.13053521050762, 37.475433714930695], [127.13053489349909, 37.475433444976204], [127.13052751145953, 37.47542700186183], [127.13052018590052, 37.475420531655274], [127.1305128942272, 37.47541404339121], [127.13050565901884, 37.475407519024984], [127.13049846901684, 37.47540098559895], [127.13049132417467, 37.47539441608308], [127.13048424711812, 37.47538781946277], [127.13047720394725, 37.47538120478494], [127.13047022854647, 37.47537455399268], [127.13046330964161, 37.47536788511831], [127.13045643589662, 37.47536118015418], [127.13044962995265, 37.475354457095605], [127.13044288047364, 37.47534769793497], [127.13043618747503, 37.47534091168223], [127.13042956226194, 37.47533409832513], [127.13042948298681, 37.47533401732142], [127.13042291423868, 37.47532716786224], [127.13041640197096, 37.47532029131102], [127.13040994615265, 37.475313369647736], [127.13040354681475, 37.475306420892444], [127.13039721524683, 37.475299436022794], [127.13039094014381, 37.47529241505115], [127.13038471021605, 37.47528536699982], [127.13037855936341, 37.475278282821854], [127.13037245367047, 37.47527116255421], [127.13036641576302, 37.47526401518228], [127.13036043432042, 37.475256831708386], [127.13035450935807, 37.47524962114255], [127.13034865216572, 37.47524237446244], [127.13034285145366, 37.47523510069038], [127.13033710722186, 37.47522779982639], [127.13033143075997, 37.47522046284817], [127.13032581077834, 37.47521309877804], [127.13032025856657, 37.47520569859367], [127.13031476283507, 37.475198271317424], [127.1303093348889, 37.475190816936966], [127.13030396342295, 37.475183335464614], [127.1302986597423, 37.47517582688808], [127.13029341252633, 37.47516828220967], [127.13028823311114, 37.47516071943713], [127.13028312148118, 37.4751531295604], [127.13027872369629, 37.4751464849577], [127.13074624175472, 37.475064740252996], [127.13066047580222, 37.47504187648558], [127.13037624181135, 37.474777823769074], [127.13050494568672, 37.474689826636535], [127.13031923551921, 37.47451729809443], [127.13029769938142, 37.474497490510345], [127.13029777607397, 37.47449606684341], [127.13029821535044, 37.474488533987], [127.13029873377728, 37.4744810100543], [127.13029929740854, 37.47447347706231], [127.13029994020555, 37.474465962004075], [127.13030063951194, 37.47445843787425], [127.13030139537406, 37.47445093170277], [127.13030221905055, 37.474443416447365], [127.13030311057224, 37.47443591012803], [127.13030405863415, 37.474428412757085], [127.13030507452584, 37.47442091531217], [127.13030614695768, 37.47441342681566], [127.13030728723467, 37.47440594725521], [127.13030848403638, 37.474398467633115], [127.13030974868322, 37.47439099694708], [127.13031106987019, 37.47438353520942], [127.13031245888673, 37.47437607339779], [127.13031391576382, 37.474368629532236], [127.13031541786052, 37.474361185617354], [127.13031699910724, 37.474353750626186], [127.130318636894, 37.4743463245834], [127.13032033122077, 37.47433890748897], [127.13032209340798, 37.474331508340605], [127.13032391211966, 37.474324109130535], [127.13032579867632, 37.47431671885653], [127.13032775309334, 37.47430934652853], [127.13032975272985, 37.47430197415124], [127.13033182022673, 37.474294619719934], [127.13033395556845, 37.47428727422467], [127.13033614746551, 37.47427994668774], [127.13033840719196, 37.47427261907681], [127.13034071216872, 37.47426530943655], [127.13034309631072, 37.47425801772996], [127.13034552568755, 37.47425073498402], [127.13034802290913, 37.47424346117409], [127.13035058799096, 37.47423620531015], [127.13035320961252, 37.47422895839453], [127.1303558877893, 37.4742217294372], [127.13035862252129, 37.47421451843819], [127.13036149264927, 37.47420715412112], [127.13036238187418, 37.47420490064615], [127.13036533116704, 37.474197554262695], [127.1303682694637, 37.4741903880916], [127.13037127562045, 37.474183239866434], [127.13037433833233, 37.47417610959958], [127.1303774575993, 37.474168997291], [127.13038063340589, 37.47416189393068], [127.13038387708797, 37.47415481752635], [127.13038717730967, 37.47414775007025], [127.13039053408637, 37.47414070057241], [127.13039394741811, 37.47413366903285], [127.13039742862529, 37.474126664449194], [127.13040096637204, 37.47411966881384], [127.13040456068917, 37.47411270014667], [127.13040821154586, 37.474105740427795], [127.13041191897298, 37.47409880767711], [127.13041568295503, 37.474091892884644], [127.13041950349202, 37.474084996050436], [127.13042343696935, 37.47407803602273], [127.1304258602733, 37.47407380767895], [127.13042989554027, 37.47406687457004], [127.13043394226624, 37.47406003154871], [127.13043804553153, 37.47405319747555], [127.13044221665669, 37.47404638134825], [127.13044645562607, 37.47403957415683], [127.13045073982993, 37.47403277592588], [127.13045509187803, 37.47402598663078], [127.13045951177037, 37.47401920627149], [127.13046398821753, 37.474012443870386], [127.13046850989902, 37.47400569042971], [127.13047309944027, 37.47399895493487], [127.13047775682567, 37.473992228375835], [127.1304824594454, 37.47398551077726], [127.13048721861982, 37.4739788111368], [127.13049204563846, 37.47397212043213], [127.13049691789138, 37.4739654386879], [127.13050184668346, 37.47395876589177], [127.13050684333517, 37.47395211104138], [127.13051188523663, 37.473945474161425], [127.13051698367721, 37.473938846229565], [127.13052212735207, 37.47393222725811], [127.13052733888648, 37.47392562623238], [127.13053259565507, 37.473919034167054], [127.13053789767338, 37.47391246007211], [127.13054326753569, 37.47390589491288], [127.13054868264767, 37.473899347724036], [127.13055414299386, 37.47389280949554], [127.1305596598791, 37.473886280215105], [127.13056522201398, 37.47387976890502], [127.13057084068792, 37.47387326654292], [127.13057650461148, 37.473866782151205], [127.13058222507405, 37.47386030670744], [127.13058799078628, 37.47385384923403], [127.13059380173259, 37.47384740072095], [127.13059965792846, 37.47384097017819], [127.13060557066335, 37.47383454858338], [127.1306115173274, 37.47382813596125], [127.13061752054591, 37.47382174129706], [127.1306235576936, 37.47381535560549], [127.13062965139574, 37.47380898787187], [127.13063579033188, 37.47380262909853], [127.13064196321268, 37.47379628830782], [127.13064819263244, 37.47378995646502], [127.13065445598129, 37.47378363359482], [127.13066077588451, 37.47377732868253], [127.13066712971688, 37.473771032742825], [127.13067351747836, 37.47376474577571], [127.13067996179419, 37.47375847676648], [127.1306864400391, 37.473752216729835], [127.13069295222863, 37.47374597467575], [127.13069952094148, 37.473739732559515], [127.1307061235989, 37.47373350842585], [127.13071276020086, 37.473727302274746], [127.1307194420213, 37.47372109607379], [127.1307261577863, 37.47371490785541], [127.13073291878517, 37.47370872859719], [127.13073908161711, 37.47370312663415], [127.13102825369432, 37.47351545565021], [127.13102828757779, 37.473515437593015], [127.13103481335516, 37.473510547008395], [127.1310426827296, 37.47350468186824], [127.1310505747125, 37.47349881670275], [127.13105848930385, 37.47349295151195], [127.13106642650368, 37.47348708629585], [127.13107439761679, 37.47348122104199], [127.13108238003349, 37.47347535577523], [127.1310903850742, 37.47346949949313], [127.13109841270779, 37.47346363417567], [127.13110646294979, 37.4734577688329], [127.13111453580022, 37.473451903464756], [127.13112263124353, 37.47344602906126], [127.13113074931078, 37.47344016364241], [127.1311388899709, 37.473434289188184], [127.13114704193458, 37.47342841472101], [127.13115521650666, 37.47342254022845], [127.13116341367157, 37.473416656700486], [127.13117162214002, 37.473410773159614], [127.13117985320129, 37.47340488058331], [127.13118810687094, 37.473398987981625], [127.13119637184413, 37.473393095366944], [127.13120465941012, 37.47338719371686], [127.13121295826404, 37.47338128304381], [127.13122127972635, 37.47337537234534], [127.13122961247657, 37.47336945262385], [127.13123795651474, 37.47336352387937], [127.13124632316125, 37.47335759510947], [127.13125470109567, 37.473351657316556], [127.13126310162288, 37.47334571048821], [127.1312708585681, 37.4733402238771], [127.13127928167123, 37.473334259002776], [127.13128771607782, 37.47332829411542], [127.13130527362424, 37.47331586803117], [127.1313137306052, 37.47330988509711], [127.13132221016326, 37.47330388411759], [127.13133068972002, 37.473297883137434], [127.1313391805646, 37.47329187313427], [127.1313476826971, 37.473285854108056], [127.13135618479704, 37.47327981706122], [127.131364698216, 37.47327378901136], [127.13137322290729, 37.473267742928414], [127.13138174758154, 37.473261687834864], [127.13139028354365, 37.473255623718266], [127.13139881948884, 37.47324955059105], [127.13141183792249, 37.47324028298784], [127.13142894362534, 37.473228082632325], [127.13144606054941, 37.473215837211846], [127.13146319999953, 37.47320354671399], [127.13148035065524, 37.47319120214116], [127.1314975238369, 37.47317881249092], [127.13151469691924, 37.47316636877815], [127.13153188120708, 37.47315387099039], [127.13154906539553, 37.473141319140076], [127.13156626077374, 37.47312870420477], [127.13158344473213, 37.47311602620935], [127.13160062857538, 37.473103285141335], [127.13161780099871, 37.47309048101324], [127.13163496200205, 37.47307761382503], [127.13165211155419, 37.47306466555672], [127.13166923838145, 37.473051654240756], [127.131686353773, 37.473038570854676], [127.13170344640841, 37.47302540640098], [127.1317205162876, 37.47301216087965], [127.13173755212145, 37.472998843313135], [127.13175455387855, 37.47298543568148], [127.13177152157459, 37.472971946994676], [127.13178844388908, 37.47295836825521], [127.13180534343155, 37.47294469943819], [127.13182218630331, 37.47293094959098], [127.131838972473, 37.47291710069362], [127.13185572455014, 37.472903152721194], [127.13187240863604, 37.47288911472114], [127.13188903600418, 37.47287496866099], [127.13190559538101, 37.47286073257326], [127.13192209802433, 37.472846379415486], [127.1319385326763, 37.47283193623017], [127.13197057732577, 37.4728034021539], [127.13233004423233, 37.47278928250468], [127.13232997439407, 37.47278812929897], [127.13232680424444, 37.472681571258114], [127.13233077872697, 37.47257503233636], [127.13234188702482, 37.4724688098758], [127.13236009572778, 37.4723632102523], [127.13238534881702, 37.472258539865486], [127.13241757893891, 37.47215508710629], [127.13245669616354, 37.4720531584096], [127.1324964881005, 37.47194924674498], [127.13252909874015, 37.471843757262704], [127.13255444952907, 37.471737005406645], [127.13257246193142, 37.4716293156294], [127.13258306868565, 37.47152099434971], [127.132653944645, 37.471208258813846], [127.13264057986828, 37.47108367399337], [127.13261530249639, 37.4709603998289], [127.13258545094227, 37.47085498136414], [127.13258080234675, 37.470838569348835], [127.13258026177586, 37.470837081196514], [127.13257654368002, 37.47082686917861], [127.13255454131624, 37.47077248164441], [127.13254957716005, 37.470760215632474], [127.13254553480337, 37.47074907779399], [127.13253978772332, 37.47073325071045], [127.13253772179898, 37.47072759905407], [127.13253625349694, 37.47072358774192], [127.13253508981533, 37.470720461345465], [127.13253331354997, 37.47071569734641], [127.13253065549813, 37.470709250976135], [127.13252933901487, 37.4707060617058], [127.13252863143812, 37.47070435862557], [127.13252116671076, 37.47068642822589], [127.13252104300379, 37.47068613908154], [127.13251696411506, 37.47067661163897], [127.13251414265055, 37.47067024253506], [127.1325107285062, 37.47066254284795], [127.13250834009854, 37.4706571603747], [127.132507340344, 37.47065492259187], [127.1325040291147, 37.47064752390732], [127.13250068658361, 37.47064024614973], [127.13249960211563, 37.47063788902856], [127.1324984342452, 37.47063536580572], [127.13249517818457, 37.470628342360556], [127.13249216393018, 37.47062177936256], [127.13249075060763, 37.47061870746527], [127.13248909829407, 37.47061525969762], [127.13248621437207, 37.470609251038404], [127.13248156290136, 37.47059970556497], [127.13247768870023, 37.47059163365264], [127.13247702508899, 37.470590253709815], [127.132476052055, 37.47058829174373], [127.13247237347912, 37.47058088479251], [127.1324677221691, 37.47057142941857], [127.1324629579734, 37.4705620642698], [127.13245819393603, 37.47055278922093], [127.13245342989984, 37.47054351417184], [127.1324485528208, 37.47053423924779], [127.132443788787, 37.470524964198255], [127.13243891186752, 37.47051577937388], [127.13243392190526, 37.470506594674504], [127.13243007496791, 37.47049942047779], [127.13242904287019, 37.47049749808655], [127.13242405489734, 37.47048840581155], [127.13241906692569, 37.47047931353633], [127.13241890678579, 37.470479024254296], [127.13241407589787, 37.47047030625003], [127.13240387052736, 37.4704522974996], [127.13239876800101, 37.47044338322414], [127.13239366547586, 37.47043446894846], [127.13238856295193, 37.4704255546725], [127.13238334754249, 37.4704167306216], [127.13237824517806, 37.470407906445296], [127.132373029771, 37.47039908239391], [127.1323678143652, 37.4703902583423], [127.13236259911768, 37.47038152439054], [127.13235738402841, 37.47037288053861], [127.13235205573955, 37.470364146711525], [127.1323468406527, 37.4703555028591], [127.13234151252334, 37.470346859131595], [127.13233879211894, 37.470342350139596], [127.13233629775989, 37.47033821754176], [127.13233096789644, 37.470329665018646], [127.13232872544829, 37.47032605905511], [127.13232564150026, 37.47032110802263], [127.13232031368973, 37.4703126444943], [127.13231498572343, 37.47030409086564], [127.13230965791534, 37.47029562733678], [127.13230681107082, 37.47029110496], [127.13230432862571, 37.47028716382687], [127.13230326092169, 37.47028548337424], [127.13229900245977, 37.47027879037846], [127.13229356161165, 37.470270326973974], [127.13228940599248, 37.47026379561242], [127.1322882350741, 37.47026195661194], [127.1322875607786, 37.47026090685447], [127.13228290647716, 37.47025367021429], [127.13227746578961, 37.47024529690913], [127.1322721383038, 37.47023701357872], [127.13226767194631, 37.47023006915411], [127.13226680907907, 37.47022872866676], [127.13225832708282, 37.47021589522866], [127.13225386711774, 37.470209147758816], [127.13187755692363, 37.47036602261024], [127.13187736489003, 37.47036610391232], [127.13159242858923, 37.470484890744004], [127.13165513805023, 37.47057189460313]]]}}, {"type": "Feature", "properties": {"facility_layer": "UPIS_C_UQ151", "urban_facility": "중로1류", "urban_facility_landuse": "기타", "urban_facility_source": "도시계획 시설정보"}, "geometry": {"type": "Polygon", "coordinates": [[[127.13258966047883, 37.47277769625464], [127.13258920572798, 37.47275033331729], [127.13258754698279, 37.47270676268266], [127.13258792685649, 37.472671821389255], [127.13258747128894, 37.47264398993111], [127.13258907453982, 37.47262340925841], [127.13259272435502, 37.472564218363125], [127.13259574132825, 37.47253752732567], [127.13259783077912, 37.47251053097606], [127.13259939762447, 37.472501474163884], [127.13261226007467, 37.47242246901402], [127.1326161622245, 37.47240421037603], [127.13262067234487, 37.47237805828215], [127.13262591759081, 37.47235856378026], [127.13262728560369, 37.472352174155255], [127.13264581633756, 37.4722823259054], [127.13264983008278, 37.472269716427334], [127.13265586157142, 37.47224731982341], [127.13266400762522, 37.47222526325324], [127.13266785273909, 37.47221319456307], [127.1326922690583, 37.47214748438335], [127.13269515149022, 37.472140867825615], [127.13270321879791, 37.47211904560043], [127.13275633983788, 37.47197704268689], [127.1327973377064, 37.471832512387934], [127.13282603274688, 37.47168611264739], [127.13284227923629, 37.47153851037789], [127.13282144357078, 37.47120167569884], [127.132653944645, 37.471208258813846], [127.1326160836623, 37.471375337692855], [127.13258306868565, 37.47152099434971], [127.13257730859821, 37.47158874711982], [127.1325686428801, 37.47165630489072], [127.1325571052956, 37.47172358653412], [127.13254269571141, 37.47179051996916], [127.13252542526733, 37.47185701508215], [127.13250531645525, 37.47192300877679], [127.13248239173579, 37.47198841993655], [127.13245669616354, 37.4720531584096], [127.13243101174174, 37.47211783379389], [127.13240809806177, 37.472183163834686], [127.13238798891858, 37.472249076416006], [127.13237070680277, 37.4723154994341], [127.13235626288484, 37.47238235178765], [127.13234466833549, 37.472449552375075], [127.13233595695071, 37.472517029079576], [127.13233012861261, 37.47258470982173], [127.13232718317185, 37.47265250450189], [127.13232713179971, 37.47272033201763], [127.13232997439407, 37.47278812929897], [127.13244967888224, 37.47467961483452], [127.13238105773596, 37.4747512214029], [127.1328536076279, 37.47462759321987], [127.13273617025602, 37.47455610303188], [127.13272472293755, 37.47437519353104], [127.132713655244, 37.47436659540117], [127.13268681535622, 37.474286182254225], [127.13268603111062, 37.47427380746976], [127.1326840036841, 37.474268498005955], [127.13258966047883, 37.47277769625464]]]}}, {"type": "Feature", "properties": {"facility_layer": "UPIS_C_UQ151", "urban_facility": "대로3류", "urban_facility_landuse": "기타", "urban_facility_source": "도시계획 시설정보"}, "geometry": {"type": "Polygon", "coordinates": [[[127.12956381606942, 37.47402309048215], [127.12951467209736, 37.47397588615912], [127.12946751568629, 37.47392740924998], [127.12942238085704, 37.4738777227905], [127.12937932420897, 37.47382687177174], [127.12933839108221, 37.473774928227165], [127.12929963805989, 37.47372192813778], [127.12926309917638, 37.47366794354913], [127.1292288084349, 37.473613028486625], [127.1291967998383, 37.47355723697561], [127.12916713002949, 37.47350064103687], [127.12889428338916, 37.47361176775185], [127.12892753394144, 37.47367340550999], [127.12896323620913, 37.47373415763171], [127.12900135622111, 37.47379398811134], [127.12904183730407, 37.473852806907544], [127.12908466808052, 37.473910568980024], [127.12912976931233, 37.47396721134173], [127.12917712962113, 37.47402268895225], [127.12922668105736, 37.47407692980217], [127.12927836700665, 37.474129879889865], [127.1293321534639, 37.47418148518917], [127.13027024269994, 37.47505296117868], [127.1302271878139, 37.47515549706333], [127.13074624175472, 37.475064740252996], [127.13066047580222, 37.47504187648558], [127.12956381606942, 37.47402309048215]]]}}, {"type": "Feature", "properties": {"facility_layer": "UPIS_C_UQ151", "urban_facility": "광로3류", "urban_facility_landuse": "기타", "urban_facility_source": "도시계획 시설정보"}, "geometry": {"type": "Polygon", "coordinates": [[[127.1353354149254, 37.474678751747284], [127.13553305292079, 37.47465520082353], [127.13573151340394, 37.474636487016014], [127.13593058166569, 37.474622637594926], [127.13686986195039, 37.47458568754032], [127.13697108345158, 37.47465877796953], [127.13696608843625, 37.47457834223341], [127.1369397736288, 37.47415409051657], [127.13693974947154, 37.47415369462196], [127.13684428932412, 37.474153584909274], [127.13684379432878, 37.474154020271726], [127.13639456676917, 37.4741717430188], [127.13639287513706, 37.47417181002303], [127.13626291264704, 37.47420321440586], [127.13609128031892, 37.474209959957705], [127.13602019759355, 37.4742127605905], [127.13587779231356, 37.47421883871259], [127.13546805504652, 37.47424060524504], [127.13528708838778, 37.47425744316889], [127.13528266978665, 37.474266046587495], [127.13506016430128, 37.47429658289155], [127.13433896327433, 37.47441310817316], [127.13366033000499, 37.47453180713017], [127.13352054787508, 37.47452859746122], [127.13312987473641, 37.47459694350449], [127.13312236383551, 37.474580590037576], [127.13285363022217, 37.47462758418474], [127.13273683800749, 37.47455653477136], [127.13272468910547, 37.47517967226082], [127.13279331031387, 37.475108065498034], [127.1335843229952, 37.47496974523417], [127.13372410482782, 37.474972976693756], [127.13442759499443, 37.474849957587814], [127.13445303679556, 37.474942362765816], [127.13475117243254, 37.47489022838512], [127.13472573028244, 37.47479782327114], [127.13474957656419, 37.47479365177764], [127.13495601492599, 37.474759937603444], [127.13516354653399, 37.474730798922465], [127.13520870934029, 37.474723954279426], [127.1353354149254, 37.474678751747284]]]}}, {"type": "Feature", "properties": {"facility_layer": "UPIS_C_UQ153", "urban_facility": "완충녹지", "urban_facility_landuse": "공원/녹지", "urban_facility_source": "도시계획 시설정보"}, "geometry": {"type": "Polygon", "coordinates": [[[127.13445303679556, 37.474942362765816], [127.13442759499443, 37.474849957587814], [127.13372410482782, 37.474972976693756], [127.1335843229952, 37.47496974523417], [127.13279331031387, 37.475108065498034], [127.13272468910547, 37.47517967226082], [127.13272875814684, 37.4752438821541], [127.13445303679556, 37.474942362765816]]]}}, {"type": "Feature", "properties": {"facility_layer": "UPIS_C_UQ151", "urban_facility": "대로1류", "urban_facility_landuse": "기타", "urban_facility_source": "도시계획 시설정보"}, "geometry": {"type": "Polygon", "coordinates": [[[127.13244967888224, 37.47467961483452], [127.13238105773596, 37.4747512214029], [127.13193146781917, 37.474829835325025], [127.13180622587167, 37.47487941146402], [127.13074624175472, 37.475064740252996], [127.1302271878139, 37.47515549706333], [127.12973815006123, 37.4752409932151], [127.13014321977018, 37.47550225801967], [127.13063351324075, 37.47541653357181], [127.1306855239136, 37.47540743067006], [127.13068920839545, 37.4754068500012], [127.13069291565805, 37.47540636841754], [127.13069664568597, 37.47540597690909], [127.13070038720505, 37.475405693508165], [127.13070414018433, 37.4754055001948], [127.1307078933497, 37.47540541500137], [127.13071165799077, 37.47540542890545], [127.13071541148183, 37.47540553292183], [127.13071915385383, 37.47540574507045], [127.13087454986702, 37.47537679705615], [127.1310863064299, 37.47533736245858], [127.13136288230396, 37.4752889994236], [127.13189507965551, 37.47519594359106], [127.13237369449597, 37.47511226107094], [127.13246354117997, 37.47516694246271], [127.13279331031387, 37.475108065498034], [127.13285363022217, 37.47462758418474], [127.13244967888224, 37.47467961483452]]]}}, {"type": "Feature", "properties": {"facility_layer": "UPIS_C_UQ153", "urban_facility": "완충녹지", "urban_facility_landuse": "공원/녹지", "urban_facility_source": "도시계획 시설정보"}, "geometry": {"type": "Polygon", "coordinates": [[[127.13686986195039, 37.47458568754032], [127.13593058166569, 37.474622637594926], [127.13573129864079, 37.474636505279996], [127.1355326460205, 37.47465524633511], [127.13533480459868, 37.47467883352864], [127.13520896927575, 37.47472390893524], [127.13516354653399, 37.474730798922465], [127.13494402350187, 37.47476176215815], [127.13472574163546, 37.47479785028842], [127.13475117243254, 37.47489022838512], [127.13477501874223, 37.47488605688646], [127.13501922893607, 37.47484674081799], [127.1352649427301, 37.47481392777746], [127.13551188894559, 37.47478766311325], [127.13575979638937, 37.47476798316577], [127.13600839380511, 37.47475488823777], [127.13683853317039, 37.47472223423918], [127.13698185240878, 37.477036383359696], [127.1371350184104, 37.47703036016863], [127.13714579125946, 37.47694211271045], [127.1370323467709, 37.47511032596778], [127.1369917837048, 37.47500366681608], [127.13697039295107, 37.474658283209955], [127.13686986195039, 37.47458568754032]]]}}, {"type": "Feature", "properties": {"facility_layer": "UPIS_C_UQ151", "urban_facility": "소로2류", "urban_facility_landuse": "기타", "urban_facility_source": "도시계획 시설정보"}, "geometry": {"type": "Polygon", "coordinates": [[[127.13267672316158, 37.47580817436528], [127.13263601115148, 37.47583943025266], [127.13254006392015, 37.47583953667868], [127.13254462139135, 37.47591161177599], [127.13271170110035, 37.47591142639196], [127.13276037626034, 37.47593432986756], [127.13267672316158, 37.47580817436528]]]}}, {"type": "Feature", "properties": {"facility_layer": "UPIS_C_UQ153", "urban_facility": "근린공원", "urban_facility_landuse": "공원/녹지", "urban_facility_source": "도시계획 시설정보"}, "geometry": {"type": "Polygon", "coordinates": [[[127.13775139318227, 37.47900705212072], [127.13765559010419, 37.478920576306415], [127.13761499802729, 37.478855660867744], [127.13757587461076, 37.47879011302229], [127.13753833307136, 37.478724022741304], [127.1375023732426, 37.47865729992634], [127.13746799544748, 37.478590124778734], [127.13746776835595, 37.47858958443918], [127.13737327809439, 37.47854085883873], [127.13639348851677, 37.47857937283743], [127.13633854583772, 37.47858087714108], [127.13631491694866, 37.4785808139987], [127.13625771007109, 37.47858060894497], [127.13620061301593, 37.47857860173549], [127.13614351418587, 37.478575603398866], [127.13608663872598, 37.478571073077845], [127.13602998647822, 37.47856492067272], [127.13597355873759, 37.478557866983515], [127.1359174669486, 37.47854901088234], [127.13586171192159, 37.4785388028695], [127.1358062946268, 37.47852778354516], [127.13575155213887, 37.47851478122504], [127.13569714690472, 37.47850069729481], [127.13564330487746, 37.478485441398284], [127.1355902510444, 37.47846838257993], [127.13553764801101, 37.47845051232508], [127.13550993081145, 37.47844018224192], [127.13545845499874, 37.47842041857037], [127.13540776803211, 37.47839921238014], [127.13535820908126, 37.47837656328801], [127.13530910109836, 37.478353192863196], [127.13526134692466, 37.478328199082874], [127.13521438224656, 37.478302123188044], [127.13516820770697, 37.478275325579496], [127.13512531036959, 37.47824771334592], [127.13508048743098, 37.478218030969735], [127.13504086796743, 37.478189964499265], [127.13500158465514, 37.478160185732776], [127.13496343160797, 37.4781302254763], [127.13492482092423, 37.4780972023188], [127.13484815661154, 37.47802647012885], [127.13442987391306, 37.47829462891369], [127.13419634355408, 37.478063243874246], [127.13397074247864, 37.47783977828892], [127.13374536917419, 37.477616492208774], [127.13351999721142, 37.47739320568774], [127.13329462674855, 37.4771700088258], [127.1330692574689, 37.47694672142301], [127.13284388953089, 37.47672343357939], [127.13261829667117, 37.47650005544577], [127.13303657587899, 37.47623190299821], [127.13291268119738, 37.476109144179354], [127.13286375378775, 37.4760584721706], [127.13283645505138, 37.476028138748816], [127.13281017301912, 37.475997353689955], [127.13278400090907, 37.475964766499196], [127.1327461598764, 37.47591813663277], [127.13271492804051, 37.475901322578125], [127.13254422001104, 37.47590187239075], [127.13256131091866, 37.476172334196605], [127.13192493838409, 37.47617303821463], [127.13173969887843, 37.47600862946121], [127.13149177210866, 37.4758112226111], [127.13253840713438, 37.47581006674382], [127.13253945291319, 37.47582628361833], [127.13263396468221, 37.47582635898602], [127.13266998166077, 37.475799649359956], [127.13265081008242, 37.47576200875772], [127.13262869083415, 37.47571959611266], [127.1326084925466, 37.47567664073093], [127.13258998927078, 37.47563323296429], [127.13257318084685, 37.47558928271354], [127.13255829368993, 37.47554496992871], [127.13254532779676, 37.47550029461049], [127.13247937568899, 37.47535256736247], [127.1324761782327, 37.47532773929191], [127.13247342192973, 37.475303054892564], [127.13247100462483, 37.47527828001717], [127.1324692656283, 37.47525350438993], [127.13246368780044, 37.47516674407978], [127.13238129902568, 37.47511655943906], [127.13241664057742, 37.47567505140917], [127.1313637895827, 37.475676213027114], [127.13136311933734, 37.47528878292264], [127.13108509713925, 37.475337571015004], [127.13106650813994, 37.475342186506275], [127.13105727836783, 37.475345971823124], [127.13106586508721, 37.47536261292616], [127.1310553621403, 37.4753688954141], [127.131039941536, 37.47538177862599], [127.131034174673, 37.475387614429714], [127.13102715937293, 37.47540373203397], [127.13102258763048, 37.4754142517375], [127.13102320151893, 37.475435884121936], [127.13102610202158, 37.475446134345404], [127.13103556606515, 37.475473280171634], [127.13104018035098, 37.47548086155045], [127.13105240450999, 37.47549585884338], [127.13106807756925, 37.47551132988491], [127.13121373733185, 37.47564444630869], [127.13134001373189, 37.4757605909506], [127.13154677595465, 37.47595054709038], [127.13192452766982, 37.476294520745334], [127.13197034018124, 37.47632904161753], [127.13212366401339, 37.476459787812644], [127.13218224326715, 37.47651542298194], [127.13233090355399, 37.47663595670016], [127.13269725766534, 37.47691667211579], [127.13280291939051, 37.477001609330244], [127.13303030792784, 37.47719692790003], [127.13322466051623, 37.47737788484557], [127.13332293630233, 37.477473011138116], [127.13344100828769, 37.47759389290357], [127.13358320443837, 37.4777456699628], [127.13374044132006, 37.47792527096537], [127.13408307786518, 37.47830911015333], [127.13408989594703, 37.4783159681354], [127.1345122170247, 37.478526832464105], [127.13455115816254, 37.47854853880363], [127.13455944677989, 37.47853668130242], [127.13465459565079, 37.47857531719612], [127.13466869984957, 37.478559623878404], [127.13471362821063, 37.478584981483245], [127.13477157101912, 37.47861762250663], [127.13479080672893, 37.478626700927116], [127.13512369344082, 37.4787810269456], [127.1351834224618, 37.4788070884357], [127.13524361312922, 37.47883206817132], [127.13530549470532, 37.47885425285729], [127.13541103544024, 37.47888720006382], [127.1357784497054, 37.47899589443011], [127.13607866480872, 37.47908619366795], [127.13672592107216, 37.47928313450137], [127.13682920123641, 37.479315722624015], [127.13701677585065, 37.47938515507685], [127.13718718097213, 37.47945658914847], [127.13721558038023, 37.479468720055046], [127.13729569270214, 37.47950601957921], [127.13736460995904, 37.47954198041805], [127.13746442661123, 37.47959700689699], [127.13751965670403, 37.4796289288856], [127.1375923188096, 37.47967245369092], [127.1376642918371, 37.4797162495455], [127.13775349427593, 37.47977209890873], [127.1378054521578, 37.47980744833998], [127.13794853201732, 37.47990954686256], [127.1380871218936, 37.480016786106184], [127.13813467788063, 37.48005601478369], [127.13819343672411, 37.48010694349936], [127.13824972738244, 37.48016210974696], [127.13839313583834, 37.480313492106724], [127.13843312529075, 37.48035714433219], [127.13845851684232, 37.480387298445734], [127.13852299178261, 37.480472548512346], [127.13858205496011, 37.480559787022614], [127.13861221723202, 37.480608225890286], [127.1386794827529, 37.48072311556591], [127.13874005282412, 37.480830444567715], [127.13891466991775, 37.48117424384682], [127.13906820302591, 37.48147499954663], [127.13909225195744, 37.48151867009505], [127.13911491643438, 37.48154720543447], [127.13915342719332, 37.4815915799288], [127.13928831598125, 37.48171864406041], [127.13934131483008, 37.481765614501015], [127.13940428319101, 37.48181734858864], [127.13943779411676, 37.48184172660248], [127.13949398355278, 37.481865231185886], [127.13946753706443, 37.4818029398325], [127.13943767270021, 37.48173260652382], [127.13942066767764, 37.481646130282606], [127.13940881151426, 37.48159289496388], [127.1393941204111, 37.48153506784668], [127.1393875335989, 37.48151912781562], [127.13935971493774, 37.48145446840277], [127.13933031414192, 37.48139017122832], [127.13929933154598, 37.481326416490894], [127.1392666540931, 37.481263204321046], [127.13923250774164, 37.48120044435397], [127.13919677976523, 37.48113831691994], [127.13915946983646, 37.48107664181769], [127.1391206915139, 37.48101568921383], [127.13898600266667, 37.48087348782406], [127.13873898325207, 37.48051139231392], [127.13866077241167, 37.48034011270098], [127.13862381632536, 37.48028600541951], [127.13775139318227, 37.47900705212072]], [[127.13708042543749, 37.47859554358579], [127.13717514811066, 37.47864156614898], [127.13753271101882, 37.47881585927494], [127.1375736451129, 37.47888239615105], [127.13763475762038, 37.478978823014515], [127.13771535694254, 37.4790977524186], [127.138170269927, 37.47976486914531], [127.13817913059455, 37.47978179772083], [127.13818481548667, 37.479799360669716], [127.13818551485336, 37.479817109584985], [127.13818115217586, 37.47983648615722], [127.13817382081304, 37.47985226215774], [127.13816097123036, 37.479867503938536], [127.13812788770475, 37.47989087812381], [127.13808844666914, 37.47989984362855], [127.13806018214665, 37.479899876293445], [127.13801550486495, 37.47989551300653], [127.13799402268177, 37.47988869021127], [127.13797138682035, 37.47987538153562], [127.13790276293979, 37.47982076998919], [127.13785251070438, 37.47978460773173], [127.13778107756181, 37.47973936976786], [127.13744312942569, 37.47954243973087], [127.13734976382395, 37.47949109992301], [127.13726230575283, 37.479449213767936], [127.13717314419624, 37.47940931170632], [127.13713297920191, 37.479392959587365], [127.13706157778466, 37.47936484017331], [127.13696938576577, 37.47933079794196], [127.13685388348247, 37.47929164663159], [127.13655919090388, 37.47919900045309], [127.13610773059433, 37.479060310835614], [127.13610024467326, 37.478920754249394], [127.13608588553117, 37.47866173269956], [127.13668741408874, 37.47863680918302], [127.13684126397632, 37.478632037981406], [127.136916053203, 37.478602039059155], [127.13708042543749, 37.47859554358579]]]}}, {"type": "Feature", "properties": {"facility_layer": "UPIS_C_UQ153", "urban_facility": "공공공지시설 기타", "urban_facility_landuse": "기타", "urban_facility_source": "도시계획 시설정보"}, "geometry": {"type": "Polygon", "coordinates": [[[127.12696690471287, 37.46881736904054], [127.12692452435893, 37.4688235138134], [127.12685634020619, 37.46889276516339], [127.12685705532424, 37.46890130591343], [127.12685715933308, 37.46890266631764], [127.1268576209763, 37.46890834214694], [127.12687398931992, 37.46911137481851], [127.12687773999632, 37.46918445119054], [127.12688496373809, 37.46921173490688], [127.12689530473682, 37.46935246059629], [127.12692442168782, 37.469750051292905], [127.12692876015045, 37.469816288419814], [127.12693330393482, 37.469876858019916], [127.12694653660294, 37.47001613000519], [127.12696820189689, 37.470283641772895], [127.12697008273985, 37.47034033988167], [127.12697333023452, 37.470355743581656], [127.12697724452327, 37.47037104746325], [127.126981814287, 37.47038624252842], [127.12698705077028, 37.47040129272502], [127.12699294265401, 37.47041618905498], [127.12699947860403, 37.47043091351018], [127.12700664728621, 37.47044544808243], [127.12701444868571, 37.4704597837617], [127.12702286013388, 37.47047388453178], [127.12703188163093, 37.47048775039254], [127.12704150184258, 37.47050136333586], [127.12705170941949, 37.47051469634352], [127.12706249304237, 37.47052774041742], [127.1270738413618, 37.47054046853934], [127.12700176756425, 37.469582067297914], [127.12699161689898, 37.46944714388021], [127.12701420135403, 37.46944627295532], [127.12696690471287, 37.46881736904054]]]}}, {"type": "Feature", "properties": {"facility_layer": "UPIS_C_UQ153", "urban_facility": "공공공지시설 기타", "urban_facility_landuse": "기타", "urban_facility_source": "도시계획 시설정보"}, "geometry": {"type": "Polygon", "coordinates": [[[127.12696690471287, 37.46881736904054], [127.12692452435893, 37.4688235138134], [127.12685634020619, 37.46889276516339], [127.12685705532424, 37.46890130591343], [127.12685715933308, 37.46890266631764], [127.1268576209763, 37.46890834214694], [127.12687398931992, 37.46911137481851], [127.12687773999632, 37.46918445119054], [127.12688496373809, 37.46921173490688], [127.12689530473682, 37.46935246059629], [127.12692442168782, 37.469750051292905], [127.12692876015045, 37.469816288419814], [127.12693330393482, 37.469876858019916], [127.12694653660294, 37.47001613000519], [127.12696820189689, 37.470283641772895], [127.12697008273985, 37.47034033988167], [127.12697333023452, 37.470355743581656], [127.12697724452327, 37.47037104746325], [127.126981814287, 37.47038624252842], [127.12698705077028, 37.47040129272502], [127.12699294265401, 37.47041618905498], [127.12699947860403, 37.47043091351018], [127.12700664728621, 37.47044544808243], [127.12701444868571, 37.4704597837617], [127.12702286013388, 37.47047388453178], [127.12703188163093, 37.47048775039254], [127.12704150184258, 37.47050136333586], [127.12705170941949, 37.47051469634352], [127.12706249304237, 37.47052774041742], [127.1270738413618, 37.47054046853934], [127.12700176756425, 37.469582067297914], [127.12699161689898, 37.46944714388021], [127.12701420135403, 37.46944627295532], [127.12696690471287, 37.46881736904054]]]}}, {"type": "Feature", "properties": {"facility_layer": "UPIS_C_UQ153", "urban_facility": "공공공지시설 기타", "urban_facility_landuse": "기타", "urban_facility_source": "도시계획 시설정보"}, "geometry": {"type": "Polygon", "coordinates": [[[127.12696690471287, 37.46881736904054], [127.12692452435893, 37.4688235138134], [127.12685634020619, 37.46889276516339], [127.12685705532424, 37.46890130591343], [127.12685715933308, 37.46890266631764], [127.1268576209763, 37.46890834214694], [127.12687398931992, 37.46911137481851], [127.12687773999632, 37.46918445119054], [127.12688496373809, 37.46921173490688], [127.12689530473682, 37.46935246059629], [127.12692442168782, 37.469750051292905], [127.12692876015045, 37.469816288419814], [127.12693330393482, 37.469876858019916], [127.12694653660294, 37.47001613000519], [127.12696820189689, 37.470283641772895], [127.12697008273985, 37.47034033988167], [127.12697333023452, 37.470355743581656], [127.12697724452327, 37.47037104746325], [127.126981814287, 37.47038624252842], [127.12698705077028, 37.47040129272502], [127.12699294265401, 37.47041618905498], [127.12699947860403, 37.47043091351018], [127.12700664728621, 37.47044544808243], [127.12701444868571, 37.4704597837617], [127.12702286013388, 37.47047388453178], [127.12703188163093, 37.47048775039254], [127.12704150184258, 37.47050136333586], [127.12705170941949, 37.47051469634352], [127.12706249304237, 37.47052774041742], [127.1270738413618, 37.47054046853934], [127.12700176756425, 37.469582067297914], [127.12699161689898, 37.46944714388021], [127.12701420135403, 37.46944627295532], [127.12696690471287, 37.46881736904054]]]}}, {"type": "Feature", "properties": {"facility_layer": "UPIS_C_UQ153", "urban_facility": "공공공지시설 기타", "urban_facility_landuse": "기타", "urban_facility_source": "도시계획 시설정보"}, "geometry": {"type": "Polygon", "coordinates": [[[127.12696690471287, 37.46881736904054], [127.12692452435893, 37.4688235138134], [127.12685634020619, 37.46889276516339], [127.12685705532424, 37.46890130591343], [127.12685715933308, 37.46890266631764], [127.1268576209763, 37.46890834214694], [127.12687398931992, 37.46911137481851], [127.12687773999632, 37.46918445119054], [127.12688496373809, 37.46921173490688], [127.12689530473682, 37.46935246059629], [127.12692442168782, 37.469750051292905], [127.12692876015045, 37.469816288419814], [127.12693330393482, 37.469876858019916], [127.12694653660294, 37.47001613000519], [127.12696820189689, 37.470283641772895], [127.12697008273985, 37.47034033988167], [127.12697333023452, 37.470355743581656], [127.12697724452327, 37.47037104746325], [127.126981814287, 37.47038624252842], [127.12698705077028, 37.47040129272502], [127.12699294265401, 37.47041618905498], [127.12699947860403, 37.47043091351018], [127.12700664728621, 37.47044544808243], [127.12701444868571, 37.4704597837617], [127.12702286013388, 37.47047388453178], [127.12703188163093, 37.47048775039254], [127.12704150184258, 37.47050136333586], [127.12705170941949, 37.47051469634352], [127.12706249304237, 37.47052774041742], [127.1270738413618, 37.47054046853934], [127.12700176756425, 37.469582067297914], [127.12699161689898, 37.46944714388021], [127.12701420135403, 37.46944627295532], [127.12696690471287, 37.46881736904054]]]}}, {"type": "Feature", "properties": {"facility_layer": "UPIS_C_UQ152", "urban_facility": "복정역", "urban_facility_landuse": "기타", "urban_facility_source": "도시계획 시설정보"}, "geometry": {"type": "Polygon", "coordinates": [[[127.127012020819, 37.471326884308006], [127.12702631135215, 37.47156448154034], [127.12707538796876, 37.471559780232184], [127.12706740076463, 37.47142090817658], [127.12706656245614, 37.471406330844864], [127.12706508375848, 37.47138060879104], [127.1270591682613, 37.471324608752305], [127.12707112751161, 37.47132403742476], [127.12707345086778, 37.47135461498551], [127.1271152064885, 37.471352597416896], [127.1271097390646, 37.47128064915753], [127.12705480345768, 37.471283302418435], [127.12700998398834, 37.470859085885394], [127.12698739245099, 37.47057190624528], [127.12697119945112, 37.47037271172615], [127.12697109253207, 37.470369612390094], [127.12697059493681, 37.4703559627262], [127.12696830934266, 37.47028705645942], [127.12696618200184, 37.470258731189915], [127.12694653660294, 37.47001613000519], [127.12694339526051, 37.46998305752526], [127.12680014691219, 37.46998320948073], [127.12684027670429, 37.47045007559279], [127.12687133072619, 37.47089736348285], [127.12694671059883, 37.47089832865984], [127.12696616990499, 37.47111736878578], [127.12688671314929, 37.47111895778425], [127.1268894783073, 37.4711501385528], [127.1268985458429, 37.47124568026371], [127.12700669548535, 37.47123843853416], [127.1270095211358, 37.471285485891464], [127.12688608552111, 37.4712914283779], [127.12686835644863, 37.47102527297982], [127.12676486975415, 37.46985668300501], [127.12650343902236, 37.46985248181618], [127.12650398021, 37.46985841885266], [127.12635706950331, 37.46985857414439], [127.1263651962368, 37.46996668590152], [127.12651368975955, 37.46996652892531], [127.12661978123516, 37.47114700056854], [127.12652720215584, 37.471149945710664], [127.1265255575877, 37.47109917595004], [127.12643076414395, 37.47099418323792], [127.12638648672961, 37.47101594419835], [127.12646619548964, 37.4711114833585], [127.12646684064366, 37.47111875376791], [127.12646868151288, 37.47113127575849], [127.12647399002536, 37.47118962808775], [127.1264810361762, 37.471320716522094], [127.1264841630378, 37.4713723406664], [127.12653699998975, 37.47137203249789], [127.12653211559255, 37.47124934813585], [127.12662721963446, 37.47124876094355], [127.12663472849219, 37.47131817524714], [127.12665278998699, 37.47154684860739], [127.12649528655388, 37.471555574814694], [127.12649683258728, 37.471581116603296], [127.12650234541591, 37.4717010432273], [127.12666277678368, 37.4716921607394], [127.12691195442744, 37.47167964295472], [127.12688884512544, 37.47133281751128], [127.127012020819, 37.471326884308006]]]}}, {"type": "Feature", "properties": {"facility_layer": "UPIS_C_UQ153", "urban_facility": "공공공지", "urban_facility_landuse": "기타", "urban_facility_source": "도시계획 시설정보"}, "geometry": {"type": "Polygon", "coordinates": [[[127.12874322759387, 37.47123733852907], [127.1288992024734, 37.4712210605715], [127.12905440159827, 37.47120067467333], [127.12920867800042, 37.47117619000636], [127.12936183954048, 37.471147642822224], [127.12951373928263, 37.47111506031436], [127.1296641850893, 37.471078478736125], [127.12981303004204, 37.471037934292575], [127.12996011594974, 37.47099348122183], [127.12994754755793, 37.470968338887836], [127.1299428813408, 37.47096982160347], [127.12993227214842, 37.47097316684271], [127.1299216403153, 37.47097649408554], [127.12991103104396, 37.47097979427283], [127.12991099714598, 37.47097980331969], [127.12978005523303, 37.47101832823032], [127.12964755838149, 37.471053286711204], [127.12951364220041, 37.4710846425702], [127.12937846490871, 37.471112359591196], [127.12924218474156, 37.47113641056879], [127.12910497122402, 37.47115675927609], [127.12896695999902, 37.47117338754348], [127.12882832062347, 37.471186277165515], [127.12868922267003, 37.4711954189474], [127.12868918875654, 37.47119541898392], [127.12867780608437, 37.47119599886477], [127.12866641206172, 37.47119655172666], [127.12865502931291, 37.471197086555264], [127.12864364653342, 37.47119760336277], [127.12863227502774, 37.471198102136974], [127.12862091479592, 37.471198582877946], [127.12860955453343, 37.471199045597764], [127.12859820556002, 37.47119949929436], [127.12858126119308, 37.47120015722707], [127.1285825774613, 37.47122311335889], [127.12786505541008, 37.4712493180169], [127.1277076834026, 37.47125507239077], [127.12747657569368, 37.47126308560036], [127.12726039473748, 37.471273974694114], [127.12725271320716, 37.471270541037576], [127.12724734947852, 37.47127407867492], [127.1272122077064, 37.47130348874558], [127.12747838449258, 37.471290077711316], [127.12770919838209, 37.47128207382195], [127.1278666043596, 37.47127631940974], [127.12858666911562, 37.47124948130626], [127.12874322759387, 37.47123733852907]]]}}, {"type": "Feature", "properties": {"facility_layer": "UPIS_C_UQ152", "urban_facility": "도시철도(112정거장)", "urban_facility_landuse": "도로/교통시설", "urban_facility_source": "도시계획 시설정보"}, "geometry": {"type": "Polygon", "coordinates": [[[127.12857693405321, 37.471128162758504], [127.12857125954892, 37.471128376090334], [127.12856000096089, 37.47112879364596], [127.12854871976381, 37.47112921122481], [127.12853743856655, 37.471129628802586], [127.12852614606469, 37.471130046391416], [127.12790303439512, 37.471152798040464], [127.12790251641596, 37.471133859518694], [127.12751542726582, 37.47114059792175], [127.127515620236, 37.471147805737246], [127.12750997945909, 37.47114791086182], [127.12751005203444, 37.471150739932796], [127.1274317737799, 37.47115403093628], [127.12725632870205, 37.4711613897298], [127.12725898620656, 37.471202445592965], [127.12719391125884, 37.471192045168664], [127.12719078137482, 37.47119292246989], [127.12704585257427, 37.4711697585633], [127.12704987575574, 37.471216345136725], [127.1271771083242, 37.47123668068891], [127.12725271320716, 37.471270541037576], [127.12726039473748, 37.471273974694114], [127.12747657569368, 37.47126308560036], [127.1277076834026, 37.47125507239077], [127.12786505541008, 37.4712493180169], [127.1285825774613, 37.47122311335889], [127.12858126119308, 37.47120015722707], [127.12857693405321, 37.471128162758504]]]}}, {"type": "Feature", "properties": {"facility_layer": "UPIS_C_UQ151", "urban_facility": "소로1류", "urban_facility_landuse": "기타", "urban_facility_source": "도시계획 시설정보"}, "geometry": {"type": "Polygon", "coordinates": [[[127.12734108453164, 37.47572388508767], [127.12745700672188, 37.475702849340344], [127.1275236522728, 37.47567673933471], [127.12786501068143, 37.47554792799215], [127.12792855126865, 37.47551762240837], [127.12802725261578, 37.47548163887951], [127.12802344287866, 37.475474993563545], [127.12798078066693, 37.47543009724996], [127.12796882297498, 37.47541184673628], [127.12796598808397, 37.475406741088584], [127.12792896464143, 37.475420728212306], [127.12734231130025, 37.47564642464285], [127.12734335104513, 37.475659713314684], [127.12734198784169, 37.47569625039579], [127.12734108453164, 37.47572388508767]]]}}, {"type": "Feature", "properties": {"facility_layer": "UPIS_C_UQ152", "urban_facility": "지하철역사", "urban_facility_landuse": "도로/교통시설", "urban_facility_source": "도시계획 시설정보"}, "geometry": {"type": "Polygon", "coordinates": [[[127.12593643432945, 37.47936488764994], [127.12610584617856, 37.47941643563553], [127.12611574274253, 37.4793916206317], [127.12613730924001, 37.47934782724015], [127.12596734910214, 37.47929963160172], [127.12601028495875, 37.479209008699925], [127.12604060458304, 37.47921440979048], [127.12628736105144, 37.47871654440196], [127.12625873076182, 37.47870711411401], [127.12627651184447, 37.47867147875192], [127.12641148643837, 37.4787101062596], [127.12631610021396, 37.47890021924592], [127.12635481471317, 37.47890932351561], [127.1263406615992, 37.47893747674341], [127.1263303622779, 37.478957967386286], [127.12635401504338, 37.47896551982213], [127.12634448895047, 37.479015868837585], [127.12636181847188, 37.479021391688235], [127.12638494123019, 37.47897538915103], [127.12639524053894, 37.47895489850348], [127.12641289809248, 37.478919767813785], [127.12641866707146, 37.478921617778944], [127.12649413126883, 37.47877150321973], [127.12649223598706, 37.47871963456808], [127.12648945330012, 37.47871873650965], [127.12649632700628, 37.478705079066835], [127.12664334288353, 37.47841179164195], [127.1266164431267, 37.478402783078344], [127.12658040649491, 37.47839260386738], [127.1264044319771, 37.47833660353032], [127.12629094998317, 37.47829797133856], [127.12623080441271, 37.47813480037729], [127.12615747076906, 37.47811092913114], [127.12612840789785, 37.47816765080387], [127.12616747846943, 37.47818036777723], [127.12620920323553, 37.47829357064274], [127.1262071071803, 37.47829765439171], [127.1260195139323, 37.47823659310121], [127.12600518202629, 37.47823193200294], [127.12586190594517, 37.47851143839547], [127.12582917789491, 37.47854661189121], [127.12582343070304, 37.47855788946655], [127.12576622808568, 37.478669493618206], [127.12579513699954, 37.4787243342087], [127.12586162927713, 37.478576454957334], [127.12589551923688, 37.47858748358825], [127.12589091209767, 37.4785976607449], [127.12587103737715, 37.47859119445167], [127.12575390492636, 37.47881973956637], [127.12586066542532, 37.47885448701698], [127.12592153053149, 37.478735734025264], [127.12594531709092, 37.47874222322064], [127.12594829317513, 37.47873703031806], [127.12596763629196, 37.47874332596771], [127.12577321322857, 37.47913959280515], [127.12579815266706, 37.47914582853687], [127.12575935334787, 37.47923576225232], [127.12564696456843, 37.47920250727786], [127.12574399145005, 37.4790051130233], [127.12576494944231, 37.47896246460833], [127.12576919739028, 37.478953828547425], [127.12563129850797, 37.47891077946212], [127.12545928386798, 37.47926072878078], [127.12548244996007, 37.479267957540664], [127.12570998375907, 37.47933978070607], [127.12566220329978, 37.4794408692133], [127.12570086750898, 37.47945362280475], [127.12582532726907, 37.47949129795481], [127.1258695786201, 37.4795052799849], [127.12593643432945, 37.47936488764994]], [[127.12631816997501, 37.47858118143869], [127.12639877046274, 37.478419690867305], [127.12653716117771, 37.47845964810522], [127.12645610878047, 37.47862117528762], [127.12631816997501, 37.47858118143869]], [[127.12593540444063, 37.47860047008027], [127.12605147427794, 37.4786382439325], [127.12604844297735, 37.4786442207673], [127.1260204248333, 37.4786357448379], [127.12600037987401, 37.47867660835552], [127.12597958966609, 37.47867032324543], [127.125992410879, 37.47864342385471], [127.12597200525146, 37.47863724645828], [127.12597779760465, 37.47862594179827], [127.12593059368538, 37.47861057537271], [127.12593540444063, 37.47860047008027]]]}}, {"type": "Feature", "properties": {"facility_layer": "UPIS_C_UQ151", "urban_facility": "중로2류", "urban_facility_landuse": "기타", "urban_facility_source": "도시계획 시설정보"}, "geometry": {"type": "Polygon", "coordinates": [[[127.12147243946347, 37.49134685509579], [127.12125673119014, 37.49123021425483], [127.12115374363161, 37.49117445660682], [127.12104611612831, 37.491116180763626], [127.12093848893552, 37.491057994921334], [127.12083074869133, 37.49099971899453], [127.12076612721143, 37.490964735348086], [127.1204233288864, 37.490779204604095], [127.12033109391676, 37.49072929191005], [127.12028362136513, 37.4908125920126], [127.12024526961665, 37.49087892611571], [127.12034027741501, 37.49093033174628], [127.12125810813241, 37.49142694612412], [127.12132261703468, 37.49146184852248], [127.12130990850775, 37.4914767549317], [127.1225134067767, 37.49212789726561], [127.12265405100375, 37.492204509292044], [127.1226954152635, 37.49215596607284], [127.12280387634395, 37.49202872375376], [127.12274836935637, 37.492037160017425], [127.12147243946347, 37.49134685509579]]]}}, {"type": "Feature", "properties": {"facility_layer": "UPIS_C_UQ153", "urban_facility": "연결녹지", "urban_facility_landuse": "공원/녹지", "urban_facility_source": "도시계획 시설정보"}, "geometry": {"type": "Polygon", "coordinates": [[[127.13697845773572, 37.487462634100694], [127.13695590766672, 37.487366487204355], [127.13679484435627, 37.486622643827864], [127.136659806434, 37.485875508749494], [127.13657859748685, 37.48537708712318], [127.1363314902921, 37.48386043586643], [127.13618680214799, 37.48297231329098], [127.1361613426557, 37.48281606372146], [127.13615342992358, 37.482772878760166], [127.13614379904065, 37.48272991199583], [127.13613246139688, 37.482687208465144], [127.13590063571199, 37.481877841980925], [127.135888308091, 37.48183144544245], [127.1358778115563, 37.48178475849984], [127.13586012088707, 37.48169824648335], [127.13581590848068, 37.48165724713916], [127.13578472320374, 37.481649218621264], [127.13580912049541, 37.48166114717829], [127.13582165381742, 37.48167090879357], [127.13582819905089, 37.48167666775998], [127.13584070260443, 37.48169506099624], [127.13584816960254, 37.48171678465063], [127.13587579242406, 37.481964168101435], [127.13588592933583, 37.481961543671645], [127.13589159704647, 37.48199497337027], [127.13588083655748, 37.482009257461414], [127.13588181329216, 37.48201803209961], [127.13588456318882, 37.48208888368365], [127.13588342288551, 37.482184499195014], [127.13588249716078, 37.48226104027235], [127.13590170665911, 37.482261198626695], [127.13590109161574, 37.48230918663246], [127.13590054551716, 37.482351480234], [127.13590263905193, 37.48239672611594], [127.13590855176533, 37.482465925266055], [127.13591864102462, 37.482531344471006], [127.1359419596746, 37.48274252154538], [127.13594548854606, 37.48275587937247], [127.13594309979048, 37.482760441154156], [127.13595000561187, 37.48289168208175], [127.13596997504901, 37.48299405809725], [127.1359857356319, 37.48303799998898], [127.13601739065459, 37.483042838374075], [127.13606179887707, 37.48331863819885], [127.13604433734457, 37.48342962532705], [127.13604630266381, 37.48344112886826], [127.13605676421084, 37.48352486497022], [127.13605772775749, 37.48353256742886], [127.13606697318001, 37.48360644796609], [127.13608180589226, 37.483769656352685], [127.13608035566527, 37.48378689414648], [127.13614547257035, 37.48385801703998], [127.13619381188576, 37.48391082365859], [127.13623177420432, 37.48395228948083], [127.13623546933627, 37.484133755797785], [127.13623210663201, 37.48414374271824], [127.13625727136726, 37.4841606978852], [127.13628432230112, 37.48419542763669], [127.13629959693127, 37.48425183987929], [127.13630151557034, 37.48431285344848], [127.13630801296782, 37.484361067585965], [127.1362759629365, 37.48474096596179], [127.13627526449254, 37.48474868833257], [127.13629823716958, 37.48487331554579], [127.13632769516275, 37.485033056349906], [127.13634923886896, 37.485092254526315], [127.13638390066968, 37.48508987236618], [127.13641629001336, 37.48538944505788], [127.13647155712343, 37.48542096200941], [127.1364570882309, 37.4854921395443], [127.13645192030194, 37.4855294288415], [127.13644532344055, 37.48557691008406], [127.13643865345526, 37.48559630722839], [127.1364422177592, 37.48562924373115], [127.13642698948512, 37.48563027024021], [127.13639388705802, 37.48572660694868], [127.136395717315, 37.485732100961414], [127.1364195560041, 37.48580357713231], [127.13640911326324, 37.485837619836886], [127.13639801948847, 37.48585544527789], [127.13640142435942, 37.48588775126222], [127.13643676404514, 37.4859477535739], [127.13647410664255, 37.48610919720861], [127.13648357491618, 37.486149416055696], [127.13650893860084, 37.486257687311785], [127.13651523991119, 37.48628472813987], [127.13659027549869, 37.48661336330491], [127.13660284495552, 37.486674076347896], [127.13661542504205, 37.48673440194667], [127.13663417712904, 37.48682524637118], [127.13665414556026, 37.486925955351744], [127.13671084466192, 37.4872118408993], [127.13671555822215, 37.487236144488605], [127.13674406776806, 37.487383064977315], [127.13673733172045, 37.48743486217081], [127.13673268213347, 37.48747115977463], [127.13672902504236, 37.48749978873176], [127.13697845773572, 37.487462634100694]]]}}, {"type": "Feature", "properties": {"facility_layer": "UPIS_C_UQ155", "urban_facility": "사회복지시설", "urban_facility_landuse": "의료/노유자시설", "urban_facility_source": "도시계획 시설정보"}, "geometry": {"type": "Polygon", "coordinates": [[[127.13428260556897, 37.487252616595484], [127.13424647439528, 37.487255900789926], [127.13420084830017, 37.48728640583988], [127.13418735726583, 37.48733011949472], [127.13422401473069, 37.48740061762583], [127.13427393522662, 37.487496608155475], [127.13434534445513, 37.48763392139955], [127.13441676530057, 37.48777126161402], [127.1347720490724, 37.487653641346824], [127.13470059378497, 37.487516310393616], [127.1346290934041, 37.48737890736457], [127.13460730976168, 37.48733703539937], [127.13458087950481, 37.48732095528609], [127.13440590574568, 37.48730254655886], [127.13428260556897, 37.487252616595484]]]}}, {"type": "Feature", "properties": {"facility_layer": "UPIS_C_UQ153", "urban_facility": "소공원", "urban_facility_landuse": "공원/녹지", "urban_facility_source": "도시계획 시설정보"}, "geometry": {"type": "Polygon", "coordinates": [[[127.13346040997698, 37.48805623857098], [127.13339873987599, 37.48799756222244], [127.1333372397934, 37.48793906585136], [127.13327573980682, 37.487880569447505], [127.13323835733136, 37.48790552377974], [127.13320097483097, 37.48793047810008], [127.13320080543126, 37.48793059541888], [127.13317986883885, 37.487958675892074], [127.1334173638243, 37.488184769233], [127.13352208017452, 37.48811491488655], [127.13346040997698, 37.48805623857098]]]}}, {"type": "Feature", "properties": {"facility_layer": "UPIS_C_UQ155", "urban_facility": "사회복지시설", "urban_facility_landuse": "의료/노유자시설", "urban_facility_source": "도시계획 시설정보"}, "geometry": {"type": "Polygon", "coordinates": [[[127.13304453041765, 37.48843344639155], [127.13334796313255, 37.48823104996765], [127.1331309001742, 37.48802435929121], [127.13282750148565, 37.48822667403676], [127.13304453041765, 37.48843344639155]]]}}, {"type": "Feature", "properties": {"facility_layer": "UPIS_C_UQ153", "urban_facility": "어린이공원", "urban_facility_landuse": "공원/녹지", "urban_facility_source": "도시계획 시설정보"}, "geometry": {"type": "Polygon", "coordinates": [[[127.13475958702041, 37.487257936163594], [127.13470545838081, 37.48731395830941], [127.13472310086682, 37.487347852064566], [127.1347946013899, 37.48748525503716], [127.13486605681948, 37.48762258593398], [127.13498586832647, 37.48785283636269], [127.13512214344259, 37.4881147111641], [127.13513744910958, 37.488144147544986], [127.13518664511402, 37.48823873293497], [127.13588386776044, 37.48944726410215], [127.1358901894886, 37.48954249258739], [127.1361308053578, 37.48947770710749], [127.13603798922793, 37.48931040706142], [127.13596575130643, 37.489180204714756], [127.13597935244452, 37.489135229346104], [127.13596825515334, 37.489000001900926], [127.13580102220482, 37.48892453512919], [127.13580110877542, 37.488922363621164], [127.13580142262009, 37.488914506545754], [127.13580143387887, 37.48891447950297], [127.13580457075746, 37.48883503478029], [127.13579707513503, 37.48881666290208], [127.13575412459531, 37.488712267802235], [127.13574824189753, 37.48869796660749], [127.13571165288138, 37.48867321265333], [127.13563956171022, 37.48862443328677], [127.13554152329975, 37.48855809579337], [127.13550225028528, 37.48834730635325], [127.13533304539702, 37.48816046853997], [127.13530867462033, 37.48812651042001], [127.13528606082741, 37.488095001025584], [127.13525477596649, 37.48805160824195], [127.13522349114176, 37.488008215449646], [127.13521826722703, 37.4879764611112], [127.1352150324151, 37.4879568680216], [127.13521303200974, 37.48794470678511], [127.1352098085076, 37.487925113682465], [127.13520657370016, 37.487905520592456], [127.13518585023512, 37.4878877943389], [127.13516513808688, 37.487870068068865], [127.1351378918551, 37.487846762984674], [127.13511065694729, 37.48782345788128], [127.13507116646444, 37.487743673923106], [127.13503167606578, 37.4876638899505], [127.1350143042021, 37.487559799022875], [127.13499693238705, 37.487455708090735], [127.1348782595473, 37.487356822187905], [127.13475958702041, 37.487257936163594]]]}}, {"type": "Feature", "properties": {"facility_layer": "UPIS_C_UQ155", "urban_facility": "공공청사", "urban_facility_landuse": "업무시설", "urban_facility_source": "도시계획 시설정보"}, "geometry": {"type": "Polygon", "coordinates": [[[127.13282750148565, 37.48822667403676], [127.13225182562198, 37.48861059780334], [127.1322481839089, 37.488655552719216], [127.13244892854739, 37.48882901618406], [127.13245003831565, 37.48882997001415], [127.13304453041765, 37.48843344639155], [127.13282750148565, 37.48822667403676]]]}}, {"type": "Feature", "properties": {"facility_layer": "UPIS_C_UQ153", "urban_facility": "근린공원", "urban_facility_landuse": "공원/녹지", "urban_facility_source": "도시계획 시설정보"}, "geometry": {"type": "MultiPolygon", "coordinates": [[[[127.14038477494515, 37.49492143295608], [127.14042442739775, 37.494900393067994], [127.14060332630444, 37.4948054515716], [127.14061143975215, 37.49460722225833], [127.14061282691942, 37.49456253107805], [127.14061064277013, 37.49448234474346], [127.14060761777736, 37.494375579928196], [127.14061910125378, 37.49428726850903], [127.14063029381056, 37.494285993932095], [127.14063573181059, 37.4942853748496], [127.14065570795815, 37.49408756402629], [127.14065500173682, 37.49407260827439], [127.1406630114113, 37.494001419918895], [127.1407952339819, 37.49359266104994], [127.14075591388317, 37.49360956508903], [127.1407256078911, 37.49361521402581], [127.1407103648079, 37.493596914673894], [127.14080884576681, 37.493524106002], [127.14037010438236, 37.49358766535782], [127.14003411230405, 37.49363633528901], [127.1397278416293, 37.49367525672948], [127.1392980679025, 37.49362309531052], [127.1390517609449, 37.49359320783358], [127.1391788453429, 37.49392316786739], [127.13930438430431, 37.494562343385404], [127.13941726028763, 37.49460491003002], [127.13954940737295, 37.494654734124474], [127.13978550705265, 37.494746080628325], [127.13985967043719, 37.494773348136945], [127.13993461466342, 37.494800903003714], [127.14003245075335, 37.494836882355905], [127.14019541784045, 37.49490144596913], [127.14017523414853, 37.49494494285518], [127.13989473236737, 37.49485063981208], [127.1399645909053, 37.49500839495486], [127.14002468230572, 37.49511255207088], [127.1401888508902, 37.49502542211314], [127.14022486579876, 37.49500630568938], [127.14030209220887, 37.49496532766789], [127.1403391011864, 37.494945678452076], [127.14038477494515, 37.49492143295608]]], [[[127.13875636444116, 37.49566956102505], [127.13876384667208, 37.495679841739424], [127.13865319865876, 37.49580508291577], [127.13866677691816, 37.495834403673776], [127.13892309918691, 37.495697802746186], [127.13912303648037, 37.495591261196445], [127.13909035890286, 37.4955128132468], [127.13893956976597, 37.4953183279409], [127.1388640823667, 37.4952721224009], [127.13885540461612, 37.49520796335057], [127.1388423136414, 37.49511124732957], [127.13893176022845, 37.494796091044755], [127.13897116362418, 37.494663643415734], [127.13900451033314, 37.49453985240904], [127.13902168070324, 37.494493106620375], [127.13912447486882, 37.49452002591693], [127.13916725012194, 37.49453068896535], [127.13913161706239, 37.49444978472877], [127.13907131190183, 37.4943144257992], [127.13897879672008, 37.49410841193301], [127.13881126715968, 37.493810826547666], [127.1386039651766, 37.49326979204679], [127.13850480377641, 37.4930886530597], [127.13841677189625, 37.492970661132446], [127.1382684548306, 37.49301812634532], [127.13820481116849, 37.493022515779636], [127.13817691537959, 37.49296697441893], [127.1379232102331, 37.492567196912255], [127.13803054068829, 37.492603031827144], [127.13817021087047, 37.49274408397584], [127.13826855394699, 37.4927437629585], [127.13814894236666, 37.492539996202105], [127.13804753037155, 37.492314034694324], [127.1379628005151, 37.49217659503063], [127.13797392144168, 37.49208636512331], [127.13789959089485, 37.49199641408373], [127.13788172838511, 37.491799341088694], [127.13768741830492, 37.491425686478536], [127.13754900937694, 37.49115520369718], [127.13751353435478, 37.491097247198695], [127.13731011508723, 37.49074286577573], [127.1371658792942, 37.49052525085506], [127.1370574375902, 37.49026051746187], [127.13698714851839, 37.49027176146105], [127.13693722199568, 37.49030065969401], [127.13683965613049, 37.490341424583804], [127.13675735933742, 37.49020261169969], [127.13669753061397, 37.49003871624955], [127.13669327571725, 37.48984233922624], [127.13661817278589, 37.48966045922511], [127.13661273260749, 37.48955923812518], [127.13660576018454, 37.4894296913426], [127.13654550302809, 37.489297367315544], [127.13647207944557, 37.48911825135415], [127.13635476994152, 37.48874241607437], [127.13627408085743, 37.48859069866045], [127.13626589759677, 37.48855465898751], [127.13624532020266, 37.488555547413505], [127.13621490636277, 37.488556861510226], [127.13613966011972, 37.48855839787964], [127.13613352055053, 37.488558512994906], [127.1361304451285, 37.48855857956885], [127.13613056818107, 37.48855784060874], [127.13613301826443, 37.488543250628815], [127.13613627384144, 37.48852385740155], [127.13623773897869, 37.48842028894118], [127.13628997350668, 37.48835492489552], [127.136274669463, 37.48827001409712], [127.13619273622598, 37.48781537282614], [127.13613544564417, 37.48760860454693], [127.13605191774495, 37.487417696681725], [127.13603103978154, 37.487414738142235], [127.13602208237336, 37.48741345990951], [127.13599720113223, 37.487384926528925], [127.1359967139326, 37.4873843684634], [127.1359305807103, 37.48737872236581], [127.13592199740548, 37.487377984299954], [127.13589841782867, 37.48734387222708], [127.13587808676685, 37.48724220847753], [127.13592476057973, 37.48724783169277], [127.13592165292928, 37.4872172552842], [127.13592161834676, 37.4872168859135], [127.13588090592604, 37.48721272454804], [127.13587201704749, 37.48721181563598], [127.13585750468555, 37.4871392475679], [127.13584658610864, 37.487084596304065], [127.13583639781808, 37.48703364731904], [127.13583903433766, 37.48702845456096], [127.13583498505244, 37.48701503426217], [127.1358385718818, 37.4870101377538], [127.13588163631518, 37.48695132555908], [127.1358758168135, 37.48693436634399], [127.13587285024694, 37.486925729125886], [127.13585772092206, 37.486944279902055], [127.13585574654319, 37.48694669682733], [127.13583236436698, 37.486934334657995], [127.13584202814664, 37.486862847329206], [127.13584710561047, 37.48682533291967], [127.13581104519548, 37.48663427177187], [127.13581090359483, 37.48663096526209], [127.13580068130271, 37.48655465315265], [127.13578630137675, 37.48652438687745], [127.1357634776659, 37.48631220923645], [127.13575429069782, 37.486226786829796], [127.13575207165805, 37.4862062014948], [127.13581824600271, 37.48597010927103], [127.13579619683541, 37.48584319239708], [127.13574537203384, 37.48578572127585], [127.13569352232855, 37.48572412471447], [127.13568057973426, 37.48570083954244], [127.13564705799614, 37.48555685269398], [127.13548308088635, 37.485204333111646], [127.13548117351529, 37.48517460226013], [127.13549490810372, 37.485103290522794], [127.13555256266348, 37.48498422099451], [127.1355772820024, 37.484865729409094], [127.13558755534552, 37.48478104172719], [127.1356089704254, 37.484711694447824], [127.135484305814, 37.48398428692132], [127.1355438585278, 37.48398521048567], [127.13552812221374, 37.48389784929457], [127.13552761974314, 37.48389505676254], [127.13548681651311, 37.483902338068425], [127.13547917579065, 37.48390369823238], [127.13547469381665, 37.48389477439761], [127.13547410379213, 37.48389360376571], [127.13547347061697, 37.48389359547355], [127.13534085428819, 37.4838918266169], [127.13528726178413, 37.483891824233154], [127.13524362417495, 37.483888413786524], [127.13524210889105, 37.48388828936137], [127.13519786580186, 37.483881374690654], [127.13515439873896, 37.48387214355401], [127.13511212577039, 37.48386044230951], [127.13507066113496, 37.48384551455392], [127.13503086481344, 37.483827746746584], [127.1349935979227, 37.48380816505714], [127.1349577953709, 37.483785482259876], [127.13492442203302, 37.48376185065828], [127.13489376867115, 37.48373546792483], [127.13486567856555, 37.483707217219155], [127.13484077377446, 37.4836772149712], [127.1348186475704, 37.483645632832], [127.13480000208259, 37.48361310972151], [127.13478453123517, 37.48357919548628], [127.13477239390579, 37.483544223318574], [127.13476404394449, 37.48350909370832], [127.13475897116831, 37.48347302336102], [127.13475800346374, 37.48343743492461], [127.13476052833063, 37.48340122986908], [127.13476628744628, 37.48336538156625], [127.13477563223033, 37.48333041219973], [127.13478891259798, 37.483295997013826], [127.13480448928819, 37.483262227956395], [127.1348208464841, 37.483228674256374], [127.13483737308393, 37.48319502125266], [127.13485335733472, 37.48316157608865], [127.13486962338007, 37.48312765307387], [127.1348856756001, 37.483094297928496], [127.13490200930991, 37.48306029374245], [127.13491746302114, 37.4830273627384], [127.13493258685034, 37.48299331486366], [127.13494702048666, 37.48295898845597], [127.13495997319727, 37.482924780848926], [127.13497271078865, 37.48289041130311], [127.13498403441339, 37.482855664932586], [127.13498404567153, 37.48285563788984], [127.13498405692974, 37.48285561084708], [127.13499505279093, 37.4828209369256], [127.13500631907829, 37.4827857491269], [127.1350127036667, 37.48275838752937], [127.13501304022515, 37.482756909507806], [127.13501268974771, 37.4827569189138], [127.13489616027849, 37.482759275983724], [127.13489113829004, 37.48277722958855], [127.13488416006186, 37.48280140230667], [127.13488092379937, 37.48281262341938], [127.13486968949454, 37.482846756999], [127.13468979046493, 37.48285039270808], [127.13452295942693, 37.48289752276207], [127.1343388549287, 37.48295898890113], [127.13411523680489, 37.482983314800116], [127.13383584665915, 37.48298960163954], [127.13365865632103, 37.48298430382781], [127.13365593134989, 37.48298421677518], [127.13341390579306, 37.48293751801904], [127.13340888409931, 37.48293655054367], [127.13330852669068, 37.48292853549604], [127.13315919616448, 37.4829302156437], [127.13298032726148, 37.48290891691049], [127.13297538538203, 37.48290832774821], [127.13274429408914, 37.48286833691988], [127.13273883149604, 37.48286738792567], [127.13232742806925, 37.48282744322133], [127.13198906836593, 37.482790254603216], [127.13196073951278, 37.482786429597404], [127.13195271016686, 37.48278533924032], [127.13184869928499, 37.48276320830233], [127.13177275530468, 37.48273727114197], [127.13171604534698, 37.48271250206132], [127.13167768477813, 37.48269384855722], [127.13163192994877, 37.482668679937156], [127.13159782482623, 37.48264595820695], [127.13153090077695, 37.48259238627374], [127.1314720283893, 37.48253969743767], [127.13130210956106, 37.48232543697687], [127.13123412871262, 37.482078826583994], [127.13124320268693, 37.48190596859853], [127.13125451008996, 37.48183476809659], [127.13130152231761, 37.481737498461754], [127.13130815785406, 37.481723759918005], [127.13120822530391, 37.48180350011348], [127.13098534403707, 37.48191274763545], [127.13095397597395, 37.48199515150987], [127.13111110475718, 37.48228083984612], [127.13115337057936, 37.48243980212132], [127.13130733852934, 37.48274696449158], [127.13137741924368, 37.482886758859706], [127.13355031863178, 37.48320234999263], [127.13359679128885, 37.48321083954057], [127.13364225175079, 37.483222375584596], [127.13368637202841, 37.483236895422664], [127.13372880136059, 37.48325424627862], [127.13376926843102, 37.48327444647793], [127.1338073093023, 37.483297280301876], [127.13384298015829, 37.48332254946963], [127.13387562513755, 37.483350200658016], [127.13390540192444, 37.48337989131251], [127.1339318017645, 37.483411640025444], [127.13395492533141, 37.4834448340057], [127.13397433170626, 37.48347949176948], [127.1340331069858, 37.48359742091728], [127.13404581143824, 37.48362720276084], [127.13405468431219, 37.48365770970139], [127.13405971420138, 37.483688887692516], [127.13406091145265, 37.483720196122704], [127.13405812898256, 37.48375158109704], [127.13405151281438, 37.483782501851024], [127.13404094956132, 37.48381277831111], [127.13402674375976, 37.48384199567438], [127.13400892910256, 37.4838700277617], [127.13398783267722, 37.48389642370444], [127.13396334127422, 37.48392110253766], [127.13393601965649, 37.48394374827616], [127.13348785601023, 37.48427866507152], [127.13353394327261, 37.48431835672269], [127.13415175451799, 37.484850102078724], [127.13399012268563, 37.48502058150676], [127.13392127594751, 37.485135446134144], [127.13381441345634, 37.485255236713556], [127.13376664700162, 37.48528963632379], [127.13404566679331, 37.48550410416939], [127.13404946108673, 37.48550141493228], [127.13416580751245, 37.485418680655194], [127.13417078973089, 37.48542280164359], [127.13455532869646, 37.4857412243166], [127.13455938287765, 37.485738444670595], [127.1346202523006, 37.48569686702981], [127.1346056765131, 37.48568330537333], [127.13462279674351, 37.485671618133395], [127.1346313794461, 37.48566576097205], [127.134639973454, 37.485659903797306], [127.13464855613792, 37.485654037624734], [127.13465715014314, 37.485648180448756], [127.13466573282436, 37.48564231427489], [127.13467431552023, 37.4856364571104], [127.13468290950546, 37.485630590922554], [127.13469149219863, 37.4856247337568], [127.13469629174523, 37.48562146672576], [127.13470059438963, 37.48561853362473], [127.13471486900443, 37.48560893088972], [127.13473481343642, 37.48559587092907], [127.13475332420276, 37.485584101012236], [127.1347727051765, 37.485572104860964], [127.13478863056207, 37.48556250926527], [127.13479266330452, 37.48556676644828], [127.13498609981532, 37.48577112023058], [127.13498452983556, 37.48577205003437], [127.13497640899215, 37.48577693361923], [127.13496833347062, 37.485781871212325], [127.13496029193222, 37.48578684480653], [127.13495229568365, 37.48579185438903], [127.13494434475695, 37.485796917979826], [127.13493643913606, 37.48580202656895], [127.134928578805, 37.485807171146405], [127.13492076377975, 37.48581236072221], [127.13491286983079, 37.48581767652665], [127.1349111532785, 37.485818840755016], [127.13489620132, 37.48582904794824], [127.13488760732882, 37.48583491415145], [127.134879024627, 37.48584077133123], [127.1348704306171, 37.48584662852315], [127.13486184792862, 37.48585249471168], [127.13485325391605, 37.485858351902365], [127.13484071866382, 37.48586691654069], [127.13482749449975, 37.48587593245509], [127.13482333867276, 37.485878775294935], [127.13481896827408, 37.485881762536756], [127.13481056478393, 37.485873942324396], [127.13480597797914, 37.48586967675725], [127.13470246553916, 37.485940134578115], [127.1352134251651, 37.48632527573602], [127.13533986071087, 37.48642832415977], [127.13553379413511, 37.48759240376895], [127.13551747295709, 37.48761482114173], [127.1354900596297, 37.48764358512033], [127.13547127403668, 37.48766630261091], [127.13545535125463, 37.487690224193265], [127.13543945770246, 37.48772419189063], [127.1354271844326, 37.4877593087627], [127.13541010993266, 37.48777147359348], [127.13538947798784, 37.48777969607245], [127.13532293390831, 37.48779110603144], [127.13516945359319, 37.487867945837266], [127.13519981341355, 37.48789357197134], [127.13521351169652, 37.48790298093189], [127.13525586574268, 37.48797156216886], [127.13532960023704, 37.48807367911387], [127.13538036649362, 37.488148341536395], [127.13550689292497, 37.48828776301195], [127.13554769734573, 37.48833677617805], [127.13556461557378, 37.488426938068535], [127.13557514602955, 37.48846055143812], [127.13558967581639, 37.48854287733382], [127.1357892203235, 37.48867341284833], [127.13581723827907, 37.48874223541545], [127.13582895448165, 37.488774919382834], [127.13585538288918, 37.48882741762907], [127.1358280510163, 37.48889553726157], [127.13580143387887, 37.48891447950297], [127.13580142262009, 37.488914506545754], [127.13580110877542, 37.488922363621164], [127.13580102220482, 37.48892453512919], [127.13580100050974, 37.48892504872375], [127.13596825515334, 37.489000001900926], [127.13597935244452, 37.489135229346104], [127.13596575130643, 37.489180204714756], [127.13603798922793, 37.48931040706142], [127.1361308053578, 37.48947770710749], [127.1358901894886, 37.48954249258739], [127.1359341151068, 37.49020332590478], [127.13635742586477, 37.49061008637198], [127.13702644590403, 37.491169202060654], [127.13708708217649, 37.49122218334923], [127.1372151741208, 37.49132852542909], [127.13728817013227, 37.49138792555273], [127.13735407990187, 37.491443008980575], [127.13735396535111, 37.49161079322717], [127.13735403011448, 37.4917214899407], [127.13735192658676, 37.491758784724404], [127.13735363285532, 37.49204537264482], [127.13735335269911, 37.492415188140846], [127.13735295881504, 37.49295948224499], [127.13735294220102, 37.492994017563916], [127.13740977783443, 37.49300793571315], [127.13789079875116, 37.493044187282564], [127.13797345453831, 37.493321518502704], [127.13767033297441, 37.49333222069078], [127.13758128489806, 37.493289300566836], [127.13738085875971, 37.493198701491416], [127.13738080217172, 37.493198674526525], [127.13744454631895, 37.49338066610756], [127.13755696965997, 37.493480727816056], [127.13760596491306, 37.493523369739194], [127.13764506129222, 37.493551057452116], [127.13764795983433, 37.49355310839039], [127.13784444751124, 37.49369095994373], [127.13784868208172, 37.49369393736447], [127.13790391253654, 37.493732688661076], [127.13790437674997, 37.493733012484874], [127.1379543536938, 37.49376808473582], [127.13814656263771, 37.49390294039497], [127.13814950645518, 37.49390500027843], [127.13818972368686, 37.49393321810219], [127.13818176755295, 37.49396680754044], [127.13817888369185, 37.49397903743342], [127.13817885003074, 37.49397918163222], [127.13817767180888, 37.493984183539794], [127.13816997459767, 37.49401714197813], [127.13815396301074, 37.4940856904837], [127.1381362639276, 37.494196281552014], [127.13808557048657, 37.49426474400598], [127.13806916896219, 37.49428688248947], [127.13806914639541, 37.49428690954552], [127.1380651419215, 37.4942923291778], [127.13800913535586, 37.49436797870052], [127.13797976092899, 37.49442600092755], [127.1379622624484, 37.49446056543859], [127.1379016439405, 37.49458082869328], [127.13784818279596, 37.49478172306057], [127.13783096506937, 37.494871293210366], [127.13782533034488, 37.49490059118617], [127.13778447955956, 37.495196075846216], [127.1377482407544, 37.495303994231655], [127.13766993665638, 37.49553716388547], [127.13766885692779, 37.49554039070554], [127.13773731027419, 37.49562401458834], [127.137834473643, 37.49570048741701], [127.13813135563878, 37.49584736769573], [127.1382531727764, 37.49592444236516], [127.13862817648035, 37.49575101599145], [127.13875636444116, 37.49566956102505]]]]}}, {"type": "Feature", "properties": {"facility_layer": "UPIS_C_UQ153", "urban_facility": "연결녹지", "urban_facility_landuse": "공원/녹지", "urban_facility_source": "도시계획 시설정보"}, "geometry": {"type": "Polygon", "coordinates": [[[127.13193070468235, 37.491759820469845], [127.13187742207003, 37.49179822580818], [127.13186737223617, 37.491806255791396], [127.13185902041998, 37.491815365099825], [127.13185270584994, 37.491825553359604], [127.1318484277439, 37.4918363700722], [127.1318465248614, 37.4918475445643], [127.13184677073804, 37.49185889688599], [127.13184939074446, 37.49186997628886], [127.13185427149236, 37.49188060269801], [127.13186118636057, 37.49189050606332], [127.13186955737719, 37.491898948202596], [127.13370542016315, 37.49340646068586], [127.13382128469541, 37.49331262707888], [127.13193070468235, 37.491759820469845]]]}}, {"type": "Feature", "properties": {"facility_layer": "UPIS_C_UQ153", "urban_facility": "소공원", "urban_facility_landuse": "공원/녹지", "urban_facility_source": "도시계획 시설정보"}, "geometry": {"type": "Polygon", "coordinates": [[[127.13554074808316, 37.49490871901075], [127.13543530651297, 37.49496297960197], [127.13522541198351, 37.49512519891697], [127.13593382857111, 37.49570995421029], [127.1362320983177, 37.49547937324394], [127.13554074808316, 37.49490871901075]]]}}, {"type": "Feature", "properties": {"facility_layer": "UPIS_C_UQ151", "urban_facility": "중로3류", "urban_facility_landuse": "기타", "urban_facility_source": "도시계획 시설정보"}, "geometry": {"type": "Polygon", "coordinates": [[[127.13310651657325, 37.49656836513283], [127.1327543416431, 37.496840290836914], [127.13266997053033, 37.49690539158206], [127.13257108769476, 37.496904122784365], [127.13259903329514, 37.49693146412056], [127.13278125186663, 37.49711598454517], [127.13278433220023, 37.4971185219388], [127.13278640464014, 37.49701039980083], [127.13291876011864, 37.49690816951971], [127.13303937018492, 37.496814872051665], [127.13310430538118, 37.49676471322924], [127.13337624158991, 37.49655456744207], [127.1334411763196, 37.49650439942313], [127.13354281301203, 37.49642581790977], [127.13364457370804, 37.49634713705953], [127.13367698436272, 37.496322053043514], [127.13389832524314, 37.49615097587441], [127.13393084881078, 37.49612589166151], [127.13402085274396, 37.49605624265766], [127.13405313899528, 37.496031293826746], [127.13406592250526, 37.4960214225587], [127.13413408594207, 37.49596869169611], [127.1341783876268, 37.495934431035224], [127.13422307330427, 37.49589991764656], [127.13426141236572, 37.49587029478538], [127.13428363660258, 37.49585313281549], [127.13438877226812, 37.495771834628506], [127.13445370549901, 37.495721584959185], [127.13458424935936, 37.49562061623006], [127.13469469217253, 37.495535347395624], [127.13483039353906, 37.495537086446966], [127.13460255134484, 37.49534957515991], [127.13460047009391, 37.49545760726835], [127.1344729754322, 37.495556139889665], [127.13430098694427, 37.49568904143278], [127.13423616673683, 37.49573929990154], [127.1331341036051, 37.496591102640025], [127.13310651657325, 37.49656836513283]]]}}, {"type": "Feature", "properties": {"facility_layer": "UPIS_C_UQ152", "urban_facility": "주차장", "urban_facility_landuse": "도로/교통시설", "urban_facility_source": "도시계획 시설정보"}, "geometry": {"type": "Polygon", "coordinates": [[[127.11625228739459, 37.48601253319731], [127.11636722424825, 37.48597800331299], [127.11645506188498, 37.485820062614714], [127.11600515162324, 37.485661653029005], [127.11588134438607, 37.48588495075457], [127.11625228739459, 37.48601253319731]]]}}, {"type": "Feature", "properties": {"facility_layer": "UPIS_C_UQ153", "urban_facility": "녹지시설 기타", "urban_facility_landuse": "공원/녹지", "urban_facility_source": "도시계획 시설정보"}, "geometry": {"type": "Polygon", "coordinates": [[[127.12021032330776, 37.49093934622676], [127.12010036279696, 37.4911212783746], [127.11998644169729, 37.49130168268685], [127.11986867277845, 37.49148037883935], [127.1197470563049, 37.49165754702035], [127.11962159197304, 37.49183300701859], [127.11949239269903, 37.492006668609235], [127.11935945846623, 37.49217853178023], [127.11926951485063, 37.49229232759206], [127.11930046996065, 37.49241852676203], [127.11932304220963, 37.49239102377374], [127.11946004936374, 37.49222023778322], [127.11959343446891, 37.492047563150216], [127.11972308474787, 37.49187318019955], [127.11984888699979, 37.49169699895675], [127.11997095446078, 37.4915191094204], [127.12008917407371, 37.49133951171536], [127.12020343321078, 37.49115847626603], [127.12031373160875, 37.49097582288407], [127.12034027741501, 37.49093033174628], [127.12024526961665, 37.49087892611571], [127.12021032330776, 37.49093934622676]]]}}, {"type": "Feature", "properties": {"facility_layer": "UPIS_C_UQ151", "urban_facility": "광로2류", "urban_facility_landuse": "기타", "urban_facility_source": "도시계획 시설정보"}, "geometry": {"type": "Polygon", "coordinates": [[[127.11612023079633, 37.495779200972535], [127.11615129052235, 37.49579879459717], [127.11668268451304, 37.49521542153953], [127.11671855800932, 37.49512235841261], [127.11687897563732, 37.49494623676325], [127.11743484279225, 37.49433553607148], [127.11757436197934, 37.49418267973843], [127.11776683569065, 37.493971386394406], [127.1181843023531, 37.49351308706536], [127.11842497480404, 37.49324894646148], [127.11872952891572, 37.492915995744866], [127.11926951485063, 37.49229232759206], [127.11935946977393, 37.492178531768936], [127.11949239269903, 37.492006668609235], [127.11962159197304, 37.49183300701859], [127.11974706761248, 37.49165754700903], [127.11986868408601, 37.49148037882799], [127.11998644169729, 37.49130168268685], [127.12010037410444, 37.491121278363245], [127.12021033461524, 37.4909393462154], [127.12028363267255, 37.49081259200123], [127.12033110522421, 37.49072929189869], [127.1204183630804, 37.49057116876693], [127.12051634076508, 37.49038501367784], [127.12056250118691, 37.49029462392997], [127.120608774314, 37.490204071869165], [127.12085766633439, 37.489716848347314], [127.12089259896625, 37.48964851726796], [127.12109341186628, 37.48925533408679], [127.12112763381222, 37.489188319112], [127.12129412136181, 37.488862438964254], [127.12144189612839, 37.48857315816125], [127.12209858376393, 37.48728748341744], [127.12213329959758, 37.487219332365804], [127.12236246950506, 37.48677062531436], [127.12250943573714, 37.486482875606285], [127.12260297553054, 37.48629974156007], [127.1226514641195, 37.48620481651873], [127.12271966576978, 37.486071290398876], [127.12274543149412, 37.486020825962804], [127.12284507896787, 37.48582568411873], [127.1228766378782, 37.4857639061475], [127.12292172209163, 37.485675741987194], [127.12300599512785, 37.48551072722924], [127.12350103151404, 37.484541596537774], [127.12352650277748, 37.48449147460321], [127.12405982226218, 37.48344729355854], [127.12409386982662, 37.4833805841831], [127.12411471989773, 37.4833397652347], [127.12437573838618, 37.482828788817784], [127.12442858397989, 37.48272528994512], [127.12444689788848, 37.48268942006698], [127.12447345019167, 37.482637404686706], [127.12458783940625, 37.48241230566393], [127.12464454924695, 37.482300765734195], [127.12467452695027, 37.4822418000185], [127.12473050394198, 37.48213166636984], [127.12484281817804, 37.4819107589004], [127.12487803596623, 37.48184148020817], [127.12512526872068, 37.481355176804605], [127.12551617123077, 37.48058625828704], [127.12563038537692, 37.48036161787511], [127.12566440724169, 37.48029472784077], [127.12572300711446, 37.48017946423439], [127.12580941234886, 37.480073703945656], [127.12616157952385, 37.4792982735932], [127.12624573191268, 37.47913046337821], [127.12625071234885, 37.47912042096485], [127.12635696362888, 37.4789098258061], [127.12644772169872, 37.47873086306908], [127.12646284431754, 37.47872145864365], [127.1266164431267, 37.478402783078344], [127.12661541730786, 37.47837744800075], [127.12664973395825, 37.478312125092046], [127.12671213485787, 37.47819332500687], [127.1267206845537, 37.47818137767711], [127.12684774442255, 37.47792880034976], [127.12685630239781, 37.4779083024955], [127.1268900241011, 37.477839006725944], [127.12700071407592, 37.477587383629434], [127.12700734010109, 37.47757446523878], [127.12703807845064, 37.47749259460803], [127.12711778367608, 37.47728416227993], [127.12712304895925, 37.47726207313102], [127.12717541861517, 37.47712874127564], [127.12718590027502, 37.477089149122186], [127.12720045592107, 37.477004718787], [127.12722431996988, 37.47692273828146], [127.12725098961076, 37.476821653546864], [127.12727035359954, 37.47668544651922], [127.12730024278717, 37.476542497798334], [127.1273101861683, 37.476458387702124], [127.12731404796696, 37.47639492603089], [127.12732143151054, 37.4763146929648], [127.12733510953154, 37.4761654995212], [127.12734136975587, 37.476076104457505], [127.12734218098707, 37.47602726028045], [127.12734228329995, 37.476020854047945], [127.12734339582047, 37.47596290943026], [127.12734149590469, 37.47590858103741], [127.12734085599173, 37.47588428169679], [127.12734034258202, 37.47574661815697], [127.12734198784169, 37.47569625039579], [127.12734335104513, 37.475659713314684], [127.12734231130025, 37.47564642464285], [127.12730867463664, 37.47521924134687], [127.12728454028912, 37.47497760927601], [127.12728778307849, 37.474976551652176], [127.12728303581305, 37.474909603240626], [127.12727962158029, 37.47468688816595], [127.1272757567365, 37.474620299212475], [127.12721886667583, 37.47384888563341], [127.12720955558122, 37.47371634909619], [127.12718141291323, 37.47334886019242], [127.12717423378355, 37.47324723476405], [127.12716827155401, 37.47317696292129], [127.12713007764923, 37.47251120780497], [127.12712879668045, 37.47248882826571], [127.12712780702925, 37.472471647200884], [127.12709751069609, 37.47194475512104], [127.12709069900923, 37.47182610933435], [127.12706740076463, 37.47142090817658], [127.12706656245614, 37.471406330844864], [127.12706508375848, 37.47138060879104], [127.12700998398834, 37.470859085885394], [127.12698739245099, 37.47057190624528], [127.126971118619, 37.470371693678814], [127.12696830934266, 37.47028705645942], [127.12696819047207, 37.47028356970479], [127.12694653660294, 37.47001613000519], [127.12693141673374, 37.46985692983957], [127.12692442168782, 37.469750051292905], [127.12689530473682, 37.46935246059629], [127.12688496373809, 37.46921173490688], [127.12687773999632, 37.46918445119054], [127.12687398942522, 37.469111437888614], [127.12687372389242, 37.46910812247934], [127.1268576209763, 37.46890834214694], [127.12685715933308, 37.46890266631764], [127.12685708983842, 37.468901666278036], [127.12685703226464, 37.46890103563699], [127.12685125690989, 37.468833971098256], [127.12683960578445, 37.46868029936817], [127.1268324742024, 37.46858628726289], [127.12682874275845, 37.46853710412755], [127.12637260482124, 37.4687990774523], [127.12628239245934, 37.46888078336184], [127.12629446453224, 37.469027834475], [127.12632158139395, 37.46935987949287], [127.12633907063253, 37.4696191786715], [127.12637237505962, 37.47006218461795], [127.1264668634476, 37.47111887087413], [127.12646868151288, 37.47113127575849], [127.12647399002536, 37.47118962808775], [127.1264810361762, 37.471320716522094], [127.12649683258728, 37.471581116603296], [127.12650249807602, 37.47170446687563], [127.12653508827421, 37.47221976080379], [127.1265516216544, 37.47249480134776], [127.12655675911579, 37.47253859364099], [127.12656821561751, 37.47271791704289], [127.12663293078408, 37.47364436727897], [127.12664169844841, 37.47374313487462], [127.12671226798118, 37.47470816862558], [127.12671622446011, 37.474762215550385], [127.12674189230744, 37.47522620441927], [127.12674921691638, 37.47537460070043], [127.12675139389094, 37.47540552979229], [127.12675604121532, 37.47557545384325], [127.1267642959242, 37.47574597773693], [127.12676802730043, 37.475820892094056], [127.1267592159426, 37.47600784131396], [127.12675347206348, 37.47607510719434], [127.12672526967081, 37.476321606147266], [127.12671552390157, 37.47640257149083], [127.12670863916681, 37.476450133662944], [127.12670360667157, 37.47647626804814], [127.12665642568983, 37.47672481432691], [127.12657875021574, 37.47705943852331], [127.12656895551358, 37.47708404623724], [127.1265499538752, 37.47714677606657], [127.12651046954502, 37.477265479767865], [127.1263951934996, 37.4775609500085], [127.12627511401796, 37.47782380893475], [127.12625463144977, 37.47788005306084], [127.12601026016284, 37.47825354168075], [127.12598932345935, 37.478295190009966], [127.12596968258613, 37.4783342510959], [127.12595278938277, 37.478373570575286], [127.12577624723268, 37.47876650292498], [127.12572230453029, 37.47888741997876], [127.1256607239115, 37.479004470724064], [127.12563000173687, 37.479063221262635], [127.12541439306243, 37.47948245824625], [127.12539013387627, 37.4795253713467], [127.12533076037577, 37.479637707357085], [127.1253111384045, 37.47967493927252], [127.12523446624971, 37.47982810871479], [127.12512722316448, 37.48004328996865], [127.12503307644724, 37.48015832915564], [127.12492584090916, 37.48037186137517], [127.12490681885438, 37.48040975933346], [127.1248751023918, 37.48054525798659], [127.12486437414381, 37.48056655083539], [127.12480441014229, 37.48069205080667], [127.12472089840931, 37.480860580087025], [127.12465274247045, 37.480996251809884], [127.12453726067707, 37.48115346164982], [127.12441463300058, 37.481393525858216], [127.12439042997767, 37.48148527294146], [127.12437783315448, 37.48153938214565], [127.12435092212036, 37.48159307374887], [127.12433210719396, 37.48163354825493], [127.12419724582136, 37.48190187131667], [127.12410883080436, 37.48207425249672], [127.12401496008646, 37.48226391145083], [127.12388700072557, 37.482301093200164], [127.12401229371198, 37.48235510452346], [127.12378149903861, 37.482701363964345], [127.12377133670724, 37.482681768699486], [127.12369650645832, 37.48265758214529], [127.12374255368711, 37.482759780105624], [127.1237416852195, 37.482761078445286], [127.12353496428292, 37.48316608476306], [127.12351365185019, 37.48320780508879], [127.12337060697087, 37.48348804681877], [127.12334460511508, 37.48354548540162], [127.123297978387, 37.483650473028305], [127.12329258218104, 37.4836625249702], [127.12326013843003, 37.483735674615076], [127.12318247559007, 37.483910557764176], [127.12309112498403, 37.48411626916581], [127.12298615878386, 37.48433467156752], [127.12288131590859, 37.48455280344136], [127.12287296590483, 37.48457020133005], [127.12281976725707, 37.48467424944966], [127.12273629795799, 37.48477655363171], [127.12273546342756, 37.484777887968754], [127.12272634582656, 37.48478909675982], [127.12269413238005, 37.48485147003262], [127.12253302478678, 37.48516685019906], [127.12233744160733, 37.48553828959878], [127.12230194242073, 37.48567409765569], [127.12204257786222, 37.48616675924541], [127.12200279706315, 37.486241997310394], [127.12195210951641, 37.486341104968666], [127.12178460906782, 37.486671726470476], [127.12173907291438, 37.48676130521363], [127.12163801042335, 37.48697210692008], [127.12138989712591, 37.48742834611679], [127.12129186824062, 37.48762116046317], [127.1210160442289, 37.48813867690246], [127.12088921830501, 37.48837666912797], [127.12083314520216, 37.48852525562585], [127.12072674959028, 37.48880561907901], [127.12057835015538, 37.48909517891781], [127.12056801349313, 37.48911538074263], [127.12030257441984, 37.48963541673693], [127.11996684753255, 37.49027879736957], [127.11965453388976, 37.49077213712357], [127.11941472634557, 37.49115431042778], [127.11914529208514, 37.4915302958247], [127.11887176436532, 37.49189349045747], [127.11885931787609, 37.491910009131274], [127.11881682152254, 37.491966435881004], [127.1185710893823, 37.49225274693756], [127.11853271963615, 37.492301736247846], [127.11827567032046, 37.49258339070616], [127.11826555647511, 37.49259488844354], [127.11821376804059, 37.49265371180048], [127.11815595186306, 37.49271940670071], [127.11741852058894, 37.49353479801954], [127.11707965282041, 37.493906368693324], [127.11700310305919, 37.49399042568356], [127.11698045159342, 37.49400406192127], [127.11691782126492, 37.49407311262377], [127.11682490287066, 37.4941755748774], [127.11672075176426, 37.49429040971881], [127.11665201364883, 37.49436618768675], [127.11663162507494, 37.494388146883985], [127.11586509465299, 37.495230397407965], [127.1154373840835, 37.49570518658334], [127.1152587096971, 37.495903515438], [127.11525829203042, 37.495904002379525], [127.11489425241555, 37.49631992903612], [127.11461897361005, 37.49663447030465], [127.11454191129476, 37.49671976052386], [127.11425028373257, 37.4970383980777], [127.11382249835697, 37.497507135643836], [127.11363794404342, 37.49771152229247], [127.11326390992103, 37.498125705356195], [127.11323399649103, 37.4981545746127], [127.11262940487336, 37.4988258210899], [127.11250979715645, 37.4989586055528], [127.11201962022295, 37.49950284466054], [127.11183286655668, 37.49971020377801], [127.11180869381205, 37.499737022039604], [127.11176953874659, 37.49978051373933], [127.11155038002708, 37.50002383445282], [127.11147993866369, 37.5001020346162], [127.11137909176765, 37.50021399639298], [127.11137094000635, 37.50022304999644], [127.11131821221618, 37.50028094310642], [127.11120722411961, 37.50040295127938], [127.11109963425159, 37.500521262100804], [127.11102116310984, 37.50060756039693], [127.11086432180284, 37.50077997653624], [127.11079081806251, 37.50086077398888], [127.11077015557792, 37.50088340815454], [127.11061333586672, 37.50105591403312], [127.11046598839924, 37.50121786928521], [127.1103091445409, 37.5013902846735], [127.11024821793565, 37.50145729393654], [127.110183711962, 37.5015282528317], [127.11010705645083, 37.50161245852146], [127.1100461181495, 37.50167944966872], [127.11001230113263, 37.50171662888222], [127.1096961467674, 37.50206398326789], [127.1096052406339, 37.50216391507928], [127.10956144163643, 37.50221205041944], [127.10956019957352, 37.50221340305242], [127.10941353638444, 37.50237463553852], [127.10935719245349, 37.502436585547514], [127.10931247867072, 37.50248582084591], [127.10923535832723, 37.50257058500041], [127.1091578877401, 37.502655709821774], [127.10895497988113, 37.502878801420096], [127.10894121541936, 37.50289386060265], [127.10876856769738, 37.503083677529986], [127.10870001638217, 37.50315897306948], [127.10854894579421, 37.503325073845694], [127.10839910533304, 37.50348982181469], [127.10832976290224, 37.50356601884815], [127.10830209827063, 37.5035964975845], [127.10816320968895, 37.50374916197668], [127.10802433185152, 37.50390182619226], [127.10786679922619, 37.50407495968524], [127.10768885020812, 37.50427063625729], [127.10767518651208, 37.50428533479941], [127.10766366870747, 37.50429797713702], [127.10750253225774, 37.50447505974153], [127.1073376686426, 37.504656217969554], [127.10724664335991, 37.50475631021204], [127.1066224113155, 37.50544234622497], [127.10650937573602, 37.50556687450124], [127.10639906037987, 37.505687796261775], [127.10632893490099, 37.505764983887204], [127.10617806832387, 37.505930811083886], [127.10596633442327, 37.50616345582731], [127.10581670831652, 37.50632783985953], [127.10576813900768, 37.5063812217787], [127.10568481107433, 37.50647283662216], [127.10567576905069, 37.50648518825935], [127.10551215025149, 37.50666508138907], [127.1052468844768, 37.50695642685638], [127.10508335372735, 37.507136049002476], [127.10493305770149, 37.50730133347511], [127.10480713083078, 37.50743965662925], [127.10468155348562, 37.50757752884233], [127.10454874828895, 37.50772342609839], [127.1044099572819, 37.507875905695165], [127.10428810548561, 37.50800989994772], [127.10427049668802, 37.50802712431164], [127.10413282264878, 37.508178431307726], [127.10397178240872, 37.50835534672599], [127.10376976388875, 37.50858140173907], [127.1036848218354, 37.508670673945076], [127.10202390548348, 37.510496806782925], [127.10163311512893, 37.510926454586716], [127.10134652304068, 37.51127844625212], [127.10109618330813, 37.51158274392555], [127.10089807658488, 37.51171824045484], [127.10042090158483, 37.51232537204228], [127.10040328504282, 37.51234674040874], [127.10036690217892, 37.5123838919172], [127.09924926583551, 37.51383254294302], [127.09922194491853, 37.513872119282354], [127.09875786795536, 37.514500136221976], [127.09869501401539, 37.51470201109653], [127.09745217976962, 37.51630544852263], [127.09713445856528, 37.51650257374956], [127.09559469878533, 37.518348689092655], [127.09558340333395, 37.51836158232617], [127.09555176989923, 37.518392781962795], [127.0955162981775, 37.51842110145927], [127.09547719155196, 37.518446360451314], [127.09543501526717, 37.518468288187194], [127.0953902438507, 37.51848643378878], [127.09534320545808, 37.518500887092], [127.09529469145927, 37.51851128706769], [127.09524493940624, 37.51851763352552], [127.09519470696192, 37.51851974566395], [127.09519487590258, 37.518654894872036], [127.09524098543334, 37.51870261106166], [127.09507308913699, 37.51876851683992], [127.09460389053004, 37.51877708659267], [127.09491433490946, 37.51891811763929], [127.09522164109002, 37.51906338503461], [127.09552566205289, 37.51921288891977], [127.09582639783014, 37.51936662931979], [127.09612376915625, 37.51952451622333], [127.09641751588751, 37.519686549864474], [127.09618399541375, 37.5193023725843], [127.096195145539, 37.519174422285474], [127.09624523040637, 37.51917157102362], [127.09640537423621, 37.51912947411361], [127.09639232810983, 37.51909083188509], [127.09638435970889, 37.51905119448174], [127.09638169605856, 37.51901119241911], [127.09638425842455, 37.518971186159064], [127.09639212643675, 37.51893153603544], [127.09640507465133, 37.51889287292523], [127.09642301279555, 37.518855377098454], [127.09644526410132, 37.518820580789196], [127.09785556052462, 37.516856890114234], [127.09822221721565, 37.5163639259489], [127.09847637453686, 37.51584159043381], [127.09863324826425, 37.51563920597408], [127.09892446518225, 37.51526350310572], [127.09910989431162, 37.51502421667183], [127.0991198201375, 37.51501142333563], [127.09917628087352, 37.514938576181805], [127.09937404810016, 37.5148027224907], [127.09983799781492, 37.51417506366896], [127.09985560363582, 37.514153695402065], [127.10100949131095, 37.51266787813042], [127.10103681084563, 37.5126283013715], [127.1015139940851, 37.51202116732225], [127.10157729074321, 37.51181938058565], [127.10183734976002, 37.511501648801655], [127.10212238716827, 37.511155342573005], [127.10252235797591, 37.51071578336442], [127.10409332884402, 37.508989272889906], [127.10418018918493, 37.508896845238326], [127.10436879635682, 37.508689397792864], [127.10449086345854, 37.50855500684567], [127.10461146208675, 37.50842227488574], [127.10478593937016, 37.508230390300035], [127.10479938933473, 37.508215602188336], [127.10503744488796, 37.507953834340235], [127.10527763312984, 37.50768972153572], [127.10546521790758, 37.50748340845517], [127.10568926589477, 37.5072370586421], [127.10583223126835, 37.50707988865587], [127.10593070306388, 37.506971591882866], [127.10599302712279, 37.506903151082774], [127.10617224006148, 37.50670594433132], [127.10625415614093, 37.506615916155006], [127.106260446085, 37.506609008938234], [127.10639617055878, 37.50645977345121], [127.10640881626065, 37.506444535367535], [127.10673069650838, 37.50609154467459], [127.10694204312303, 37.50585877276585], [127.10707078664376, 37.50571747149414], [127.10775113766815, 37.50496930395715], [127.10779776233849, 37.50491799525534], [127.10816085513237, 37.504518913505926], [127.1082906664988, 37.50437623138486], [127.10830409284748, 37.504361713185915], [127.10837523142341, 37.504283532357725], [127.10851785808131, 37.50412671975454], [127.10860412708398, 37.50403185662186], [127.10873126071822, 37.50389217675572], [127.1088255576737, 37.50378856649324], [127.1089893994904, 37.50360848829234], [127.10902857002891, 37.503565384955174], [127.10911541374276, 37.503469980319124], [127.1091943304865, 37.50338323242264], [127.1092955026754, 37.50327204712804], [127.10935829480603, 37.50320306348735], [127.10936688762754, 37.50319361318525], [127.10938301188493, 37.50317589385553], [127.10945448690815, 37.50309730660676], [127.1094548821247, 37.503096882776646], [127.10945583061581, 37.50309584576248], [127.10949503467644, 37.50305283233636], [127.1096067066033, 37.50292983409946], [127.10966790615183, 37.50286265374351], [127.10978092149338, 37.50273839271133], [127.10987407513808, 37.502636044038255], [127.10998349932694, 37.50251584059261], [127.11007923792435, 37.50241051608748], [127.11008656596753, 37.50240247245102], [127.11020356582561, 37.50227390057323], [127.11024635947042, 37.50222682909872], [127.11055833427059, 37.50188407219943], [127.11060033701123, 37.501837812222114], [127.11067926163062, 37.501751063304404], [127.11071910772549, 37.50170723797156], [127.11073299572391, 37.50169198024539], [127.1108442123098, 37.501569720052125], [127.1109523800552, 37.50145086834909], [127.11097700567808, 37.501423815590876], [127.11104733705676, 37.501346534863984], [127.11105224863769, 37.50134115135122], [127.11118171026412, 37.5011988267065], [127.11120823247497, 37.501169609742846], [127.11127903756457, 37.501091787836195], [127.11137962773974, 37.50098123195668], [127.11148983741076, 37.500860125356255], [127.11151737560364, 37.500829826178006], [127.1115439203035, 37.50080069921618], [127.11161651991101, 37.500720893235396], [127.11179107445896, 37.50052899800162], [127.1118716915632, 37.50044918437666], [127.11247844834942, 37.49978331887692], [127.11252622482206, 37.499719942817364], [127.11312515847072, 37.499056018418294], [127.11314516461447, 37.499033907033755], [127.11316929141967, 37.49900708853935], [127.11320681947461, 37.49896538188596], [127.11361313552666, 37.49851508344123], [127.11366458369734, 37.49845803744488], [127.11422037044778, 37.4978419102528], [127.11492176026806, 37.49706431688408], [127.11546377787005, 37.496561425452626], [127.11564410374784, 37.49634787684293], [127.11589679785462, 37.496087378936885], [127.11595757430197, 37.49595776544486], [127.11612023079633, 37.495779200972535]]]}}, {"type": "Feature", "properties": {"facility_layer": "UPIS_C_UQ153", "urban_facility": "공공공지", "urban_facility_landuse": "기타", "urban_facility_source": "도시계획 시설정보"}, "geometry": {"type": "Polygon", "coordinates": [[[127.11732182184544, 37.495780056534436], [127.11731879862673, 37.49576286843762], [127.11731652162585, 37.49574559851934], [127.1173149795897, 37.49572828283066], [127.11731419516197, 37.49571093936937], [127.1173141457397, 37.49569357716767], [127.11731485399437, 37.49567623224326], [127.11731630861732, 37.49565890460721], [127.11731850967752, 37.49564163930941], [127.11732145717451, 37.495624436349786], [127.11732513985524, 37.4956073317793], [127.11729181337628, 37.49574573986447], [127.11732559126851, 37.4957971537998], [127.11732182184544, 37.495780056534436]]]}}, {"type": "Feature", "properties": {"facility_layer": "UPIS_C_UQ153", "urban_facility": "공공공지", "urban_facility_landuse": "기타", "urban_facility_source": "도시계획 시설정보"}, "geometry": {"type": "Polygon", "coordinates": [[[127.11718320036684, 37.49644394020516], [127.11704631445076, 37.49648155569363], [127.11689988750769, 37.49678596609457], [127.11718320036684, 37.49644394020516]]]}}, {"type": "Feature", "properties": {"facility_layer": "UPIS_C_UQ153", "urban_facility": "공공공지", "urban_facility_landuse": "기타", "urban_facility_source": "도시계획 시설정보"}, "geometry": {"type": "Polygon", "coordinates": [[[127.11675380261538, 37.49698993262264], [127.11673547706661, 37.497015520841195], [127.1167092271475, 37.49715339924905], [127.11675380261538, 37.49698993262264]]]}}, {"type": "Feature", "properties": {"facility_layer": "UPIS_C_UQ151", "urban_facility": "소로3류", "urban_facility_landuse": "기타", "urban_facility_source": "도시계획 시설정보"}, "geometry": {"type": "Polygon", "coordinates": [[[127.11111343041571, 37.50138738789396], [127.11104733705676, 37.501346534863984], [127.11102738596045, 37.50136846563467], [127.111075606166, 37.501398280004885], [127.1111913687481, 37.50146983798475], [127.11116570013472, 37.50154923974644], [127.11120154637148, 37.50154677377581], [127.11123453235737, 37.50144447985814], [127.11118939428609, 37.50143434049123], [127.11111343041571, 37.50138738789396]]]}}, {"type": "Feature", "properties": {"facility_layer": "UPIS_C_UQ155", "urban_facility": "국.공립 어린이집", "urban_facility_landuse": "의료/노유자시설", "urban_facility_source": "도시계획 시설정보"}, "geometry": {"type": "Polygon", "coordinates": [[[127.08351643298305, 37.50191240609594], [127.08346855750023, 37.50180542775377], [127.08343334542083, 37.50172680403594], [127.0833714038459, 37.501704727461984], [127.08317629989912, 37.5017680224619], [127.083269498988, 37.5019759534512], [127.08330852008297, 37.50206299891088], [127.08355306222349, 37.501994083186375], [127.08351643298305, 37.50191240609594]]]}}, {"type": "Feature", "properties": {"facility_layer": "UPIS_C_UQ152", "urban_facility": "노외주차장", "urban_facility_landuse": "도로/교통시설", "urban_facility_source": "도시계획 시설정보"}, "geometry": {"type": "Polygon", "coordinates": [[[127.09283550473847, 37.502051279598085], [127.0928187443077, 37.50201393716816], [127.09212861328974, 37.502210318485446], [127.09213656247161, 37.5022280530417], [127.09235501324463, 37.50271531623984], [127.09265218618495, 37.50263081701355], [127.09280042193197, 37.502588661995524], [127.09289204988231, 37.50279311772224], [127.09299221842485, 37.50276709145863], [127.09314055205557, 37.50273093658609], [127.09283550473847, 37.502051279598085]]]}}, {"type": "Feature", "properties": {"facility_layer": "UPIS_C_UQ151", "urban_facility": "중로3류", "urban_facility_landuse": "기타", "urban_facility_source": "도시계획 시설정보"}, "geometry": {"type": "Polygon", "coordinates": [[[127.08395350239341, 37.50256453273028], [127.08390101219307, 37.50244770988593], [127.08384863564432, 37.5023312473359], [127.08379886650283, 37.502220369133106], [127.08374637668634, 37.50210345611287], [127.08369400061915, 37.501986993486895], [127.08364423183689, 37.50187602511216], [127.08359637889231, 37.5017691188854], [127.08354265365487, 37.501649134219534], [127.0834367248173, 37.50168353575526], [127.08353716639064, 37.501905472036526], [127.08358704792853, 37.502016260177896], [127.08369191361939, 37.50224972601797], [127.08374168262239, 37.502360604265434], [127.08384666237052, 37.50259406987459], [127.08389654492437, 37.502704947970955], [127.08400141254542, 37.50293841350661], [127.08405118246483, 37.5030492916096], [127.0841558251615, 37.50328302745058], [127.08426255245267, 37.50325303960967], [127.08421085453017, 37.50313765795912], [127.0841579097634, 37.5030195741616], [127.08410791292465, 37.50290815566286], [127.0840557056884, 37.50279198141513], [127.08400327189372, 37.502675320761156], [127.08395350239341, 37.50256453273028]]]}}, {"type": "Feature", "properties": {"facility_layer": "UPIS_C_UQ151", "urban_facility": "중로2류", "urban_facility_landuse": "기타", "urban_facility_source": "도시계획 시설정보"}, "geometry": {"type": "Polygon", "coordinates": [[[127.1225134067767, 37.49212789726561], [127.1225346383758, 37.492216398718156], [127.12229181227313, 37.492501390046016], [127.12136213750475, 37.493592473860716], [127.12125063269508, 37.49360812915305], [127.12139235358744, 37.49368531820946], [127.12137331284693, 37.49370766428855], [127.12146668440683, 37.4937584759859], [127.1216063009382, 37.49359453249316], [127.12167277950482, 37.493516528466515], [127.1217684903922, 37.49340425667932], [127.12183496847726, 37.49332616245968], [127.12191126601249, 37.49323670560459], [127.12198745028776, 37.49314724881446], [127.12206363438148, 37.49305779197416], [127.1221398182936, 37.492968335083674], [127.12221611510192, 37.492878878027504], [127.1222922987959, 37.49278951113638], [127.12235877579175, 37.492711416615705], [127.12245448462679, 37.4925991442609], [127.12251464102637, 37.492528534415044], [127.12258574513989, 37.49244511912807], [127.12266452377551, 37.492352685933746], [127.12275594264311, 37.49224528312436], [127.1228474744715, 37.49213797022642], [127.12293889296178, 37.49203065737227], [127.12301451057469, 37.49194192128517], [127.12311021744814, 37.49182964838783], [127.12366978034908, 37.491172873204356], [127.12375284509025, 37.49107547933683], [127.12381931904925, 37.490997383976826], [127.12388579301691, 37.490919378678456], [127.12398149713692, 37.49080701496051], [127.12404785784022, 37.49072909978601], [127.124187576176, 37.49056515306066], [127.12409352963981, 37.49051515508444], [127.12395606841422, 37.49067648646192], [127.12388733765339, 37.49075719713934], [127.12379163345548, 37.49086956078209], [127.12280387634395, 37.49202872375376], [127.1226954152635, 37.49215596607284], [127.12265405100375, 37.492204509292044], [127.1225134067767, 37.49212789726561]]]}}, {"type": "Feature", "properties": {"facility_layer": "UPIS_C_UQ151", "urban_facility": "대로1류", "urban_facility_landuse": "기타", "urban_facility_source": "도시계획 시설정보"}, "geometry": {"type": "Polygon", "coordinates": [[[127.1244844715922, 37.49571522675427], [127.124426811425, 37.49565338812884], [127.12434193772215, 37.495567106638326], [127.12426568009492, 37.4954940608184], [127.12416518177194, 37.49540264171671], [127.1241583873047, 37.49539679227673], [127.12407209876734, 37.49532318010241], [127.12405771844045, 37.49531157213189], [127.1239761924587, 37.49524588373753], [127.12395026360623, 37.49522554803326], [127.12384100060223, 37.49514006630701], [127.12380378325676, 37.495110921477135], [127.12372709550746, 37.49505089518421], [127.12370207261179, 37.495031279286785], [127.12366074524022, 37.49499888605524], [127.12297037233371, 37.49457198362007], [127.1228955605176, 37.494531425443206], [127.12274582419344, 37.494450399161934], [127.12260457675355, 37.49437404918508], [127.12246344268077, 37.4942976989221], [127.12232219567025, 37.494221258504886], [127.12218106217193, 37.49414490790162], [127.12203992896069, 37.494068557128244], [127.12189868295712, 37.49399220630003], [127.12175755032018, 37.493915855186366], [127.12161641782602, 37.49383941380287], [127.12146668440683, 37.4937584759859], [127.12137331284693, 37.49370766428855], [127.12139235358744, 37.49368531820946], [127.12125063269508, 37.49360812915305], [127.1208322849956, 37.49338026619148], [127.12065902598545, 37.493287791278064], [127.1197338049769, 37.492777601750745], [127.1197317338539, 37.49277645955386], [127.11933553365661, 37.49256152546354], [127.11930046996065, 37.49241852676203], [127.11926951485063, 37.49229232759206], [127.11872952891572, 37.492915995744866], [127.11889040308115, 37.49289313084968], [127.11911922188344, 37.49286064753032], [127.11932146522426, 37.492970908571515], [127.11950084783862, 37.49306875830424], [127.11971837105948, 37.49318738269544], [127.11999169070663, 37.493336404522125], [127.12022030673435, 37.493461053553865], [127.12055825243868, 37.49364532828444], [127.12078460690414, 37.49376880719604], [127.12111214317254, 37.493947504643366], [127.12121954892419, 37.49400596081991], [127.12154572670184, 37.494182405935035], [127.12177525180304, 37.49430660051323], [127.12211410817842, 37.49448987873559], [127.1223375234519, 37.494610744753416], [127.12346082993994, 37.495284529052164], [127.12369883088755, 37.4954708800448], [127.12379292568819, 37.495546827008305], [127.12388397114442, 37.495625029551434], [127.1239719671079, 37.4957053975814], [127.12405691372365, 37.49578802120471], [127.12413847130072, 37.495872630480676], [127.12421675291648, 37.49595922529887], [127.12429164518839, 37.49604762558371], [127.12436303517488, 37.49613792155892], [127.12443092257341, 37.49622993303133], [127.12449508106224, 37.49632357014258], [127.1245557366499, 37.49641874256342], [127.12461254992935, 37.49651536055292], [127.12466563382445, 37.49661333389903], [127.12469808427822, 37.496679433378596], [127.1247309888997, 37.49674661357334], [127.12546089513133, 37.4982906122248], [127.12549584607767, 37.498363466330716], [127.12557868888906, 37.49853871366971], [127.12563168566001, 37.49865074221329], [127.12568468258975, 37.49876277073066], [127.1257375667407, 37.49887488944044], [127.12579056398779, 37.49898691790548], [127.12584356139361, 37.49909894634432], [127.1258965591076, 37.49921106485665], [127.12593514435311, 37.499292744778074], [127.12608960076226, 37.49962036520236], [127.12615962217193, 37.49976841546549], [127.12621821550256, 37.49989220485367], [127.12627582564392, 37.500009490041045], [127.12628592229669, 37.50002858054079], [127.12633561086811, 37.500122141769005], [127.12635001526908, 37.50014744459919], [127.126398706578, 37.50023287083891], [127.12646637150864, 37.50034373920007], [127.12648405858026, 37.50037084053732], [127.12650492026708, 37.500402803903285], [127.12653712017243, 37.5004523247316], [127.12658201150506, 37.500517058984734], [127.12661137240437, 37.50055946491178], [127.12665784410962, 37.500622395465115], [127.12668924100385, 37.50066497941498], [127.12674885334478, 37.500741140679956], [127.12677049980184, 37.500768868473855], [127.12682919870704, 37.50083971477648], [127.12685514850587, 37.500870951882234], [127.12692109255438, 37.500946115241774], [127.12694318727438, 37.500971319732514], [127.12701093747174, 37.501044408827354], [127.12703450272319, 37.501069791938114], [127.12710179666388, 37.50114044876949], [127.12719526063893, 37.501238558164495], [127.12739351834755, 37.50144665782952], [127.12757648292066, 37.501638735709356], [127.12771639750503, 37.50178553909764], [127.12767202738245, 37.502098863465285], [127.12840663825928, 37.501611267534734], [127.12821005589797, 37.50159345855645], [127.12801336053835, 37.501575649371894], [127.12792793863586, 37.501485911307256], [127.12780139254288, 37.50135314944141], [127.12777408934558, 37.50132443678733], [127.12763734764411, 37.50118096376082], [127.12747262390009, 37.50100814787196], [127.12734807311121, 37.500877356566996], [127.1272646199715, 37.50078726452464], [127.12725759496888, 37.50077925311873], [127.12718258620738, 37.5006937381092], [127.12716910123306, 37.5006774443865], [127.1271187879505, 37.50061686071463], [127.12710360319323, 37.50059849649566], [127.12702778431377, 37.500501719769254], [127.12702234366732, 37.500494337364394], [127.12695524249972, 37.50040331771625], [127.12694912077136, 37.50039440433418], [127.12688585320957, 37.50030320938499], [127.12681999078761, 37.50020208815246], [127.12681318679589, 37.50019092299113], [127.12675739441123, 37.50009953083188], [127.12674990859651, 37.50008638419343], [127.12669818860331, 37.49999561838628], [127.12668820538973, 37.499976798101024], [127.12664237350333, 37.49989044092037], [127.12663182036692, 37.49986891823884], [127.12659006263881, 37.49978426861816], [127.12657349317617, 37.49974914722639], [127.12651958621137, 37.49963513789467], [127.12646511187066, 37.49951986773849], [127.12638340082442, 37.49934705255198], [127.1262286050375, 37.49901979325466], [127.12617776340066, 37.49891235780455], [127.12610887736722, 37.49876655882871], [127.12601888334798, 37.49857609253192], [127.12596588605216, 37.49846406416152], [127.12591288891505, 37.498352035764974], [127.12586000502247, 37.49824000722319], [127.12581166113911, 37.4981378848629], [127.12577704880067, 37.498064760192044], [127.1256895532966, 37.49787969698385], [127.12563371986994, 37.497761634740804], [127.12557799985345, 37.497643662449654], [127.12552216677898, 37.4975256001485], [127.12546633388078, 37.49740753781827], [127.1254105011588, 37.497289475459], [127.125354781846, 37.49717150305181], [127.12529792830003, 37.49705136940732], [127.12524311728268, 37.49693537818798], [127.12518728526538, 37.49681731571245], [127.1251416664314, 37.49672077639159], [127.12510705525509, 37.49664756140475], [127.12508515385927, 37.49660127297735], [127.12503541248778, 37.49650074649884], [127.12498146450244, 37.496400188353775], [127.12496683526828, 37.49637497567451], [127.1249241950946, 37.49630149871922], [127.12490616733673, 37.496272595486715], [127.12486342249613, 37.49620416421088], [127.12483632950455, 37.49616391784595], [127.124799033931, 37.49610836514089], [127.12476208432273, 37.4960568665574], [127.12473125542586, 37.49601401116774], [127.1246894384864, 37.4959595443405], [127.12466008728548, 37.49592128248515], [127.12460592526548, 37.49585511550865], [127.12458552951772, 37.49583017908705], [127.12454055003558, 37.49577787789691], [127.1244844715922, 37.49571522675427]]]}}, {"type": "Feature", "properties": {"facility_layer": "UPIS_C_UQ151", "urban_facility": "중로2류", "urban_facility_landuse": "기타", "urban_facility_source": "도시계획 시설정보"}, "geometry": {"type": "Polygon", "coordinates": [[[127.12664176176257, 37.49904935964319], [127.12672398575697, 37.49898737394118], [127.1266109226915, 37.498886536842214], [127.1265763954166, 37.49891256720029], [127.1265051269951, 37.498966252025205], [127.12639387579809, 37.499050072421824], [127.1262286050375, 37.49901979325466], [127.12638340082442, 37.49934705255198], [127.12642140513667, 37.499215376519935], [127.12649707869852, 37.49915835339358], [127.12664176176257, 37.49904935964319]]]}}, {"type": "Feature", "properties": {"facility_layer": "UPIS_C_UQ151", "urban_facility": "중로2류", "urban_facility_landuse": "기타", "urban_facility_source": "도시계획 시설정보"}, "geometry": {"type": "Polygon", "coordinates": [[[127.12593514435311, 37.499292744778074], [127.12589713914778, 37.49942442065353], [127.12574838834236, 37.499536571257984], [127.12567768596413, 37.499591336181595], [127.1257421476078, 37.49972876075678], [127.12581273712948, 37.499674086014366], [127.12592432871642, 37.49958999551484], [127.12608960076226, 37.49962036520236], [127.12593514435311, 37.499292744778074]]]}}, {"type": "Feature", "properties": {"facility_layer": "UPIS_C_UQ151", "urban_facility": "소로3류", "urban_facility_landuse": "기타", "urban_facility_source": "도시계획 시설정보"}, "geometry": {"type": "Polygon", "coordinates": [[[127.12723860824671, 37.500112084189766], [127.1272895542372, 37.50007806233072], [127.12737427583936, 37.5000214795169], [127.12745899746498, 37.49996498674167], [127.127560663126, 37.49989712325106], [127.12759447985383, 37.49989906936322], [127.12753241421035, 37.499843634090766], [127.12752997153903, 37.49987057654378], [127.12741102273094, 37.49994999120446], [127.12731229383752, 37.500015869242716], [127.1272219239599, 37.50007615211497], [127.1271886668666, 37.50007078150769], [127.12723175424895, 37.50013858083073], [127.12723860824671, 37.500112084189766]]]}}, {"type": "Feature", "properties": {"facility_layer": "UPIS_C_UQ151", "urban_facility": "중로3류", "urban_facility_landuse": "기타", "urban_facility_source": "도시계획 시설정보"}, "geometry": {"type": "Polygon", "coordinates": [[[127.12681990223591, 37.49901881620245], [127.12682560226278, 37.498910789459885], [127.12672398575697, 37.49898737394118], [127.12664176176257, 37.49904935964319], [127.12680315143072, 37.499193258241476], [127.12688718761927, 37.49926822225512], [127.12700078397273, 37.499369554065076], [127.1270754201057, 37.49943605854208], [127.12716523291603, 37.499516151905304], [127.1272558387416, 37.49959696515362], [127.127335119037, 37.499667699212594], [127.12742912301402, 37.49975157210071], [127.12753241421035, 37.499843634090766], [127.12759447985383, 37.49989906936322], [127.12771487343232, 37.50000633980845], [127.12782382840969, 37.500103531178766], [127.12793742729474, 37.50020486206913], [127.12797944657802, 37.500242388721475], [127.12804615621528, 37.50030178317314], [127.12810833570687, 37.50035721804884], [127.1281723274544, 37.50041427274504], [127.12823552645735, 37.50047060745776], [127.12829759313975, 37.50052604235306], [127.12835965960913, 37.50058129701574], [127.1284200272371, 37.50063502177332], [127.12848209419204, 37.500690456569664], [127.12854132972649, 37.500743371582494], [127.12854589411886, 37.50074743017616], [127.12859829973472, 37.50079403650689], [127.12866036695314, 37.50084947120758], [127.12871790348841, 37.50090067606241], [127.12876366117406, 37.50094153209844], [127.1288772625992, 37.501042862065994], [127.12904160579198, 37.50118945736111], [127.12912847419446, 37.501131789785056], [127.12916323278101, 37.50110869569453], [127.12919947115378, 37.501084617906535], [127.12913180251543, 37.501080663561034], [127.12866398709875, 37.50066346526422], [127.12857551895385, 37.500584479839766], [127.12681990223591, 37.49901881620245]]]}}, {"type": "Feature", "properties": {"facility_layer": "UPIS_C_UQ151", "urban_facility": "소로3류", "urban_facility_landuse": "기타", "urban_facility_source": "도시계획 시설정보"}, "geometry": {"type": "Polygon", "coordinates": [[[127.12768330703014, 37.500333706168355], [127.12779615603633, 37.500258262150716], [127.12788099039534, 37.500201588755026], [127.12793742729474, 37.50020486206913], [127.12782382840969, 37.500103531178766], [127.12781983294428, 37.50014849526063], [127.12775149105158, 37.50019415881363], [127.12765626410189, 37.50025778089921], [127.12752997236086, 37.500342159004624], [127.12744660607028, 37.50039783948436], [127.12739117716845, 37.50038879847375], [127.12748038057575, 37.500509166849845], [127.12748765645362, 37.500464559683486], [127.12757011898402, 37.50040942073858], [127.12768330703014, 37.500333706168355]]]}}, {"type": "Feature", "properties": {"facility_layer": "UPIS_C_UQ151", "urban_facility": "소로3류", "urban_facility_landuse": "기타", "urban_facility_source": "도시계획 시설정보"}, "geometry": {"type": "Polygon", "coordinates": [[[127.1270513554106, 37.49985513841642], [127.12697391281895, 37.49973367601538], [127.12693774250039, 37.49967677132933], [127.12688553782822, 37.49956663464903], [127.12684332040503, 37.49947766080953], [127.12685602597224, 37.499433768712635], [127.12694423676396, 37.49936754181736], [127.12700078397273, 37.499369554065076], [127.12688718761927, 37.49926822225512], [127.1268847750095, 37.499313274732245], [127.12678041288294, 37.4993915920875], [127.12672281030345, 37.499434810968495], [127.12677818666992, 37.4995482780543], [127.12683356320439, 37.49966174511165], [127.12685591817653, 37.499707582209005], [127.12689174812937, 37.499763856582256], [127.12695796549204, 37.49986776149026], [127.12702225555967, 37.499968695112464], [127.12708881345547, 37.50007314018038], [127.12715525859927, 37.50017767542856], [127.12722181686645, 37.50028212041717], [127.12728837531931, 37.50038656536609], [127.12732431931357, 37.50044301967939], [127.12741272167506, 37.50055780277006], [127.12748636925144, 37.500640796292025], [127.12757372717735, 37.50073945250551], [127.12757406705182, 37.5007398125421], [127.12769902587105, 37.500871044665004], [127.1278635238057, 37.50104395058336], [127.12787907866581, 37.50106031409153], [127.12798568556987, 37.50117237427299], [127.1280419573821, 37.50123152761087], [127.12808656023086, 37.50127840381056], [127.12815387814958, 37.50134916813339], [127.12823240076784, 37.501431705453065], [127.12832378820946, 37.50137079003039], [127.12843901089026, 37.501294081466256], [127.12858382939622, 37.50119751900352], [127.12871339763687, 37.50111115406028], [127.1288208250293, 37.50103958920255], [127.1288772625992, 37.501042862065994], [127.12876366117406, 37.50094153209844], [127.12875955313915, 37.500986496326526], [127.12867946268653, 37.501039831546734], [127.12857361689332, 37.50111049357698], [127.12846777074799, 37.50118106541229], [127.12836181131306, 37.50125163727372], [127.12827867050878, 37.50130713789052], [127.12822245590124, 37.50130206250625], [127.12818133103593, 37.50125885870111], [127.12812944332252, 37.501204223741645], [127.12807302417102, 37.50114490842336], [127.12802057040511, 37.50108982352226], [127.12796709708316, 37.5010336584909], [127.12791079143034, 37.500974433071555], [127.12785584537303, 37.500916647767696], [127.12780078615899, 37.50085877245879], [127.12774436752767, 37.500799456979124], [127.1276882890123, 37.50074059160768], [127.1276470513705, 37.500697207532816], [127.12762926268277, 37.50067722436517], [127.12757532971514, 37.500616374452484], [127.12751754438172, 37.5005511137324], [127.12748038057575, 37.500509166849845], [127.12739117716845, 37.50038879847375], [127.12731690812292, 37.500272198318214], [127.12723175424895, 37.50013858083073], [127.1271886668666, 37.50007078150769], [127.12712131510251, 37.49996507594257], [127.1270513554106, 37.49985513841642]]]}}, {"type": "Feature", "properties": {"facility_layer": "UPIS_C_UQ151", "urban_facility": "소로3류", "urban_facility_landuse": "기타", "urban_facility_source": "도시계획 시설정보"}, "geometry": {"type": "Polygon", "coordinates": [[[127.12627810764666, 37.50049746825393], [127.12650492026708, 37.500402803903285], [127.12648405858026, 37.50037084053732], [127.12625882822877, 37.50046487247897], [127.12622545194859, 37.50045589773417], [127.1262665054754, 37.50052514114924], [127.12627810764666, 37.50049746825393]]]}}, {"type": "Feature", "properties": {"facility_layer": "UPIS_C_UQ151", "urban_facility": "소로3류", "urban_facility_landuse": "기타", "urban_facility_source": "도시계획 시설정보"}, "geometry": {"type": "Polygon", "coordinates": [[[127.12763362801547, 37.50065036996114], [127.12770648866233, 37.5006015481595], [127.12780171585322, 37.50053783593679], [127.12790259096185, 37.50047033340252], [127.12799770488232, 37.50040671124166], [127.1280745187595, 37.50035527208426], [127.12810833570687, 37.50035721804884], [127.12804615621528, 37.50030178317314], [127.12804371371408, 37.500328725634375], [127.12796656103163, 37.50038043543404], [127.12787359338178, 37.50044261367755], [127.12777938326532, 37.5005057842732], [127.12768664133175, 37.50056787202744], [127.12760903625386, 37.500619852374456], [127.12757532971514, 37.500616374452484], [127.12762926268277, 37.50067722436517], [127.12763362801547, 37.50065036996114]]]}}, {"type": "Feature", "properties": {"facility_layer": "UPIS_C_UQ151", "urban_facility": "소로3류", "urban_facility_landuse": "기타", "urban_facility_source": "도시계획 시설정보"}, "geometry": {"type": "Polygon", "coordinates": [[[127.1273566197177, 37.500552096153925], [127.12741272167506, 37.50055780277006], [127.12732431931357, 37.50044301967939], [127.12731297137469, 37.50048718067287], [127.1271187879505, 37.50061686071463], [127.12716910123306, 37.5006774443865], [127.1273566197177, 37.500552096153925]]]}}, {"type": "Feature", "properties": {"facility_layer": "UPIS_C_UQ151", "urban_facility": "소로3류", "urban_facility_landuse": "기타", "urban_facility_source": "도시계획 시설정보"}, "geometry": {"type": "Polygon", "coordinates": [[[127.12668969251331, 37.50107096867939], [127.12659745821804, 37.50096375749842], [127.12650907659638, 37.50086095705788], [127.12650590392651, 37.50085726632236], [127.12641499781911, 37.50073239402627], [127.12633418021258, 37.50062147647022], [127.12627750601028, 37.50054369009463], [127.1262665054754, 37.50052514114924], [127.12622545194859, 37.50045589773417], [127.12616965573808, 37.50036189241041], [127.12610002406016, 37.50024456579632], [127.12602846440907, 37.50012381737737], [127.12602403884367, 37.50011472195954], [127.12597002145411, 37.50000197389767], [127.12589818809764, 37.499852303638754], [127.12581273712948, 37.499674086014366], [127.1257421476078, 37.49972876075678], [127.12585131563938, 37.499956238076656], [127.12592644023111, 37.50011293268168], [127.1259884860417, 37.50022513170395], [127.12603668387041, 37.5003064410502], [127.1260967895306, 37.500407830078515], [127.1261712979718, 37.5005334407286], [127.12624147419793, 37.500637972546244], [127.12631741758767, 37.50074213782874], [127.12639653520296, 37.50085080469562], [127.12647574992255, 37.5009497406253], [127.12655461356242, 37.50104146888708], [127.12665477984143, 37.501158042078174], [127.12674100020729, 37.501253006012064], [127.12681883011588, 37.501334824209714], [127.12696542736039, 37.501489009592056], [127.12703490076132, 37.501442714601886], [127.12686893097107, 37.50126818730601], [127.12677603358873, 37.501170527551345], [127.12676719690175, 37.501161166540555], [127.12668969251331, 37.50107096867939]]]}}, {"type": "Feature", "properties": {"facility_layer": "UPIS_C_UQ151", "urban_facility": "소로3류", "urban_facility_landuse": "기타", "urban_facility_source": "도시계획 시설정보"}, "geometry": {"type": "Polygon", "coordinates": [[[127.12780458599218, 37.5008319186538], [127.12788512814268, 37.50077795284272], [127.12798498660457, 37.500710991926994], [127.12808292449722, 37.500645294381165], [127.12818278260568, 37.5005783332974], [127.12826377611148, 37.500524096442845], [127.12829759313975, 37.50052604235306], [127.12823552645735, 37.50047060745776], [127.12823308401887, 37.50049754992202], [127.12815129995968, 37.500552418301844], [127.12805437868411, 37.50061730391805], [127.12795734445515, 37.500682369774694], [127.12786064887104, 37.500747164889404], [127.12777807339789, 37.50080248435436], [127.12774436752767, 37.500799456979124], [127.12780078615899, 37.50085877245879], [127.12780458599218, 37.5008319186538]]]}}, {"type": "Feature", "properties": {"facility_layer": "UPIS_C_UQ151", "urban_facility": "소로3류", "urban_facility_landuse": "기타", "urban_facility_source": "도시계획 시설정보"}, "geometry": {"type": "Polygon", "coordinates": [[[127.12797089686548, 37.50100680468145], [127.12805482858673, 37.500950943032066], [127.12815638195146, 37.50088307915992], [127.12826132431958, 37.500813139268374], [127.12836355539076, 37.5007450041903], [127.12844827708496, 37.50068851071245], [127.12848209419204, 37.500690456569664], [127.1284200272371, 37.50063502177332], [127.1284174717703, 37.50066196436201], [127.12833568721028, 37.50071656256909], [127.12823232662649, 37.500785509733184], [127.12813269355367, 37.50085193001661], [127.12803215664978, 37.50091898188197], [127.12794449738583, 37.500977460399056], [127.12791079143034, 37.500974433071555], [127.12796709708316, 37.5010336584909], [127.12797089686548, 37.50100680468145]]]}}, {"type": "Feature", "properties": {"facility_layer": "UPIS_C_UQ151", "urban_facility": "소로3류", "urban_facility_landuse": "기타", "urban_facility_source": "도시계획 시설정보"}, "geometry": {"type": "Polygon", "coordinates": [[[127.12813324305515, 37.501177369927845], [127.12822372615618, 37.50111681594855], [127.12832686117602, 37.50104795913748], [127.12843304577403, 37.5009769365642], [127.12853855239516, 37.5009063651228], [127.12862654976989, 37.5008475254016], [127.12866036695314, 37.50084947120758], [127.12859829973472, 37.50079403650689], [127.12859585741643, 37.50082097897696], [127.12850808592297, 37.500879638233116], [127.12840416073924, 37.5009491267514], [127.1283002353628, 37.50101861517781], [127.12819563186208, 37.5010884646385], [127.12810673020955, 37.50114793570433], [127.12807302417102, 37.50114490842336], [127.12812944332252, 37.501204223741645], [127.12813324305515, 37.501177369927845]]]}}, {"type": "Feature", "properties": {"facility_layer": "UPIS_C_UQ151", "urban_facility": "소로3류", "urban_facility_landuse": "기타", "urban_facility_source": "도시계획 시설정보"}, "geometry": {"type": "Polygon", "coordinates": [[[127.12800836333498, 37.50122786949295], [127.1280419573821, 37.50123152761087], [127.12798568556987, 37.50117237427299], [127.12798106010433, 37.50119915688616], [127.12777408934558, 37.50132443678733], [127.12780139254288, 37.50135314944141], [127.12800836333498, 37.50122786949295]]]}}, {"type": "Feature", "properties": {"facility_layer": "UPIS_C_UQ151", "urban_facility": "중로3류", "urban_facility_landuse": "기타", "urban_facility_source": "도시계획 시설정보"}, "geometry": {"type": "Polygon", "coordinates": [[[127.1260932269829, 37.50221163190128], [127.12627973492484, 37.50208727757005], [127.1265309718178, 37.501919786762244], [127.1267179302206, 37.501795160958004], [127.1269350495309, 37.501650320485474], [127.12698712655597, 37.501615666865575], [127.12725869378521, 37.501434547835316], [127.12739351834755, 37.50144665782952], [127.12719526063893, 37.501238558164495], [127.12718006033619, 37.501345973298875], [127.12703490076132, 37.501442714601886], [127.12696542736039, 37.501489009592056], [127.12686127371877, 37.50155849699014], [127.12674853445596, 37.501633669684416], [127.1266443802619, 37.501703066790654], [127.12654033896611, 37.5017724636849], [127.1264233063957, 37.50185052380341], [127.12633564463682, 37.501908911022], [127.1262480959826, 37.50196738815542], [127.12615964320867, 37.50202631667633], [127.12602509994439, 37.502116017744214], [127.12589055635812, 37.502205718658075], [127.12574742701858, 37.50230119483292], [127.12567795217595, 37.50234757916164], [127.125549056254, 37.50243357965661], [127.12546433040181, 37.50249007104588], [127.1253293910274, 37.50247786887385], [127.1255276470019, 37.502686061729136], [127.12554284993857, 37.50257864682726], [127.12582470417202, 37.502390672734045], [127.1258767822248, 37.50235601960615], [127.1260932269829, 37.50221163190128]]]}}, {"type": "Feature", "properties": {"facility_layer": "UPIS_C_UQ151", "urban_facility": "중로3류", "urban_facility_landuse": "기타", "urban_facility_source": "도시계획 시설정보"}, "geometry": {"type": "Polygon", "coordinates": [[[127.12674808568228, 37.50224526755675], [127.12651905053184, 37.50202746862933], [127.1265309718178, 37.501919786762244], [127.12627973492484, 37.50208727757005], [127.12641489557888, 37.50209686552993], [127.12664427036675, 37.5023149345964], [127.12668787994468, 37.50235633430067], [127.12687274024498, 37.50253210317081], [127.12686081950567, 37.50263987516007], [127.12711205679426, 37.50247229303166], [127.12697678243508, 37.502462796091095], [127.1267916954273, 37.50228675732281], [127.12674808568228, 37.50224526755675]]]}}, {"type": "Feature", "properties": {"facility_layer": "UPIS_C_UQ151", "urban_facility": "소로3류", "urban_facility_landuse": "기타", "urban_facility_source": "도시계획 시설정보"}, "geometry": {"type": "Polygon", "coordinates": [[[127.12784273428156, 37.50286777280592], [127.12799817529002, 37.502764081842344], [127.12811116879216, 37.502772249993654], [127.12835074585689, 37.50300030585862], [127.12840282316175, 37.50296565162214], [127.12814500878169, 37.50272022615344], [127.12797602817398, 37.50270833378789], [127.12753873614993, 37.50299982335931], [127.12758234677166, 37.50304131282658], [127.12784273428156, 37.50286777280592]]]}}, {"type": "Feature", "properties": {"facility_layer": "UPIS_C_UQ151", "urban_facility": "중로2류", "urban_facility_landuse": "기타", "urban_facility_source": "도시계획 시설정보"}, "geometry": {"type": "Polygon", "coordinates": [[[127.1255276470019, 37.502686061729136], [127.1253892302245, 37.50254070480531], [127.12525955565086, 37.50262812937511], [127.12527096384851, 37.50264010970629], [127.12536454069709, 37.50273840060627], [127.12545789101003, 37.50283633126884], [127.12555022194269, 37.50293318172874], [127.12566237914871, 37.50305100452984], [127.12571709845315, 37.50310852077199], [127.12581747371874, 37.50321383193935], [127.12579835743107, 37.50334819081376], [127.1261128617644, 37.503138467657394], [127.12594432751823, 37.50312332832433], [127.1257112895872, 37.50287886254485], [127.1255276470019, 37.502686061729136]]]}}, {"type": "Feature", "properties": {"facility_layer": "UPIS_C_UQ153", "urban_facility": "소공원", "urban_facility_landuse": "공원/녹지", "urban_facility_source": "도시계획 시설정보"}, "geometry": {"type": "Polygon", "coordinates": [[[127.13310651657325, 37.49656836513283], [127.13274882665588, 37.496273568777106], [127.1322620947092, 37.49664977984451], [127.13257108769476, 37.496904122784365], [127.13266997053033, 37.49690539158206], [127.1327543416431, 37.496840290836914], [127.13310651657325, 37.49656836513283]]]}}, {"type": "Feature", "properties": {"facility_layer": "UPIS_C_UQ153", "urban_facility": "오금공원", "urban_facility_landuse": "공원/녹지", "urban_facility_source": "도시계획 시설정보"}, "geometry": {"type": "Polygon", "coordinates": [[[127.13358891288878, 37.502953840843674], [127.13358525757624, 37.502933212082375], [127.13297951736898, 37.502989839660486], [127.13246525651466, 37.50252144147817], [127.1325928042391, 37.502315602230865], [127.13258955907624, 37.50227064603988], [127.13252473107549, 37.5021908895399], [127.13247391827696, 37.502171123924796], [127.13199333598402, 37.50220463219934], [127.13167115401448, 37.50182350509058], [127.13193571929519, 37.50132892584842], [127.1322714867094, 37.501135110432955], [127.13313305290464, 37.501353456629694], [127.13318776874833, 37.501342043084705], [127.1335758766442, 37.501010042623584], [127.13446344510908, 37.50166875784417], [127.13603943891204, 37.500320161991745], [127.13603772631816, 37.50018501422569], [127.13430992377732, 37.49876294124294], [127.13397253538871, 37.49873430784466], [127.1308553371407, 37.50039514790466], [127.12863631118583, 37.50186924663649], [127.12859160558436, 37.502182571703216], [127.13177745001748, 37.505528470351905], [127.13199625879142, 37.5055739995444], [127.13403867096751, 37.50486606490649], [127.13371937166609, 37.50427212473116], [127.13367668265874, 37.504242529677406], [127.13328058558133, 37.50415638627], [127.13299262744788, 37.503823337998], [127.13378103857002, 37.50339160087137], [127.13366359885009, 37.5031716185677], [127.13363896411825, 37.50311857735766], [127.13361828577263, 37.503064450520746], [127.13360156428166, 37.503009508357806], [127.13358891288878, 37.502953840843674]]]}}, {"type": "Feature", "properties": {"facility_layer": "UPIS_C_UQ151", "urban_facility": "대로1류", "urban_facility_landuse": "기타", "urban_facility_source": "도시계획 시설정보"}, "geometry": {"type": "Polygon", "coordinates": [[[127.13419601172951, 37.50884207864761], [127.13391833434322, 37.508771211447886], [127.13388499114612, 37.50871953159677], [127.1338035614836, 37.5085933931555], [127.13372417347802, 37.50847040585925], [127.13364115665631, 37.508341836384936], [127.13358263655454, 37.50825108133548], [127.1335170851546, 37.50814943204981], [127.13342544994367, 37.50800753729149], [127.13338405542781, 37.50794343252383], [127.13331147318684, 37.50783088890314], [127.13324274733094, 37.50772446771494], [127.13317402151226, 37.507617956384955], [127.13310529573104, 37.50751135491313], [127.13307376831058, 37.50746255598892], [127.13292384310716, 37.50723026561873], [127.1328859651572, 37.50717165283774], [127.13281349798609, 37.507059379066305], [127.13270485426531, 37.50689101330798], [127.13262467597468, 37.50676676471602], [127.13252272416973, 37.50660884292115], [127.13245388698716, 37.50650215107443], [127.13238505000083, 37.5063954591853], [127.13231621336797, 37.50628885735332], [127.13222775777204, 37.506151733382225], [127.1322070049825, 37.506119680840975], [127.13214179770884, 37.50601866106977], [127.13207761131144, 37.50591926192752], [127.1320599202784, 37.50589180106128], [127.13177745001748, 37.505528470351905], [127.12859160558436, 37.502182571703216], [127.12863631118583, 37.50186924663649], [127.12789989193821, 37.50235810730607], [127.12791108971568, 37.502359086423866], [127.1282932863462, 37.50239345541437], [127.1284260664271, 37.502532877415064], [127.12861243518378, 37.50272855398517], [127.12881070076989, 37.50293665120476], [127.1288912536619, 37.5030212581696], [127.1290073813953, 37.503143127997994], [127.12912350950644, 37.503264997709024], [127.12923963814877, 37.50338695740226], [127.12929447353201, 37.50344447185647], [127.13042757017732, 37.504634089351356], [127.13048229413457, 37.50469151326245], [127.13057905263203, 37.50479304010817], [127.13067694436748, 37.50489573693034], [127.13077404345695, 37.50499771373873], [127.1308711428107, 37.505099690465066], [127.13096824227323, 37.505201577009764], [127.13106522874773, 37.50530337349683], [127.1311622154857, 37.505405169902026], [127.1312593157399, 37.505507056200706], [127.13131404097214, 37.5055644797156], [127.1313941461916, 37.505648544825114], [127.13143040324996, 37.5056866171449], [127.13172805738763, 37.50606714098747], [127.13176582061874, 37.50612566417862], [127.13183068740345, 37.506226234032845], [127.13194874057096, 37.50640909628268], [127.1320506910524, 37.50656710868061], [127.13211544519007, 37.50666749829532], [127.13218099339022, 37.50676914839043], [127.13222215955865, 37.506832983547284], [127.132286800586, 37.50693310288919], [127.13235155504253, 37.507033312168005], [127.13241619641602, 37.50713343143502], [127.13248095121914, 37.50723364063882], [127.13254559309617, 37.507333849930525], [127.13257734694803, 37.5073830091447], [127.1327271581284, 37.5076152099761], [127.13331189510522, 37.50852123226907], [127.13335306383567, 37.508585427407176], [127.13342258472946, 37.50869319912236], [127.13349097179302, 37.50879926016725], [127.1335662771485, 37.50891603529916], [127.13344556012473, 37.50921629220459], [127.13419601172951, 37.50884207864761]]]}}, {"type": "Feature", "properties": {"facility_layer": "UPIS_C_UQ153", "urban_facility": "완충녹지", "urban_facility_landuse": "공원/녹지", "urban_facility_source": "도시계획 시설정보"}, "geometry": {"type": "Polygon", "coordinates": [[[127.1360595407867, 37.50604012272921], [127.13523728136805, 37.506842673517305], [127.13496662743141, 37.50721932605257], [127.13494699690295, 37.50724673853698], [127.1349421456579, 37.50725350149415], [127.13500570343025, 37.50734643060528], [127.1350452016857, 37.50729143415694], [127.13506483218987, 37.50726402165646], [127.13506777678032, 37.50725991879106], [127.13524386551188, 37.50701487363785], [127.1352773727686, 37.5069682361337], [127.13533080382032, 37.50689388841226], [127.13541983848384, 37.50680697645487], [127.13550713428309, 37.50672177829605], [127.13554007903254, 37.50668962938706], [127.13560296523434, 37.506628245170724], [127.136109155975, 37.506134184380535], [127.13618235336205, 37.506153319232716], [127.13617905944959, 37.50609510955819], [127.13617411443218, 37.506036964834855], [127.13609003505479, 37.50601035508703], [127.1360595407867, 37.50604012272921]]]}}, {"type": "Feature", "properties": {"facility_layer": "UPIS_C_UQ153", "urban_facility": "완충녹지", "urban_facility_landuse": "공원/녹지", "urban_facility_source": "도시계획 시설정보"}, "geometry": {"type": "Polygon", "coordinates": [[[127.13481784286517, 37.50865566513474], [127.13535635028921, 37.50843824036667], [127.13538821058573, 37.50842537407026], [127.1356994117088, 37.50830055728685], [127.13570806996536, 37.50829760119202], [127.13586390252985, 37.50823549855586], [127.13598163503617, 37.50818818840685], [127.13603229743566, 37.50812764680735], [127.13603847089954, 37.508063587907714], [127.13580921276653, 37.50815671450237], [127.1356490537343, 37.508221714179705], [127.1353373523307, 37.508344918614256], [127.13476766288782, 37.50857476718246], [127.13444868466598, 37.50870352761544], [127.13444097663712, 37.50870663571804], [127.13434652078325, 37.508652988493836], [127.13436705031263, 37.50854537737534], [127.13438917122377, 37.50842952935001], [127.13442521215119, 37.50835683241846], [127.13448603533139, 37.508234174334824], [127.1347289768334, 37.50774431691657], [127.13474900290426, 37.50770388461819], [127.13480816620522, 37.50762150279336], [127.13492431494934, 37.507459750841186], [127.13495292617266, 37.50741991247884], [127.13492266109081, 37.5073756626573], [127.13485480025355, 37.507375108574564], [127.13482614386739, 37.50741501003423], [127.13470999498014, 37.50757676189139], [127.13464678131777, 37.507664779463546], [127.13462379130945, 37.50771120671449], [127.13441428678671, 37.50813364975921], [127.13427927404766, 37.50840590263226], [127.13425523679354, 37.50853183494571], [127.13422682904654, 37.50868067550102], [127.134209089484, 37.508773579190986], [127.13419601172951, 37.50884207864761], [127.13418307964437, 37.50890982110111], [127.13437842899694, 37.50883293573553], [127.13438027126165, 37.50883220385611], [127.1344999381326, 37.508784019044626], [127.13481784286517, 37.50865566513474]]]}}, {"type": "Feature", "properties": {"facility_layer": "UPIS_C_UQ153", "urban_facility": "완충녹지", "urban_facility_landuse": "공원/녹지", "urban_facility_source": "도시계획 시설정보"}, "geometry": {"type": "MultiPolygon", "coordinates": [[[[127.1272401529829, 37.50986889393468], [127.1271411474006, 37.509912517404054], [127.127699592821, 37.51081751392075], [127.12770231325008, 37.51082102490138], [127.12773574787688, 37.51086180432566], [127.12777268560451, 37.51090068790334], [127.12781278681723, 37.51093749579497], [127.12785593810763, 37.51097204791937], [127.12790191296214, 37.51100416431625], [127.12795048501779, 37.51103375512497], [127.12796339115503, 37.51104094928294], [127.12784260399091, 37.51084511176635], [127.12768711300582, 37.510593179103], [127.12740766293618, 37.51014045613899], [127.1272401529829, 37.50986889393468]]], [[[127.12664611911187, 37.51013144440005], [127.12654519565675, 37.51017163660268], [127.12726932217886, 37.51134532600905], [127.12727029493446, 37.51131838517861], [127.12726885378034, 37.511268381407525], [127.12726300167043, 37.511218472431175], [127.12725285247446, 37.511169108625914], [127.12723840635176, 37.5111203800901], [127.12721977701992, 37.511072647099816], [127.12719696463718, 37.511025999752555], [127.12717019587345, 37.51098070810379], [127.12664611911187, 37.51013144440005]]], [[[127.1264522946488, 37.50859193612831], [127.12640239620781, 37.50871533536656], [127.12711120674288, 37.50986398551791], [127.12721021212754, 37.50982027197384], [127.12710814176128, 37.509654777336316], [127.1264522946488, 37.50859193612831]]], [[[127.12575427329072, 37.50889009136938], [127.12581609130676, 37.50899026224078], [127.12591241928753, 37.50914633062644], [127.12648866057255, 37.510080011004156], [127.1265052638182, 37.510106906208925], [127.12660617589742, 37.51006671405206], [127.12590419827363, 37.50892912696273], [127.12575427329072, 37.50889009136938]]], [[[127.12471413707091, 37.50466135920803], [127.12470511474646, 37.50467677567439], [127.12466971153265, 37.5047430359047], [127.12463838177294, 37.50481055327491], [127.12461112532885, 37.50487923768854], [127.12458828105437, 37.504948818496196], [127.12456962276895, 37.5050192959359], [127.12455526298844, 37.50509030949346], [127.12454531496881, 37.50516194915223], [127.12453977798329, 37.5052337644153], [127.12453242464406, 37.50530143698047], [127.12452959544915, 37.505369285033005], [127.12453129011514, 37.505437128374034], [127.12453739540982, 37.50550487702153], [127.12454791090147, 37.50557226067605], [127.12456283630614, 37.505639099137234], [127.12458217133951, 37.505705212204205], [127.12460568967043, 37.505770510010976], [127.12463361691174, 37.50583463192093], [127.12466561378142, 37.505897578284674], [127.12470179294148, 37.50595907868226], [127.12489661446433, 37.50627494522516], [127.12494798487734, 37.506358143710486], [127.12616140548954, 37.50832473742445], [127.12631121555057, 37.508363232028756], [127.1250372343535, 37.50629858460483], [127.12498586388254, 37.50621538615757], [127.12480294906624, 37.50591878867647], [127.12476926494443, 37.50586152039392], [127.12473953720306, 37.5058029865781], [127.1247135397882, 37.505743277567454], [127.1246916122793, 37.50568257320987], [127.12467364186638, 37.50562105382463], [127.12465974178515, 37.50555880939523], [127.12464991246978, 37.50549611022188], [127.12464426715489, 37.505433046287294], [127.12464269317725, 37.50536988800875], [127.12464541686757, 37.50530672525019], [127.12465209936974, 37.50524382866383], [127.12471413707091, 37.50466135920803]]], [[[127.12298540631873, 37.505529728742665], [127.12361092467799, 37.50579460784333], [127.12366989191207, 37.5058213065064], [127.12372660164858, 37.50585071046736], [127.1237809410876, 37.50588300004566], [127.12383268344956, 37.50591781508035], [127.12388171563876, 37.50595515569195], [127.12392758497185, 37.50599484215344], [127.12397040425145, 37.506036694152], [127.12400983403604, 37.506080621943156], [127.12404576078362, 37.506126355348854], [127.12407818434302, 37.506173804272656], [127.12408215322237, 37.50618019723582], [127.12561285630235, 37.50866129670199], [127.12566320960711, 37.50853861811471], [127.12417911460355, 37.506133334836946], [127.12414691675103, 37.506085615407066], [127.12411132866485, 37.50603952128146], [127.12407257654381, 37.505995052222445], [127.12403066068552, 37.50595238842613], [127.12398580743417, 37.505911619754244], [127.12393824342719, 37.50587301626782], [127.12388796866458, 37.505836577963656], [127.1238352094873, 37.50580239470365], [127.12378007943195, 37.505770736666264], [127.12372280454325, 37.50574151351466], [127.12366361130586, 37.505714905211015], [127.1234839990318, 37.50563688421453], [127.12342186837171, 37.505612080816675], [127.12335793332731, 37.50559043273793], [127.12329242023205, 37.505572029841815], [127.1232256683691, 37.50555687177621], [127.12315779111972, 37.505545138621805], [127.12308912776554, 37.50553683002749], [127.12301990449096, 37.505531945759294], [127.12298540631873, 37.505529728742665]]], [[[127.122906328038, 37.50307026677013], [127.12281934008605, 37.50312829027884], [127.12289887793041, 37.50321866875957], [127.12300867556658, 37.50334829957184], [127.12311508384022, 37.50347982586289], [127.12317503525252, 37.50355670934483], [127.12321617034735, 37.503607212947834], [127.1232605824432, 37.503656001263394], [127.12330804520894, 37.503702984421416], [127.12335844511357, 37.50374789223602], [127.12341178201164, 37.503790634603924], [127.12346760352663, 37.50383121198815], [127.1235261355531, 37.503869443952446], [127.1235869257123, 37.50390533096017], [127.12364997356148, 37.50393860270914], [127.12371505290814, 37.503969259429724], [127.12378205050652, 37.503997211136024], [127.12385074016251, 37.50402245805909], [127.12390992242138, 37.504043119704534], [127.12397057008641, 37.504060806509095], [127.1240324568151, 37.504075428605525], [127.12409546935862, 37.504086896009646], [127.12415926827822, 37.50409511897229], [127.12422351442949, 37.50410018794427], [127.12428809441471, 37.50410192284314], [127.12431772476613, 37.504101621747125], [127.12427472181048, 37.504085178183935], [127.12413643385293, 37.50403252334041], [127.12399814608922, 37.5039798683342], [127.12385985837237, 37.503927123065694], [127.12384639176324, 37.50392200132448], [127.12377667891612, 37.50389342176597], [127.12372348390757, 37.503868519170744], [127.12370899682676, 37.50386177667364], [127.1236437977311, 37.50382697548361], [127.12358119531483, 37.50378937848156], [127.1235687411703, 37.503780921971014], [127.12352141562263, 37.503748895338376], [127.12346468528459, 37.503705796123576], [127.12341304277588, 37.503661790633835], [127.12341111754183, 37.503660170824475], [127.12336093872821, 37.50361210931163], [127.12331630172282, 37.503564132163305], [127.12331426237503, 37.50356188177158], [127.12327131481315, 37.50350957807491], [127.12323527582434, 37.50346330392909], [127.12321079640965, 37.503431794227616], [127.12315402249529, 37.503361574873836], [127.12310314152528, 37.503298737608596], [127.12307096120757, 37.50326065851904], [127.12299198405265, 37.50316748648536], [127.12298677213067, 37.50316154525914], [127.122906328038, 37.50307026677013]]], [[[127.11871419222179, 37.500541344011914], [127.11865052639376, 37.50061600980461], [127.11866999606936, 37.500627703475736], [127.1188266627785, 37.50072404491963], [127.11898107176538, 37.500822730993995], [127.11913322275294, 37.5009235815082], [127.11928311588679, 37.50102668657052], [127.11943063779766, 37.50113186610298], [127.11957567539753, 37.501239120227325], [127.11964893156987, 37.50129409798172], [127.11973113279413, 37.50135591432507], [127.12075129890177, 37.502122539409605], [127.1211565404315, 37.50242702741059], [127.12129581486624, 37.502534014932976], [127.12143204023694, 37.502643528177956], [127.12156510316294, 37.502755387071616], [127.12169500364261, 37.50286959162445], [127.12182174152926, 37.50298605174718], [127.1219450906333, 37.503104767680384], [127.12206516389837, 37.50322564921958], [127.12218173498701, 37.50334860650595], [127.12229480389175, 37.50347363954981], [127.12240448355315, 37.50360065814569], [127.12251043468049, 37.50372966265045], [127.12261276992079, 37.50386038265922], [127.12271137645894, 37.50399299849653], [127.12273676745035, 37.50402874205205], [127.12276533152504, 37.504068446734884], [127.12279005303506, 37.504109777150916], [127.12281081829796, 37.50415237302023], [127.12282751406744, 37.5041961443614], [127.12284013989984, 37.50424082087731], [127.1228483560662, 37.504286132618894], [127.12285238816548, 37.504331718956294], [127.12285200985421, 37.50437749002266], [127.12284744673129, 37.504423085187256], [127.12283847230724, 37.504468324482644], [127.12269274569475, 37.505061150227185], [127.12270403608032, 37.50504924547875], [127.12274376868749, 37.50500145184572], [127.12277987926002, 37.50495185992196], [127.12281214190236, 37.504900650142176], [127.12284044367034, 37.50484791272524], [127.12286478515392, 37.50479400807236], [127.1228849401693, 37.504738936418306], [127.12290090930821, 37.50468305816359], [127.12294944685405, 37.50448559971605], [127.12295898362437, 37.50443846773943], [127.1229644482303, 37.50439088944927], [127.1229658411173, 37.50434313514492], [127.12296304963616, 37.50429547524167], [127.12295618703554, 37.50424799972252], [127.12294536700158, 37.50420106886894], [127.12293047673857, 37.50415486299532], [127.12291174258874, 37.50410947196733], [127.12288905204731, 37.50406525629776], [127.12286274469533, 37.50402239583511], [127.1228327077347, 37.50398107089232], [127.12280935663989, 37.50394793815598], [127.12270939009066, 37.50381361189912], [127.122605694708, 37.50368109137183], [127.12249838374332, 37.503550466548184], [127.122387344259, 37.5034218276338], [127.12227268921362, 37.50329508440305], [127.12215464523806, 37.503170506913406], [127.12203298615296, 37.503048095385594], [127.12190805109927, 37.50292775936318], [127.12177961433049, 37.50280976936505], [127.12164801512861, 37.50269412503493], [127.12151325349586, 37.50258082636235], [127.12137521634163, 37.5024698734514], [127.12123413013927, 37.502361446260764], [127.11965337863843, 37.50117372018851], [127.11950686904042, 37.501065296330914], [127.1193577620546, 37.50095894717594], [127.11920639723168, 37.50085485257522], [127.11905266133653, 37.50075292253304], [127.11889655450646, 37.500653247139965], [127.1187383030563, 37.50055591626195], [127.11871419222179, 37.500541344011914]]], [[[127.12218817919658, 37.50236344889545], [127.1221060606972, 37.50242534120274], [127.12217016173335, 37.50248176832192], [127.12229961580316, 37.50259939646279], [127.12242602026711, 37.50271918997521], [127.12254914879074, 37.502841059000914], [127.12266900122268, 37.50296491345042], [127.12276643072722, 37.50306968963811], [127.1228533057052, 37.503011756383614], [127.12275927491321, 37.5029106708696], [127.12263794974062, 37.50278528632422], [127.12251334863645, 37.5026619773016], [127.12238547160638, 37.5025407437915], [127.12225443189287, 37.50242167576746], [127.12218817919658, 37.50236344889545]]], [[[127.12131129542959, 37.50167633928435], [127.12123370649671, 37.501741920491156], [127.12162219016705, 37.50203380992385], [127.12176361573111, 37.50214232641149], [127.1219021050773, 37.502253188314235], [127.12203765820561, 37.50236639564231], [127.1220446796144, 37.50237242516504], [127.12212691105373, 37.502310442684774], [127.12212034273644, 37.50230486320329], [127.12201944229766, 37.502220632761066], [127.12198309104738, 37.50219030620408], [127.12190756163261, 37.50212983613642], [127.12184290315551, 37.50207809462814], [127.1217918359819, 37.502038953219035], [127.12169977906079, 37.50196822846522], [127.12167362346722, 37.501948613314845], [127.12155416824307, 37.501858905252064], [127.1214348263959, 37.50176919695183], [127.12131129542959, 37.50167633928435]]], [[[127.11909833674522, 37.50009559887331], [127.11903478462499, 37.50017017466525], [127.11907983588927, 37.50019688949112], [127.11924623734556, 37.500299257386594], [127.11941026820986, 37.500404060106476], [127.11957192834642, 37.50051120756086], [127.1197311045289, 37.500620609772774], [127.11988779690303, 37.500732356851806], [127.12004189224031, 37.500846358821526], [127.12116792150286, 37.501692432246095], [127.12124551044228, 37.50162685108193], [127.12021277825512, 37.50085087244421], [127.1201195945252, 37.50078086837337], [127.11996402733396, 37.50066578678159], [127.11980575003014, 37.500552960191456], [127.11964510187904, 37.50044238825297], [127.1194818569821, 37.50033425138182], [127.11931612828187, 37.50022845935492], [127.11914814195059, 37.50012501193675], [127.11909833674522, 37.50009559887331]]], [[[127.11776513348775, 37.49936638879118], [127.11770237087345, 37.49944006210085], [127.11856697320172, 37.49990430399184], [127.1187401472102, 37.49999936780969], [127.11880670199444, 37.50003687338154], [127.11886765798947, 37.49996536368356], [127.11871032723981, 37.49987731212377], [127.11855232029899, 37.49979052242042], [127.11838367713071, 37.499699688533696], [127.11805759694691, 37.4995239555684], [127.11794407480787, 37.499462799608686], [127.11776513348775, 37.49936638879118]]], [[[127.11572203365326, 37.49895728293299], [127.11571467925853, 37.49895483031629], [127.11564034852826, 37.49893345837862], [127.11556477840664, 37.49891506088559], [127.11548819519622, 37.49889972771632], [127.11541071211181, 37.49888754885961], [127.11533255504425, 37.49887834389639], [127.11525383734447, 37.49887229291594], [127.11517501134983, 37.49886939548196], [127.11376132970852, 37.49895715281686], [127.11369020760591, 37.49896361745701], [127.11361965577423, 37.4989733251078], [127.11354990037854, 37.4989862755558], [127.11348116744965, 37.49900237848832], [127.11341379624056, 37.499021633585805], [127.1133478995622, 37.49904386054407], [127.11328370371652, 37.499069149251326], [127.11322143460325, 37.499097319297015], [127.11316131839173, 37.49912837047041], [127.11310358085004, 37.49916203226195], [127.1130804318621, 37.49917723594862], [127.11305469567213, 37.49919412694051], [127.11300889112297, 37.49924459005012], [127.1127533125993, 37.499526176741405], [127.11272582004841, 37.499510336041915], [127.11264639237781, 37.499597843668845], [127.11267388494409, 37.49961368438654], [127.11265400258328, 37.49963557933324], [127.11268149516503, 37.499651420049034], [127.11263465138468, 37.499703037265746], [127.11267428267752, 37.49972179481004], [127.11294801565066, 37.499419324052795], [127.11299047351352, 37.49937684697224], [127.1130360961702, 37.49933328569066], [127.11308500420702, 37.499293685681806], [127.11313685608462, 37.499256515566984], [127.11315393884026, 37.49924571447435], [127.11319153898464, 37.499221955648714], [127.11324871391552, 37.49919018644337], [127.11330826779327, 37.49916120805442], [127.11336986176332, 37.499135291098675], [127.11343349583112, 37.49911243557294], [127.11349181947405, 37.499092738540924], [127.11356530160307, 37.49907627069883], [127.11363302124298, 37.49906314197416], [127.11370165054247, 37.49905334604121], [127.11377096333632, 37.499046883113394], [127.11517254676701, 37.49895940760251], [127.11525318265686, 37.49896257359517], [127.11533337153864, 37.49896925385754], [127.11541300033659, 37.498979448499476], [127.11549195583778, 37.49899306753153], [127.11556967261774, 37.499010111500795], [127.11564615054913, 37.499030490310034], [127.11572116360428, 37.49905429427989], [127.11579437211888, 37.49908125344215], [127.11586566301315, 37.49911136790956], [127.11593480998187, 37.49914454780491], [127.11628838476565, 37.499333955113855], [127.11749929038726, 37.49998282483387], [127.11809986151735, 37.50030462890993], [127.11818769184254, 37.50035166441292], [127.1182390782856, 37.50037990499915], [127.11835067967982, 37.50044115266409], [127.11842289488115, 37.50048234694394], [127.11848599650192, 37.50040840262934], [127.11841513966971, 37.50036801794184], [127.11825045417896, 37.50027763045762], [127.11599576139426, 37.49906871478829], [127.11592831159882, 37.49903607388368], [127.11585883041765, 37.49900613790182], [127.11578754429411, 37.49897908681988], [127.11572203365326, 37.49895728293299]]], [[[127.11682388326501, 37.49516000752518], [127.11685707315576, 37.49512357476592], [127.11683024910322, 37.495108103766164], [127.11675133384561, 37.49511817284314], [127.11671854670122, 37.49512235842365], [127.11668268451304, 37.49521542153953], [127.11615127921414, 37.495798794608156], [127.11612021948812, 37.49577920098349], [127.11595756299373, 37.495957765455806], [127.11589679785462, 37.496087378936885], [127.11564410374784, 37.49634787684293], [127.11546377787005, 37.496561425452626], [127.11545391450824, 37.49658212189882], [127.11543251023863, 37.49663584207022], [127.11541495228228, 37.49669054962798], [127.11540135318332, 37.49674588406572], [127.11539171281326, 37.49680175528506], [127.11538603077047, 37.49685789298767], [127.11538442014756, 37.49691429706513], [127.11538688054326, 37.49697069721832], [127.11539329847243, 37.497026823256725], [127.115403673807, 37.49708258507998], [127.11541811936613, 37.49713780237851], [127.11543640871632, 37.4971922951694], [127.11573789433184, 37.49801074158739], [127.11576343505595, 37.4980740570948], [127.11579281908868, 37.49813628768017], [127.11582604616368, 37.498197253141186], [127.11586288997955, 37.49825686359383], [127.11590346349143, 37.49831502882552], [127.11594753998362, 37.49837138865265], [127.11599511959837, 37.498426033171036], [127.11604597589249, 37.4984787823963], [127.11609999550744, 37.4985294562345], [127.1161335466052, 37.49855797633303], [127.11615706522105, 37.49857796469134], [127.11621707167221, 37.49862412767285], [127.11627990177429, 37.498667945284446], [127.11634532893936, 37.49870914744233], [127.11641324021627, 37.49874782435197], [127.11648069548731, 37.498784068970046], [127.11762733127773, 37.49939977114659], [127.11768490139997, 37.49933222977131], [127.11751660027001, 37.499241844801254], [127.1173592781892, 37.499157395414514], [127.11720263554086, 37.4990733055509], [127.11704667232044, 37.498989575213145], [127.11689138852343, 37.49890620440393], [127.11673667092018, 37.49882310313657], [127.11657584200778, 37.49873676402255], [127.11653837939718, 37.49871661813512], [127.11653328621902, 37.498713829998295], [127.1164085428301, 37.49863430310696], [127.11634311486807, 37.49859256038517], [127.11628050986198, 37.49854802178914], [127.11622095439965, 37.498500957402825], [127.11616456170528, 37.49845145722076], [127.11611167131169, 37.498399701117826], [127.11606217013045, 37.49834568920828], [127.1160163978291, 37.4982896914667], [127.11597435467797, 37.498231888096825], [127.11593626698038, 37.498172368983276], [127.11590213500443, 37.49811131432932], [127.11587218518842, 37.49804890411887], [127.11584641779824, 37.497985318554505], [127.11559943642936, 37.49731467368671], [127.11554481746985, 37.49716651212184], [127.11552709593332, 37.49711364059737], [127.11551355743617, 37.497060044234566], [127.11550408915971, 37.497005903343464], [127.11549880445313, 37.49695139801545], [127.1154975904974, 37.496896708559674], [127.11550056077814, 37.496842105166394], [127.11550771542326, 37.49678767793512], [127.11551905497139, 37.49673378726406], [127.11553435324686, 37.496680433370315], [127.11555372387292, 37.49662797654225], [127.11557716711577, 37.4965765969774], [127.11560434385534, 37.49652638510072], [127.11563536757983, 37.49647761109968], [127.11567001225451, 37.496430365289655], [127.11570816520306, 37.496384918076025], [127.11682388326501, 37.49516000752518]]]]}}, {"type": "Feature", "properties": {"facility_layer": "UPIS_C_UQ151", "urban_facility": "소로2류", "urban_facility_landuse": "기타", "urban_facility_source": "도시계획 시설정보"}, "geometry": {"type": "Polygon", "coordinates": [[[127.08184919361099, 37.50320181674746], [127.08177896712749, 37.50320609917112], [127.0819571653442, 37.503603678497626], [127.08209026826107, 37.50390064682285], [127.08215389782356, 37.50388199780014], [127.08219134292656, 37.50387102510985], [127.08214031650803, 37.5038516884885], [127.08203454574131, 37.50361551895662], [127.08202105533627, 37.50358552491716], [127.08198477842505, 37.503504640011776], [127.08195271862581, 37.50343302349249], [127.08191823290605, 37.50335602064638], [127.08184919361099, 37.50320181674746]]]}}, {"type": "Feature", "properties": {"facility_layer": "UPIS_C_UQ151", "urban_facility": "소로2류", "urban_facility_landuse": "기타", "urban_facility_source": "도시계획 시설정보"}, "geometry": {"type": "Polygon", "coordinates": [[[127.10720491631918, 37.50403798207432], [127.10710669526215, 37.50399905670167], [127.10709752952906, 37.503995460902566], [127.10700858752817, 37.50396022124567], [127.10691048002232, 37.503921475807424], [127.10681248558558, 37.50388264008683], [127.10669434908768, 37.50383571323876], [127.10657236538748, 37.50378725799712], [127.10647629491066, 37.50374914108385], [127.10640330858635, 37.50372019377709], [127.1063887716711, 37.50367668848774], [127.10629308316668, 37.50379035317887], [127.10634772553637, 37.50377880797123], [127.10648994155099, 37.50383525533922], [127.10660592786489, 37.50388128330669], [127.1067008670006, 37.503918950621944], [127.10679569313702, 37.50395661796131], [127.10689064378528, 37.50399429412319], [127.10698229024028, 37.50403060364167], [127.1070734956006, 37.504066832393114], [127.10708753851176, 37.5040724060308], [127.10716436151091, 37.5041028811779], [127.1073810369125, 37.50418885863348], [127.10739452306416, 37.50423260800764], [127.10740806214686, 37.50421772940997], [127.10739465537266, 37.50417413313571], [127.10749536616876, 37.504213957031794], [127.10750902988711, 37.50419925851025], [127.10753571275659, 37.504169925110624], [127.10751553550885, 37.50416114046864], [127.1074013587388, 37.50411583257335], [127.10730313747808, 37.504076907364876], [127.10720491631918, 37.50403798207432]]]}}, {"type": "Feature", "properties": {"facility_layer": "UPIS_C_UQ155", "urban_facility": "사회복지시설(구립어린이집)", "urban_facility_landuse": "의료/노유자시설", "urban_facility_source": "도시계획 시설정보"}, "geometry": {"type": "Polygon", "coordinates": [[[127.1201670008846, 37.50465403942046], [127.1203292236005, 37.5048385268183], [127.12053284205686, 37.504724859235495], [127.12037074330657, 37.50454025485945], [127.1201668649134, 37.50465387737747], [127.1201670008846, 37.50465403942046]]]}}, {"type": "Feature", "properties": {"facility_layer": "UPIS_C_UQ155", "urban_facility": "사회복지시설", "urban_facility_landuse": "의료/노유자시설", "urban_facility_source": "도시계획 시설정보"}, "geometry": {"type": "Polygon", "coordinates": [[[127.08471878209097, 37.506095457383644], [127.08465637838819, 37.50595600886855], [127.08444362949861, 37.506016561284355], [127.08450608936553, 37.5061559738312], [127.08471878209097, 37.506095457383644]]]}}, {"type": "Feature", "properties": {"facility_layer": "UPIS_C_UQ153", "urban_facility": "잠실 7공원(잠실)", "urban_facility_landuse": "공원/녹지", "urban_facility_source": "도시계획 시설정보"}, "geometry": {"type": "Polygon", "coordinates": [[[127.08473966649869, 37.50614210533823], [127.08471877075121, 37.506095430361704], [127.08450607802584, 37.506155946809244], [127.08444361815896, 37.50601653426238], [127.0841748804297, 37.5060930100709], [127.08398020262408, 37.505658910316036], [127.08322948116515, 37.50587243682681], [127.08337462220389, 37.50619628102661], [127.08316170195619, 37.506256840260804], [127.08329455351702, 37.5065531405259], [127.08425830312666, 37.50627902569215], [127.08473966649869, 37.50614210533823]]]}}, {"type": "Feature", "properties": {"facility_layer": "UPIS_C_UQ151", "urban_facility": "소로3류", "urban_facility_landuse": "기타", "urban_facility_source": "도시계획 시설정보"}, "geometry": {"type": "Polygon", "coordinates": [[[127.10379000676016, 37.50734440517522], [127.10368623450286, 37.5073005263029], [127.1035824622442, 37.50725655723929], [127.1034674868947, 37.50720791256715], [127.10345374245158, 37.50716422605852], [127.10337097406381, 37.507262506157026], [127.10342581249334, 37.50725155679514], [127.10349959587377, 37.507282757727815], [127.10359850201675, 37.50732465877531], [127.10369740814734, 37.50736646963993], [127.10379631438809, 37.50740828042126], [127.10397070199195, 37.50748201108286], [127.10426979841657, 37.50760843151674], [127.10428252576344, 37.507652299011006], [127.10437004667074, 37.5075562666362], [127.10431498084557, 37.50756640573626], [127.10424289433354, 37.50753592463696], [127.10413912154677, 37.50749204616467], [127.10403534888128, 37.50744816760075], [127.10391267773593, 37.50739628645203], [127.10379000676016, 37.50734440517522]]]}}, {"type": "Feature", "properties": {"facility_layer": "UPIS_C_UQ151", "urban_facility": "소로3류", "urban_facility_landuse": "기타", "urban_facility_source": "도시계획 시설정보"}, "geometry": {"type": "Polygon", "coordinates": [[[127.10642086653051, 37.50859024958987], [127.10651812247087, 37.50850132487152], [127.10646157419727, 37.50850308701561], [127.10634766989358, 37.50841425973724], [127.10626116615504, 37.50834676168684], [127.1061747759248, 37.5082794436711], [127.10608838572404, 37.50821203549157], [127.10603881620742, 37.5081733905437], [127.10597187822515, 37.508121227956536], [127.105554310086, 37.50779552556515], [127.10554949761034, 37.50775066014253], [127.10546186526395, 37.50784696378443], [127.1055181839918, 37.50784313002754], [127.10561465007952, 37.50791836842591], [127.1057059080995, 37.50798955685065], [127.10579716616749, 37.50806065510415], [127.10588842453399, 37.508131843385655], [127.10597968294826, 37.50820294149592], [127.10607082843458, 37.5082740396347], [127.10616050214449, 37.50834396770967], [127.10625006266869, 37.508413715616555], [127.10633962361158, 37.50848364365366], [127.10641865456442, 37.50854520170031], [127.10642086653051, 37.50859024958987]]]}}, {"type": "Feature", "properties": {"facility_layer": "UPIS_C_UQ153", "urban_facility": "소공원", "urban_facility_landuse": "공원/녹지", "urban_facility_source": "도시계획 시설정보"}, "geometry": {"type": "Polygon", "coordinates": [[[127.07421548016552, 37.50823713032957], [127.07323714058852, 37.5080914063852], [127.07309428710101, 37.5086999905686], [127.07407296099905, 37.50884432793672], [127.07421548016552, 37.50823713032957]]]}}, {"type": "Feature", "properties": {"facility_layer": "UPIS_C_UQ153", "urban_facility": "송파나루공원", "urban_facility_landuse": "공원/녹지", "urban_facility_source": "도시계획 시설정보"}, "geometry": {"type": "MultiPolygon", "coordinates": [[[[127.10409332884402, 37.508989272889906], [127.10212237585773, 37.51115534258265], [127.10706630712656, 37.51346866185158], [127.10733121046086, 37.513390038174435], [127.10787649597168, 37.512105988957316], [127.10781069680839, 37.511887196123844], [127.10409332884402, 37.508989272889906]]], [[[127.09836971192806, 37.506564384929774], [127.09814023622502, 37.50656538374295], [127.09791122530397, 37.50657602240373], [127.09768313135514, 37.506596210447015], [127.09761720105263, 37.50660103938562], [127.09744280371925, 37.50677840732172], [127.09763664959294, 37.50968504688905], [127.09785049110765, 37.509832455998115], [127.09806754008667, 37.509835071887935], [127.09831162590777, 37.50984162961471], [127.09855493322593, 37.50985836874198], [127.09879689662249, 37.50988528974004], [127.0990367242357, 37.50992221307127], [127.09927373741945, 37.50996904921036], [127.09950737062651, 37.510025708543395], [127.09973705830423, 37.51009210146064], [127.09996200844965, 37.51016795834571], [127.10018165537646, 37.51025309949837], [127.10039543327107, 37.510347255122305], [127.10163311512893, 37.510926454586716], [127.1036848218354, 37.508670673945076], [127.1036647823492, 37.50865564462366], [127.10354941717873, 37.508571501095716], [127.1034322448507, 37.508488980807684], [127.10331326536337, 37.50840808375421], [127.10319259193821, 37.50832889993218], [127.10307011147125, 37.508251429433734], [127.10294593693868, 37.50817558205656], [127.10282018168176, 37.508101537897616], [127.1026928455745, 37.50802920685235], [127.10256381563362, 37.507958679112036], [127.10243343115583, 37.5078899543814], [127.10230146605596, 37.50782312294858], [127.10216803318647, 37.50775800451277], [127.10203324600457, 37.5076948692717], [127.1018971042617, 37.50763353702156], [127.10175926865142, 37.507574008045616], [127.10033567544751, 37.506971539271575], [127.10014409823694, 37.50689529479469], [127.09993397687475, 37.50682185854851], [127.09971934365844, 37.506757345552465], [127.09950076413391, 37.50670184541295], [127.09927869086029, 37.506655537933305], [127.09905402866775, 37.50661851244677], [127.0988272301044, 37.50659094876551], [127.09859886069563, 37.506572936512406], [127.09836971192806, 37.506564384929774]]]]}}, {"type": "Feature", "properties": {"facility_layer": "UPIS_C_UQ151", "urban_facility": "중로3류", "urban_facility_landuse": "기타", "urban_facility_source": "도시계획 시설정보"}, "geometry": {"type": "Polygon", "coordinates": [[[127.12794711774966, 37.50326941603694], [127.12781184169731, 37.50325982995705], [127.12774206410668, 37.50319332080081], [127.12758234677166, 37.50304131282658], [127.12753873614993, 37.50299982335931], [127.1273527399402, 37.50282270526058], [127.12736365744087, 37.5027240343721], [127.12736466015193, 37.50271502332588], [127.12711342261764, 37.502882605985], [127.12724858465837, 37.50289210288739], [127.12743458064384, 37.503069131048534], [127.12747819124841, 37.503110620553755], [127.1277077993289, 37.503329227862984], [127.12769576657298, 37.50343700004069], [127.12794711774966, 37.50326941603694]]]}}, {"type": "Feature", "properties": {"facility_layer": "UPIS_C_UQ151", "urban_facility": "소로3류", "urban_facility_landuse": "기타", "urban_facility_source": "도시계획 시설정보"}, "geometry": {"type": "Polygon", "coordinates": [[[127.12729281172199, 37.50370574684875], [127.12705300911972, 37.5034775089052], [127.12706303669115, 37.503387398479056], [127.1272182541223, 37.503283979086206], [127.12747819124841, 37.503110620553755], [127.12743458064384, 37.503069131048534], [127.12721169678666, 37.50321776273032], [127.12699796236699, 37.50336025748616], [127.12698303337952, 37.503495062598525], [127.12724073338966, 37.50374040059339], [127.12729281172199, 37.50370574684875]]]}}, {"type": "Feature", "properties": {"facility_layer": "UPIS_C_UQ151", "urban_facility": "중로3류", "urban_facility_landuse": "기타", "urban_facility_source": "도시계획 시설정보"}, "geometry": {"type": "Polygon", "coordinates": [[[127.12750949426854, 37.503702182263474], [127.12761918582041, 37.50362908441568], [127.12772345457061, 37.503559506149614], [127.12783303276308, 37.50348649832267], [127.12796091139035, 37.50340130733851], [127.12807579842942, 37.503324689611645], [127.12819746322225, 37.50324355951588], [127.12833562076761, 37.50315141941788], [127.12840509470514, 37.5031050335342], [127.128560761458, 37.503001251492556], [127.12867587330356, 37.502924542836276], [127.12881070076989, 37.50293665120476], [127.12861243518378, 37.50272855398517], [127.12859723661569, 37.50283596927145], [127.12840282316175, 37.50296565162214], [127.12835074585689, 37.50300030585862], [127.12813385111691, 37.50314487836049], [127.12794711774966, 37.50326941603694], [127.12769576657298, 37.50343700004069], [127.12750937057724, 37.503561266360435], [127.12729281172199, 37.50370574684875], [127.12724073338966, 37.50374040059339], [127.12688262377124, 37.503979185135755], [127.12674779473494, 37.50396707457172], [127.12694605843956, 37.50417517488014], [127.1269612596397, 37.504067759826086], [127.12708134518263, 37.503987623662624], [127.12722628357731, 37.50389097267606], [127.12727836202072, 37.503856318938496], [127.12740002853971, 37.503775189668225], [127.12750949426854, 37.503702182263474]]]}}, {"type": "Feature", "properties": {"facility_layer": "UPIS_C_UQ153", "urban_facility": "소공원", "urban_facility_landuse": "공원/녹지", "urban_facility_source": "도시계획 시설정보"}, "geometry": {"type": "Polygon", "coordinates": [[[127.1201668649134, 37.50465387737747], [127.12037074330657, 37.50454025485945], [127.12053284205686, 37.504724859235495], [127.12078770323284, 37.50458257795265], [127.1210042469166, 37.504461697532385], [127.12055845718582, 37.50395486789355], [127.11988344727474, 37.50433155950013], [127.1201668649134, 37.50465387737747]]]}}, {"type": "Feature", "properties": {"facility_layer": "UPIS_C_UQ151", "urban_facility": "중로1류", "urban_facility_landuse": "기타", "urban_facility_source": "도시계획 시설정보"}, "geometry": {"type": "Polygon", "coordinates": [[[127.12887777232605, 37.50620341568581], [127.12877251668748, 37.50609288665156], [127.12866714826197, 37.50598235764258], [127.12855022346241, 37.50585958740137], [127.12849561322443, 37.50580216248403], [127.12743243264778, 37.50468588348306], [127.12737771102643, 37.50462845815489], [127.12723110723257, 37.504474543678036], [127.12714590959533, 37.50438507515462], [127.12706071216152, 37.50429560656804], [127.12697562817668, 37.50420622789778], [127.12694605843956, 37.50417517488014], [127.12674779473494, 37.50396707457172], [127.12656414696619, 37.50377436551214], [127.12632883876378, 37.503527290490666], [127.12634784120186, 37.503393021755265], [127.12603344940607, 37.50360265530999], [127.12620209784141, 37.503617794393385], [127.12724292568076, 37.50471059245118], [127.12731135601634, 37.50478241920411], [127.1284576862519, 37.50598599768578], [127.12838688132767, 37.50601599586827], [127.12868352200303, 37.506327439991516], [127.12876032811504, 37.50640807762955], [127.12883113325907, 37.50637807922487], [127.12888653708585, 37.50643622392311], [127.12893740895386, 37.506489598197874], [127.12900720216984, 37.50656286406979], [127.12906657191874, 37.50662523908826], [127.12912152295023, 37.50668293366389], [127.129180892736, 37.50674521852372], [127.12927436658805, 37.506843416261944], [127.12937271254228, 37.506946654235364], [127.12940239763174, 37.50697779660423], [127.1293660917634, 37.507109831980706], [127.12971966792777, 37.50692753747325], [127.129551347415, 37.50691051097666], [127.12949480958117, 37.506851106428016], [127.12941266573468, 37.5067648798611], [127.12935794107729, 37.5067074554761], [127.12924339337776, 37.50658720615752], [127.12912148147605, 37.50645921610392], [127.12898563397042, 37.50631655470408], [127.12887777232605, 37.50620341568581]]]}}, {"type": "Feature", "properties": {"facility_layer": "UPIS_C_UQ153", "urban_facility": "소공원", "urban_facility_landuse": "공원/녹지", "urban_facility_source": "도시계획 시설정보"}, "geometry": {"type": "Polygon", "coordinates": [[[127.12868352200303, 37.506327439991516], [127.12838688132767, 37.50601599586827], [127.12779392603932, 37.506267234568845], [127.12805376979841, 37.50665643059779], [127.12866408671535, 37.506397837805444], [127.12868352200303, 37.506327439991516]]]}}, {"type": "Feature", "properties": {"facility_layer": "UPIS_C_UQ152", "urban_facility": "노외주차장", "urban_facility_landuse": "도로/교통시설", "urban_facility_source": "도시계획 시설정보"}, "geometry": {"type": "Polygon", "coordinates": [[[127.12868352200303, 37.506327439991516], [127.12838688132767, 37.50601599586827], [127.12779392603932, 37.506267234568845], [127.12805376979841, 37.50665643059779], [127.12866408671535, 37.506397837805444], [127.12868352200303, 37.506327439991516]]]}}, {"type": "Feature", "properties": {"facility_layer": "UPIS_C_UQ153", "urban_facility": "공공공지", "urban_facility_landuse": "기타", "urban_facility_source": "도시계획 시설정보"}, "geometry": {"type": "Polygon", "coordinates": [[[127.12805376979841, 37.50665643059779], [127.12779392603932, 37.506267234568845], [127.12721875583945, 37.50651093704521], [127.12747859746453, 37.50690013432698], [127.12805376979841, 37.50665643059779]]]}}, {"type": "Feature", "properties": {"facility_layer": "UPIS_C_UQ152", "urban_facility": "공영주차장", "urban_facility_landuse": "도로/교통시설", "urban_facility_source": "도시계획 시설정보"}, "geometry": {"type": "Polygon", "coordinates": [[[127.12287846675373, 37.50667164553402], [127.12256910822269, 37.50679794938515], [127.122769402616, 37.507110317918524], [127.12307896621441, 37.50698434670689], [127.12287846675373, 37.50667164553402]]]}}, {"type": "Feature", "properties": {"facility_layer": "UPIS_C_UQ155", "urban_facility": "청소년특화시설", "urban_facility_landuse": "기타", "urban_facility_source": "도시계획 시설정보"}, "geometry": {"type": "Polygon", "coordinates": [[[127.12287846675373, 37.50667164553402], [127.12256910822269, 37.50679794938515], [127.122769402616, 37.507110317918524], [127.12307896621441, 37.50698434670689], [127.12287846675373, 37.50667164553402]]]}}, {"type": "Feature", "properties": {"facility_layer": "UPIS_C_UQ153", "urban_facility": "근린공원", "urban_facility_landuse": "공원/녹지", "urban_facility_source": "도시계획 시설정보"}, "geometry": {"type": "Polygon", "coordinates": [[[127.09618789924349, 37.51253360083292], [127.09608025342115, 37.5125146039483], [127.09601137963493, 37.51250356779587], [127.09594574255655, 37.512493970610414], [127.09571912687194, 37.51247216723039], [127.09554136806781, 37.512436827608994], [127.09447397565256, 37.512338427617166], [127.09443492124663, 37.51234879277434], [127.09424195822228, 37.51233805135163], [127.0940820644022, 37.51232454467544], [127.09391386060615, 37.51279089702547], [127.09454939120164, 37.51293635964532], [127.09456969211328, 37.512880076424416], [127.09457050387343, 37.512877967453164], [127.09457140615343, 37.51287588544051], [127.09457239894216, 37.512873821376445], [127.09457348226196, 37.51287179328093], [127.09457465611281, 37.51286980115392], [127.09457590917276, 37.51286783599443], [127.09457725276373, 37.51286590680344], [127.09457867558616, 37.512864022599864], [127.09458018893963, 37.51286217436478], [127.09458178152452, 37.512860371117085], [127.09458344203007, 37.51285861286569], [127.09458519307778, 37.512856899592755], [127.09458700074657, 37.51285524033497], [127.09458889895753, 37.512853626055666], [127.09459085378954, 37.512852065791485], [127.09459287656453, 37.51285056854349], [127.09459496727133, 37.51284912530177], [127.09459712590996, 37.512847736066206], [127.0945993298812, 37.51284641887465], [127.09460160178423, 37.51284515568929], [127.09460393031951, 37.51284395552901], [127.09460630418737, 37.51284282741269], [127.0946087233655, 37.51284175332039], [127.09461118788742, 37.51284076028201], [127.09461369773078, 37.512839830277606], [127.0946162529068, 37.512838972317134], [127.09461883079386, 37.51283818641844], [127.09462145401355, 37.51283747256366], [127.09462409994435, 37.51283683077067], [127.09462676859738, 37.51283627004937], [127.0946294712611, 37.512835772370956], [127.09463218533634, 37.51283535577318], [127.09463492213382, 37.512835020247124], [127.09463767033164, 37.51283475679173], [127.09464042992981, 37.512834565407], [127.09464318962868, 37.5128344551118], [127.09464596072792, 37.51283441688731], [127.09464872061707, 37.512834459761244], [127.094651480607, 37.51283458372473], [127.09465424068652, 37.512834779767786], [127.094656989556, 37.512835056909324], [127.09465971589348, 37.51283540614827], [127.09466243100978, 37.51283582747572], [127.09466512360532, 37.51283632991056], [127.09466780497962, 37.5128369044339], [127.09467044121163, 37.51283756008246], [127.09467305490045, 37.512838278818506], [127.09467563475775, 37.51283907867084], [127.09467818076111, 37.51283994161959], [127.09468068161092, 37.51284087668362], [127.09468314861803, 37.512841883853994], [127.09468555916084, 37.51284296314858], [127.0946879358385, 37.5128440965296], [127.09469024474109, 37.512845302043765], [127.094692508479, 37.51284657066329], [127.09469471574138, 37.512847902397056], [127.09469686652828, 37.51284929724505], [127.09469893820693, 37.51285074621522], [127.09470096472087, 37.51285225829075], [127.09470291212656, 37.51285382448844], [127.09478047815429, 37.51292375268128], [127.09478204073824, 37.512925111952256], [127.09478367114224, 37.51292643512983], [127.09478534672226, 37.5129277042119], [127.0947870788115, 37.512928937209466], [127.0947888560768, 37.51293011611156], [127.0947906898401, 37.512931249919184], [127.09479256877938, 37.51293232963134], [127.09479449289472, 37.512933355247995], [127.09479646219722, 37.51293433577909], [127.09479847666456, 37.512935253204745], [127.09480052500831, 37.512936125553786], [127.09480260720602, 37.51293693480631], [127.0948047232689, 37.51293768997229], [127.09480687318575, 37.51293838204169], [127.09480904565697, 37.51293902003347], [127.0948112519822, 37.512939594928724], [127.0948134695397, 37.5129401067453], [127.09555808280658, 37.513101938933985], [127.09562358134293, 37.51291071334119], [127.09590444917708, 37.51297175701141], [127.09599079498932, 37.51271967926763], [127.09620902865316, 37.51276711318515], [127.09625715942555, 37.512626582206785], [127.09618789924349, 37.51253360083292]]]}}, {"type": "Feature", "properties": {"facility_layer": "UPIS_C_UQ155", "urban_facility": "공공청사", "urban_facility_landuse": "업무시설", "urban_facility_source": "도시계획 시설정보"}, "geometry": {"type": "Polygon", "coordinates": [[[127.09555808280658, 37.513101938933985], [127.09601861687325, 37.51320203250516], [127.09606772305095, 37.51317968453789], [127.09612269482038, 37.513019182066465], [127.09562358134293, 37.51291071334119], [127.09555808280658, 37.513101938933985]]]}}, {"type": "Feature", "properties": {"facility_layer": "UPIS_C_UQ151", "urban_facility": "소로3류", "urban_facility_landuse": "기타", "urban_facility_source": "도시계획 시설정보"}, "geometry": {"type": "Polygon", "coordinates": [[[127.0948134695397, 37.5129401067453], [127.0948112519822, 37.512939594928724], [127.09480904565697, 37.51293902003347], [127.09480687318575, 37.51293838204169], [127.0948047232689, 37.51293768997229], [127.09480260720602, 37.51293693480631], [127.09480052500831, 37.512936125553786], [127.09479847666456, 37.512935253204745], [127.09479646219722, 37.51293433577909], [127.09479449289472, 37.512933355247995], [127.09479256877938, 37.51293232963134], [127.0947906898401, 37.512931249919184], [127.0947888560768, 37.51293011611156], [127.0947870788115, 37.512928937209466], [127.09478534672226, 37.5129277042119], [127.09478367114224, 37.51292643512983], [127.09478204073824, 37.512925111952256], [127.09478047815429, 37.51292375268128], [127.09470291212656, 37.51285382448844], [127.09470096472087, 37.51285225829075], [127.09469893820693, 37.51285074621522], [127.09469686652828, 37.51284929724505], [127.09469471574138, 37.512847902397056], [127.094692508479, 37.51284657066329], [127.09469024474109, 37.512845302043765], [127.0946879358385, 37.5128440965296], [127.09468555916084, 37.51284296314858], [127.09468314861803, 37.512841883853994], [127.09468068161092, 37.51284087668362], [127.09467818076111, 37.51283994161959], [127.09467563475775, 37.51283907867084], [127.09467305490045, 37.512838278818506], [127.09467044121163, 37.51283756008246], [127.09466780497962, 37.5128369044339], [127.09466512360532, 37.51283632991056], [127.09466243100978, 37.51283582747572], [127.09465971589348, 37.51283540614827], [127.094656989556, 37.512835056909324], [127.09465424068652, 37.512834779767786], [127.094651480607, 37.51283458372473], [127.09464872061707, 37.512834459761244], [127.09464596072792, 37.51283441688731], [127.09464318962868, 37.5128344551118], [127.09464042992981, 37.512834565407], [127.09463767033164, 37.51283475679173], [127.09463492213382, 37.512835020247124], [127.09463218533634, 37.51283535577318], [127.0946294712611, 37.512835772370956], [127.09462676859738, 37.51283627004937], [127.09462409994435, 37.51283683077067], [127.09462145401355, 37.51283747256366], [127.09461883079386, 37.51283818641844], [127.0946162529068, 37.512838972317134], [127.09461369773078, 37.512839830277606], [127.09461118788742, 37.51284076028201], [127.0946087233655, 37.51284175332039], [127.09460630418737, 37.51284282741269], [127.09460393031951, 37.51284395552901], [127.09460160178423, 37.51284515568929], [127.0945993298812, 37.51284641887465], [127.09459712590996, 37.512847736066206], [127.09459496727133, 37.51284912530177], [127.09459287656453, 37.51285056854349], [127.09459085378954, 37.512852065791485], [127.09458889895753, 37.512853626055666], [127.09458700074657, 37.51285524033497], [127.09458519307778, 37.512856899592755], [127.09458344203007, 37.51285861286569], [127.09458178152452, 37.512860371117085], [127.09458018893963, 37.51286217436478], [127.09457867558616, 37.512864022599864], [127.09457725276373, 37.51286590680344], [127.09457590917276, 37.51286783599443], [127.09457465611281, 37.51286980115392], [127.09457348226196, 37.51287179328093], [127.09457239894216, 37.512873821376445], [127.09457140615343, 37.51287588544051], [127.09457050387343, 37.512877967453164], [127.09456969211328, 37.512880076424416], [127.09454939120164, 37.51293635964532], [127.09475637024016, 37.51298373302849], [127.09600090198164, 37.5132542143693], [127.0960287761038, 37.51329338541518], [127.09606772305095, 37.51317968453789], [127.09601861687325, 37.51320203250516], [127.0948134695397, 37.5129401067453]]]}}, {"type": "Feature", "properties": {"facility_layer": "UPIS_C_UQ153", "urban_facility": "공공공지", "urban_facility_landuse": "기타", "urban_facility_source": "도시계획 시설정보"}, "geometry": {"type": "Polygon", "coordinates": [[[127.09434721959111, 37.513957581886885], [127.09468729957882, 37.51301469170625], [127.09475637024016, 37.51298373302849], [127.09391386060615, 37.51279089702547], [127.09354432794221, 37.51381541120993], [127.09378229887668, 37.51386122143925], [127.0943748670045, 37.51399684359647], [127.09434721959111, 37.513957581886885]]]}}, {"type": "Feature", "properties": {"facility_layer": "UPIS_C_UQ151", "urban_facility": "중로1류", "urban_facility_landuse": "기타", "urban_facility_source": "도시계획 시설정보"}, "geometry": {"type": "Polygon", "coordinates": [[[127.09577399955026, 37.514301434488466], [127.0959058943914, 37.514388860956934], [127.09626871221045, 37.51334594654039], [127.09649094061767, 37.51269709567439], [127.09661086114536, 37.51264645329279], [127.09618789924349, 37.51253360083292], [127.09625715942555, 37.512626582206785], [127.09606772305095, 37.51317968453789], [127.0960287761038, 37.51329338541518], [127.09569551725059, 37.51425132060439], [127.09564622921613, 37.514273614498435], [127.09577399955026, 37.514301434488466]]]}}, {"type": "Feature", "properties": {"facility_layer": "UPIS_C_UQ155", "urban_facility": "초등학교", "urban_facility_landuse": "교육연구시설", "urban_facility_source": "도시계획 시설정보"}, "geometry": {"type": "Polygon", "coordinates": [[[127.0943748670045, 37.51399684359647], [127.09564622921613, 37.514273614498435], [127.09569551725059, 37.51425132060439], [127.0960287761038, 37.51329338541518], [127.09600090198164, 37.5132542143693], [127.09475637024016, 37.51298373302849], [127.09468729957882, 37.51301469170625], [127.09434721959111, 37.513957581886885], [127.0943748670045, 37.51399684359647]]]}}, {"type": "Feature", "properties": {"facility_layer": "UPIS_C_UQ153", "urban_facility": "근린공원", "urban_facility_landuse": "공원/녹지", "urban_facility_source": "도시계획 시설정보"}, "geometry": {"type": "Polygon", "coordinates": [[[127.11420332004099, 37.513871698014015], [127.11391316160527, 37.5134050782039], [127.1137140838078, 37.51348406859178], [127.11351468761957, 37.513562212008736], [127.11348147573885, 37.51357531694871], [127.11347425231493, 37.513578161933346], [127.11333334464058, 37.51363370666838], [127.11330275529511, 37.513645781939765], [127.11316900296175, 37.51369849057857], [127.11315099522051, 37.5137055894285], [127.1136228121421, 37.51446449316365], [127.11413468429923, 37.51426258857969], [127.11432972056912, 37.5140749862649], [127.11420332004099, 37.513871698014015]]]}}, {"type": "Feature", "properties": {"facility_layer": "UPIS_C_UQ152", "urban_facility": "주차장시설 기타", "urban_facility_landuse": "도로/교통시설", "urban_facility_source": "도시계획 시설정보"}, "geometry": {"type": "Polygon", "coordinates": [[[127.11420332004099, 37.513871698014015], [127.11391316160527, 37.5134050782039], [127.1137140838078, 37.51348406859178], [127.11351468761957, 37.513562212008736], [127.11348147573885, 37.51357531694871], [127.11347425231493, 37.513578161933346], [127.11333334464058, 37.51363370666838], [127.11330275529511, 37.513645781939765], [127.11316900296175, 37.51369849057857], [127.11315099522051, 37.5137055894285], [127.1136228121421, 37.51446449316365], [127.11413468429923, 37.51426258857969], [127.11432972056912, 37.5140749862649], [127.11420332004099, 37.513871698014015]]]}}, {"type": "Feature", "properties": {"facility_layer": "UPIS_C_UQ151", "urban_facility": "중로1류", "urban_facility_landuse": "기타", "urban_facility_source": "도시계획 시설정보"}, "geometry": {"type": "Polygon", "coordinates": [[[127.0978124889793, 37.51565259097138], [127.09577399955026, 37.514301434488466], [127.0943748670045, 37.51399684359647], [127.09378229887668, 37.51386122143925], [127.0922207061525, 37.51356057903774], [127.09216371814857, 37.51348275867277], [127.09205156449663, 37.513796121129715], [127.09214929279655, 37.51375076210992], [127.09371868431334, 37.51405290402063], [127.09430771249714, 37.51418771837593], [127.09565631935018, 37.51448130411493], [127.09764850916828, 37.515801776310084], [127.09766665339073, 37.515890707869495], [127.0978124889793, 37.51565259097138]]]}}, {"type": "Feature", "properties": {"facility_layer": "UPIS_C_UQ151", "urban_facility": "소로3류", "urban_facility_landuse": "기타", "urban_facility_source": "도시계획 시설정보"}, "geometry": {"type": "Polygon", "coordinates": [[[127.11119783737784, 37.51491325830396], [127.11125059168033, 37.51478914214915], [127.11129128438131, 37.514693310435476], [127.11130052761095, 37.5146715608094], [127.11143757229544, 37.51461733755595], [127.11146810577021, 37.51460525381117], [127.11159980318416, 37.51455314367714], [127.11169952005963, 37.514513695196214], [127.11183166906211, 37.514461223983375], [127.11199507559408, 37.51439701044257], [127.11215852706312, 37.51433277861316], [127.1122552819835, 37.51429476502014], [127.11222517970431, 37.514246346672884], [127.11204920356349, 37.51431579807334], [127.11192473022676, 37.514364919660935], [127.11180026803768, 37.51441404110664], [127.111685188425, 37.5144594685965], [127.11157033476103, 37.51450480566384], [127.11145570704667, 37.51455005230938], [127.111340830443, 37.514595362144505], [127.11122900597151, 37.514639497738], [127.11121650314101, 37.51464442878852], [127.11120556912496, 37.51467020743082], [127.11116487630042, 37.51476602109557], [127.11111212187208, 37.51489013721278], [127.11107334498138, 37.51498135398507], [127.11106547684959, 37.51499984972131], [127.11103448909516, 37.515072760025674], [127.11099567846426, 37.51516423808989], [127.11093920342314, 37.51529700713175], [127.11088765123381, 37.51531534509405], [127.11102390548166, 37.51536167421171], [127.11104479629864, 37.51536877271136], [127.11102171795048, 37.51532764562069], [127.11108138295, 37.51518736828448], [127.11112021603135, 37.515095836111946], [127.1111511924534, 37.51502296183578], [127.11115904928171, 37.51500448412435], [127.11119783737784, 37.51491325830396]]]}}, {"type": "Feature", "properties": {"facility_layer": "UPIS_C_UQ151", "urban_facility": "소로3류", "urban_facility_landuse": "기타", "urban_facility_source": "도시계획 시설정보"}, "geometry": {"type": "Polygon", "coordinates": [[[127.11213903670904, 37.51522078256361], [127.11219267282779, 37.515235148257794], [127.11212702544209, 37.515129613014345], [127.11210887753595, 37.51517233721792], [127.11200090766056, 37.515215046355515], [127.11193422198836, 37.5152414268028], [127.1117936556932, 37.5151936341366], [127.11166438375665, 37.51514968703448], [127.11173013607068, 37.515027018163494], [127.11168232384811, 37.514950018591676], [127.11164824213233, 37.51489524278175], [127.11160904695011, 37.51483215553355], [127.11156550933276, 37.51476201751792], [127.11155451156921, 37.514744305170225], [127.1115448630424, 37.51472878098518], [127.11146811708129, 37.51460525380064], [127.11143757229544, 37.51461733755595], [127.11137154262711, 37.5146434647987], [127.11142507639987, 37.51465783994836], [127.11148404458652, 37.514752768075525], [127.1114936817663, 37.514768274256106], [127.11150467950584, 37.514785977599445], [127.11154822841782, 37.51485613364665], [127.11158743491228, 37.51491924793413], [127.11162149391946, 37.5149739877427], [127.111655451097, 37.51502867357611], [127.11160193772032, 37.51512850877083], [127.11157537286444, 37.51517815137597], [127.11163806797842, 37.515199464570664], [127.11193634560314, 37.51530089055406], [127.11213903670904, 37.51522078256361]]]}}, {"type": "Feature", "properties": {"facility_layer": "UPIS_C_UQ151", "urban_facility": "소로3류", "urban_facility_landuse": "기타", "urban_facility_source": "도시계획 시설정보"}, "geometry": {"type": "Polygon", "coordinates": [[[127.10912195763238, 37.51481361629282], [127.10914497826342, 37.514854770841495], [127.10909470072288, 37.51497320752591], [127.10905152511911, 37.515074969294545], [127.10900834939841, 37.515176731045806], [127.1089650604492, 37.515278492882594], [127.10892188449444, 37.51538025459909], [127.1088786405298, 37.51548199833999], [127.10880238860476, 37.51566156403988], [127.10875083628436, 37.51568035156705], [127.10858030428976, 37.51562221181554], [127.10858394558232, 37.51561364905335], [127.10842124503424, 37.515558177930785], [127.10839817937709, 37.51551705031651], [127.10844372353777, 37.515409727504256], [127.10851467752701, 37.51524256453232], [127.10850396173902, 37.51523968204101], [127.10872660692146, 37.51471513650168], [127.10877815922935, 37.51469679948046], [127.1086209718744, 37.51464332382827], [127.10864408261504, 37.51468444235442], [127.10854868914642, 37.51490915616689], [127.10855940490167, 37.51491204766432], [127.10843010098615, 37.51521670143631], [127.10844081678087, 37.515219592944284], [127.1083975947616, 37.51532125540272], [127.10830738545127, 37.51553371977049], [127.10829448869012, 37.51556408598411], [127.10828564421135, 37.515580591215226], [127.10843734459525, 37.51563213512937], [127.10860281763267, 37.51568835154222], [127.10873179443976, 37.51573217611979], [127.10875481514005, 37.51577333073795], [127.10883701243515, 37.51574856879769], [127.10888897072012, 37.5156262564276], [127.10894521261088, 37.51549383997147], [127.10895593973744, 37.51549670439234], [127.10898618556764, 37.51542548017468], [127.10901356800889, 37.515361025034316], [127.10904600073924, 37.5152846721422], [127.10903529619728, 37.515281762659015], [127.10910011639017, 37.515129165011736], [127.10915194977144, 37.515007113916205], [127.10920665763062, 37.51487832072424], [127.10925820993269, 37.51485998349401], [127.10912195763238, 37.51481361629282]]]}}, {"type": "Feature", "properties": {"facility_layer": "UPIS_C_UQ151", "urban_facility": "도로시설 기타", "urban_facility_landuse": "도로/교통시설", "urban_facility_source": "도시계획 시설정보"}, "geometry": {"type": "Polygon", "coordinates": [[[127.10672006661116, 37.515489472644], [127.10679995450506, 37.51534230485686], [127.1069331707228, 37.51538567712528], [127.1069705058771, 37.51537545353562], [127.10701414259397, 37.515414328589664], [127.1070800517687, 37.51543761451413], [127.10708180073766, 37.51543458560451], [127.10709589050546, 37.515439789778846], [127.10711460870895, 37.51540638213461], [127.10710081330325, 37.515401366908506], [127.10710255089592, 37.515398292958935], [127.10705201895868, 37.51537877749271], [127.10701328874103, 37.51534612395311], [127.10698471221659, 37.51530274849238], [127.10696520541082, 37.51525000357935], [127.10697892249071, 37.51520741927012], [127.10697225826092, 37.51520602867591], [127.10697449262214, 37.51519425967272], [127.10693038686874, 37.51518369431721], [127.10692632062779, 37.51519584337265], [127.10692374244724, 37.51519638627093], [127.10690227802748, 37.5152556549228], [127.10692797470729, 37.51531032245418], [127.10674963672572, 37.51524966423141], [127.10660187636948, 37.51519941207454], [127.10655103061175, 37.5150929865918], [127.10655523626811, 37.515091496208605], [127.10655907775845, 37.515088429405964], [127.10666637503193, 37.51504796030871], [127.10669315538392, 37.51502869119059], [127.10669914301363, 37.51501545022666], [127.1066950917625, 37.51501412035979], [127.1067002458075, 37.515003330847364], [127.10665155596857, 37.51499046291911], [127.10664469048862, 37.51500685814825], [127.10633889077282, 37.5151177091558], [127.10630380246778, 37.51510881141646], [127.10628516357015, 37.515142516192455], [127.1063270905314, 37.5151562101786], [127.10633217307554, 37.51515895370682], [127.1063463237132, 37.515159229468395], [127.10636245965397, 37.51515560215322], [127.10639111799561, 37.51514457555096], [127.10647726051134, 37.51511805480497], [127.10654604726057, 37.515257891321774], [127.10662082662685, 37.51528297160815], [127.1064771749127, 37.51555770490669], [127.10631648846429, 37.515606699580495], [127.10628229629748, 37.51555123756727], [127.10621876657262, 37.51553077821646], [127.10620773810399, 37.515555042803776], [127.10625179586721, 37.515571654154115], [127.10625435843116, 37.51557611181218], [127.10630956707641, 37.51567219010956], [127.106353437448, 37.515781189715184], [127.10638611431567, 37.51577215975966], [127.1063867598402, 37.51576463587021], [127.10639214354443, 37.51576431574184], [127.1063520509645, 37.51566332265191], [127.10647861489885, 37.51562479178911], [127.10672647361676, 37.515710499274824], [127.10674501963528, 37.51573958492486], [127.10665501162451, 37.51576865011294], [127.10661209279232, 37.51580615171817], [127.10661565979898, 37.51580897767184], [127.10660299466606, 37.51582758549644], [127.10664564429457, 37.51584007139016], [127.10665358343282, 37.515831036344636], [127.10665866312753, 37.515831707570264], [127.10668045453204, 37.5158117491311], [127.10675116316615, 37.515789008090664], [127.10676467249908, 37.51581580969449], [127.10685053083336, 37.515787838328656], [127.10683889309476, 37.51576478320901], [127.10686542986062, 37.51576520103317], [127.1069589613131, 37.51579649025947], [127.10696202063649, 37.51579220779772], [127.10697105017051, 37.515794452226906], [127.10698903110718, 37.51575949554963], [127.10697955617901, 37.51575422417301], [127.10698167747901, 37.51575051918563], [127.10688364406843, 37.51571913488334], [127.10681959442982, 37.51571528167604], [127.10679041088396, 37.515650463007766], [127.1066561538108, 37.51560720863646], [127.10672006661116, 37.515489472644]]]}}, {"type": "Feature", "properties": {"facility_layer": "UPIS_C_UQ151", "urban_facility": "소로3류", "urban_facility_landuse": "기타", "urban_facility_source": "도시계획 시설정보"}, "geometry": {"type": "Polygon", "coordinates": [[[127.11502979909393, 37.51599935665683], [127.11492053769551, 37.51582361423667], [127.11483175467059, 37.515680801487775], [127.11474728071896, 37.515544922206686], [127.11461234971992, 37.51532782134537], [127.11460352819796, 37.515313621084466], [127.11454292288967, 37.51521609221452], [127.11445130658804, 37.515068677785266], [127.11433546010291, 37.514882273296635], [127.11435360680478, 37.5148396388505], [127.1142068079245, 37.514897577883495], [127.11426657750474, 37.514913720757406], [127.11432830459874, 37.51501296960565], [127.11436829577252, 37.515077271532235], [127.11440025925984, 37.515128651823645], [127.11447199874272, 37.51524400984258], [127.11448213882693, 37.515240008733535], [127.11449973637608, 37.51526828317722], [127.11456332356059, 37.515370485383876], [127.11455318346309, 37.51537448649983], [127.11465749959845, 37.515542242177006], [127.11472319639641, 37.51564793813607], [127.11477614860105, 37.515733157630066], [127.11478879136106, 37.515753489994914], [127.11482286453216, 37.515808318956886], [127.11485650686319, 37.51586244554511], [127.11490045627652, 37.51593315857429], [127.11488259928616, 37.51597286458184], [127.11472564949368, 37.51602889487007], [127.11456687931566, 37.516085566398665], [127.11451540215407, 37.51607091140131], [127.11447488870009, 37.516005745079276], [127.11441089283139, 37.515902840450146], [127.11440075265376, 37.51590684155278], [127.11433680232497, 37.51580400891781], [127.11426921246061, 37.51569532324692], [127.11427935261673, 37.51569132215548], [127.11417503714564, 37.51552358416749], [127.11416489699309, 37.51552757624012], [127.11408374670148, 37.515397090276316], [127.11409388682722, 37.51539308920064], [127.11388843295073, 37.515062826526425], [127.11390878937647, 37.515015153479794], [127.11389442142068, 37.515020816394745], [127.11376193327885, 37.515073110033], [127.11374163046844, 37.5150811211583], [127.11379521029087, 37.51509552221837], [127.11379934881336, 37.5151021676352], [127.11390500084111, 37.515272085106574], [127.11391512964836, 37.515268084056906], [127.11401360484665, 37.51542644847655], [127.11402374498006, 37.51542244740689], [127.11409989492593, 37.51554492832337], [127.11408975478003, 37.51554892939949], [127.11418820805433, 37.51570726665651], [127.11419819740394, 37.515723330895014], [127.11421093069868, 37.51574379838487], [127.11427300994855, 37.515843641568864], [127.11434786808725, 37.51596402422883], [127.11442335010716, 37.51608541535778], [127.11444153747259, 37.516114653307724], [127.11448990840911, 37.516192236858046], [127.11502979909393, 37.51599935665683]]]}}, {"type": "Feature", "properties": {"facility_layer": "UPIS_C_UQ151", "urban_facility": "소로3류", "urban_facility_landuse": "기타", "urban_facility_source": "도시계획 시설정보"}, "geometry": {"type": "Polygon", "coordinates": [[[127.10931277806449, 37.515837514384245], [127.10937787993899, 37.51568421356517], [127.10938864091322, 37.515686987816125], [127.10950896870835, 37.5154036227534], [127.10949825284634, 37.51540073134254], [127.10956979073092, 37.515232233730146], [127.10958884191214, 37.51518737372917], [127.10958899970949, 37.515186986156486], [127.10959988509458, 37.515189796314495], [127.10966604545295, 37.515033989582825], [127.10971766551178, 37.51501558001086], [127.10970691532172, 37.51501238231146], [127.10955553174938, 37.51496064151319], [127.10958143422141, 37.515007712883914], [127.10953872211948, 37.51510885271834], [127.10949257089365, 37.51521755503604], [127.10950333183101, 37.51522034729676], [127.10945694332743, 37.51532931110434], [127.10938495428321, 37.51549894431276], [127.10934211655334, 37.51559962467471], [127.10929927870863, 37.51570030501957], [127.1092158577132, 37.51589664505472], [127.10933452562713, 37.51593696448677], [127.10946861850915, 37.51598254052963], [127.10970466492394, 37.516062765487646], [127.10971349784838, 37.516046269172335], [127.1097548245561, 37.51594900484263], [127.10980286975885, 37.515835885819655], [127.10985074578674, 37.515723208418216], [127.10989859908771, 37.515610558046035], [127.10994273222245, 37.51550666874817], [127.10998396808196, 37.515409566592375], [127.11002509114071, 37.515312752843], [127.11008313445052, 37.51517610851321], [127.11013468674189, 37.5151577709014], [127.1099984332296, 37.515111314615716], [127.1099882135938, 37.51510739565793], [127.11001132522762, 37.51514851391193], [127.10993449009084, 37.51532940535074], [127.1099450927956, 37.51533226078609], [127.10989833319945, 37.51544233333028], [127.10985173131512, 37.51555205432088], [127.10984101543174, 37.515549171951164], [127.10982350871083, 37.515590408570105], [127.10979451517225, 37.51565887480417], [127.10975067471583, 37.51576198891946], [127.10976139062619, 37.51576487129723], [127.10972309638495, 37.5158549519168], [127.10971686250896, 37.515869670890716], [127.10967718150509, 37.515962960309565], [127.10963173363984, 37.515979219841945], [127.10948288350788, 37.51592860288638], [127.10933579898645, 37.51587857878841], [127.10931277806449, 37.515837514384245]]]}}, {"type": "Feature", "properties": {"facility_layer": "UPIS_C_UQ151", "urban_facility": "소로3류", "urban_facility_landuse": "기타", "urban_facility_source": "도시계획 시설정보"}, "geometry": {"type": "Polygon", "coordinates": [[[127.11067897561995, 37.51607934842839], [127.11072653496393, 37.51596749087636], [127.11080916322152, 37.51577315973354], [127.11089506911212, 37.51565483351105], [127.11092956296359, 37.51557365786975], [127.1109701430185, 37.515477574104466], [127.1110218311254, 37.51545929905035], [127.1108542063374, 37.51540217801056], [127.11087722796884, 37.515443242116284], [127.11080598581306, 37.51561098340248], [127.11075804366256, 37.51572382343271], [127.11071009009618, 37.515836690481834], [127.11066218147334, 37.51594944934836], [127.11065145421709, 37.51594658508286], [127.11060496579115, 37.516055999917285], [127.11060352290538, 37.51605940701426], [127.1105276576349, 37.51623795532555], [127.11047603690854, 37.51625634722873], [127.11034302939953, 37.51621117678052], [127.1102054839631, 37.51616445163478], [127.11018237190822, 37.516123333426556], [127.11019961927138, 37.51608270066409], [127.1102400997679, 37.515987329035575], [127.11022938382048, 37.51598445571137], [127.11026970639186, 37.515889444614885], [127.11031002886128, 37.51579443350326], [127.11036615565871, 37.515662295790584], [127.11042228224565, 37.515530149038646], [127.11051090753239, 37.51532149573405], [127.11056245981852, 37.51530315793603], [127.1104107926582, 37.51525167077782], [127.1104369328047, 37.51529839936062], [127.11031045386835, 37.51559630410184], [127.11032118107455, 37.515599177408546], [127.1102766425665, 37.51570400425489], [127.11023211524535, 37.515808831072356], [127.1102213880256, 37.515805966767665], [127.11015227465123, 37.515968714173965], [127.11006091962817, 37.51618382983641], [127.11007135379415, 37.51618737918165], [127.11011896391523, 37.51620356235432], [127.11031449719006, 37.51627001106404], [127.1104873969806, 37.516328776816536], [127.11052008025122, 37.51633988296981], [127.1105409034257, 37.51634698161967], [127.1105618284191, 37.516354089181824], [127.11059610915154, 37.516273679690364], [127.11067897561995, 37.51607934842839]]]}}, {"type": "Feature", "properties": {"facility_layer": "UPIS_C_UQ151", "urban_facility": "소로3류", "urban_facility_landuse": "기타", "urban_facility_source": "도시계획 시설정보"}, "geometry": {"type": "Polygon", "coordinates": [[[127.11405705980053, 37.51625330508233], [127.11400735098327, 37.5161733530103], [127.11394247108927, 37.516068953318744], [127.11389996248796, 37.51600054511289], [127.11387704719324, 37.515963725190815], [127.11382047882441, 37.51587267929121], [127.11371208210646, 37.515698277409314], [127.11363566065633, 37.51557545412498], [127.11353711816528, 37.5154170714378], [127.11352697799302, 37.515421063455776], [127.11341723360005, 37.515244662355826], [127.1134353807773, 37.51520193795294], [127.11330277900348, 37.5152543122723], [127.11335630240431, 37.515268776654125], [127.11349166030806, 37.51548642815771], [127.11364010365881, 37.51572513236227], [127.11374340909958, 37.51589125899442], [127.11373326887423, 37.51589525102989], [127.1137472380199, 37.515917735625905], [127.11380511013965, 37.51601078954143], [127.11381525037677, 37.51600679749987], [127.11387946086415, 37.516109990564864], [127.11386932063003, 37.51611399162183], [127.11396864734483, 37.516273787828894], [127.11394952695447, 37.51631618887371], [127.1137945880914, 37.5163715042217], [127.11363734268804, 37.51642762344172], [127.1135841113544, 37.516412393067135], [127.11351187300264, 37.51629608895914], [127.11342699265099, 37.51615961447509], [127.11336681906248, 37.516062787383014], [127.11331698634783, 37.51598260988566], [127.11330686113487, 37.51596635649269], [127.11328961525864, 37.51593857708945], [127.11324686928035, 37.515869826492775], [127.11309595501376, 37.51562706965162], [127.1130858147895, 37.515631061631645], [127.11295815642873, 37.515425737038974], [127.11297630405883, 37.51538311181687], [127.11284381436634, 37.51543522422522], [127.11289733778163, 37.51544967079462], [127.11296992559825, 37.51556637140483], [127.11303589195144, 37.515672365377775], [127.11301562282122, 37.515680367335854], [127.11307991136135, 37.515783731957654], [127.11322235613895, 37.516012918814404], [127.11329258671243, 37.51612590033069], [127.11335989283654, 37.51623463187154], [127.1133804108475, 37.51622657555963], [127.11354442339216, 37.51649042992126], [127.11352382509709, 37.516497783560744], [127.11354400774938, 37.51653019126023], [127.11357591135781, 37.516518790431626], [127.11362746356528, 37.516500352190185], [127.11379523434792, 37.51644046582723], [127.11407145623986, 37.51634177816598], [127.11410467110956, 37.51632991643699], [127.11405705980053, 37.51625330508233]]]}}, {"type": "Feature", "properties": {"facility_layer": "UPIS_C_UQ151", "urban_facility": "소로3류", "urban_facility_landuse": "기타", "urban_facility_source": "도시계획 시설정보"}, "geometry": {"type": "Polygon", "coordinates": [[[127.11214104269506, 37.51614304012989], [127.11219434133349, 37.516158217032995], [127.11212869300073, 37.516052591708906], [127.11212432987277, 37.51606230853012], [127.11210997778049, 37.51609428029204], [127.11207368871477, 37.51610796434974], [127.11184703278697, 37.516030996962606], [127.11151881935214, 37.515919543535176], [127.11152761776768, 37.515902938996696], [127.11091818141253, 37.515695951582764], [127.11089506912525, 37.515654842520995], [127.11087128416172, 37.515687597725545], [127.11080916322152, 37.51577315973354], [127.11086071574479, 37.515754821806404], [127.11117452112543, 37.51586140704507], [127.11117472483326, 37.51586147893564], [127.11117028031794, 37.51586976321405], [127.11134571477443, 37.5159293452677], [127.11152135320464, 37.515988989939764], [127.11179849354608, 37.516083092821894], [127.11180294931573, 37.51607480850967], [127.11207445444725, 37.516166978862614], [127.11214104269506, 37.51614304012989]]]}}, {"type": "Feature", "properties": {"facility_layer": "UPIS_C_UQ151", "urban_facility": "소로3류", "urban_facility_landuse": "기타", "urban_facility_source": "도시계획 시설정보"}, "geometry": {"type": "Polygon", "coordinates": [[[127.10971349784838, 37.516046269172335], [127.10970466491094, 37.51606275647771], [127.10972707226446, 37.51607037639815], [127.10984587655403, 37.516110758259735], [127.10997274988269, 37.516153871620574], [127.11006091962817, 37.51618382983641], [127.11008512245839, 37.51612684663402], [127.1100334904012, 37.51614524736457], [127.1098996911094, 37.516099761794806], [127.10989604993077, 37.516108315586706], [127.10971349784838, 37.516046269172335]]]}}, {"type": "Feature", "properties": {"facility_layer": "UPIS_C_UQ151", "urban_facility": "소로3류", "urban_facility_landuse": "기타", "urban_facility_source": "도시계획 시설정보"}, "geometry": {"type": "Polygon", "coordinates": [[[127.11205202980084, 37.51578734720822], [127.1120722745187, 37.51573970161749], [127.11205799672146, 37.51574532818432], [127.11195737368529, 37.51577722746182], [127.11194136026377, 37.51577179140726], [127.112109448098, 37.5160419419372], [127.11219434133349, 37.516158217032995], [127.1123545513076, 37.51641602192348], [127.11242031325808, 37.51652155690884], [127.11242515473442, 37.516529345976906], [127.11241502567704, 37.51653334689832], [127.112490482509, 37.51665473026594], [127.1125652819504, 37.5167750510257], [127.11261434425565, 37.51686221227122], [127.11285741057806, 37.51677539771756], [127.11315872157573, 37.51666776868521], [127.11313852766081, 37.51663530687148], [127.1129820565037, 37.51638371639914], [127.11291345909437, 37.516273499220105], [127.11292359941466, 37.51626950725515], [127.11283069247825, 37.51612004755081], [127.11282055217316, 37.51612403950788], [127.11270081926638, 37.51593151934795], [127.11263664448747, 37.515828325604396], [127.11257240185799, 37.51572502376829], [127.11249893009686, 37.515606882153634], [127.11243811142239, 37.515630995871454], [127.11259613257053, 37.51588511743979], [127.11258596960876, 37.51588907335832], [127.11270389936925, 37.516078703136806], [127.11276794977762, 37.51618172576716], [127.1128223059797, 37.51626912521806], [127.11303298572625, 37.5166079261862], [127.11301386472141, 37.51665032707812], [127.11285851746595, 37.51670577673089], [127.11286354041003, 37.51671385392829], [127.11269645788805, 37.51677348603941], [127.11264315871067, 37.516758309365315], [127.11246904640248, 37.5164782903749], [127.11247915276017, 37.51647424442036], [127.112390577759, 37.51633179906284], [127.11205202980084, 37.51578734720822]]]}}, {"type": "Feature", "properties": {"facility_layer": "UPIS_C_UQ155", "urban_facility": "아동복지시설", "urban_facility_landuse": "의료/노유자시설", "urban_facility_source": "도시계획 시설정보"}, "geometry": {"type": "Polygon", "coordinates": [[[127.12287846675373, 37.50667164553402], [127.12256910822269, 37.50679794938515], [127.122769402616, 37.507110317918524], [127.12307896621441, 37.50698434670689], [127.12287846675373, 37.50667164553402]]]}}, {"type": "Feature", "properties": {"facility_layer": "UPIS_C_UQ151", "urban_facility": "중로3류", "urban_facility_landuse": "기타", "urban_facility_source": "도시계획 시설정보"}, "geometry": {"type": "Polygon", "coordinates": [[[127.12883113325907, 37.50637807922487], [127.12876032811504, 37.50640807762955], [127.12868352200303, 37.506327439991516], [127.12866408671535, 37.506397837805444], [127.12805373589927, 37.50665644865404], [127.12747859746453, 37.50690013432698], [127.12750515210604, 37.50693991206406], [127.12726549576067, 37.507041448503756], [127.12776631497113, 37.507789552810856], [127.12784621971359, 37.50775558990009], [127.1278004120681, 37.507687253202626], [127.12775607814298, 37.50762089710519], [127.12768906777131, 37.507520958021814], [127.12762353120795, 37.50742299951888], [127.12753180326045, 37.5072860557453], [127.12745946435143, 37.507178103335114], [127.12740674081375, 37.507099322283935], [127.12742329406034, 37.507056236979366], [127.1275591425093, 37.50699860849541], [127.12769838144152, 37.506939624737655], [127.12782891761785, 37.50688425410966], [127.1279856739645, 37.50681786310404], [127.12807055056804, 37.506781912520175], [127.12824188569196, 37.506709288674315], [127.12837219517259, 37.506654097886994], [127.12839479870323, 37.506644523042134], [127.12852522090412, 37.5065892418648], [127.1286402726981, 37.50654055436388], [127.12888653708585, 37.50643622392311], [127.12883113325907, 37.50637807922487]]]}}, {"type": "Feature", "properties": {"facility_layer": "UPIS_C_UQ151", "urban_facility": "중로1류", "urban_facility_landuse": "기타", "urban_facility_source": "도시계획 시설정보"}, "geometry": {"type": "Polygon", "coordinates": [[[127.12682474643503, 37.508393862910516], [127.12690453929885, 37.50835999085781], [127.12710786363033, 37.50827354946085], [127.12729717297205, 37.50819306921623], [127.12750637354283, 37.50810418818286], [127.12756593365746, 37.50807799573341], [127.12777242099679, 37.50799019831904], [127.12780237122523, 37.50797746224771], [127.12804187109316, 37.50787569064181], [127.12816155861582, 37.5078248272481], [127.12829587065335, 37.507767749179195], [127.12851685669463, 37.50767384415938], [127.12874852242716, 37.50757539520804], [127.12898262868102, 37.50747587098139], [127.12904252845755, 37.507450488316245], [127.12923013837244, 37.50737072759799], [127.12929173493418, 37.507345613270886], [127.12949686211324, 37.507258445003444], [127.12983315099686, 37.50708580955685], [127.13005436008395, 37.50694618481617], [127.13012666517201, 37.506900515665414], [127.13028539709997, 37.50680024196615], [127.13032075875246, 37.50677794878581], [127.13035103636547, 37.50675881462956], [127.13049011010467, 37.50667108595126], [127.13061867654251, 37.506589855771246], [127.13074712991394, 37.50650880577355], [127.13085874957471, 37.50643831573467], [127.13100686000507, 37.50634481016747], [127.13117903372915, 37.50623614125068], [127.1312513376025, 37.50619056150813], [127.13140611231997, 37.50609272333142], [127.13150688525333, 37.506029092180846], [127.13172805738763, 37.50606714098747], [127.13143040324996, 37.5056866171449], [127.13140198628903, 37.50586540625662], [127.13131036438955, 37.505923260882916], [127.1311685817741, 37.50601279550386], [127.13102679881983, 37.50610232995388], [127.13085213967219, 37.50621253306766], [127.13079904150668, 37.50624610828604], [127.13062709324825, 37.50635468630311], [127.13047197783199, 37.5064526139276], [127.13031697495376, 37.50655045112464], [127.13014400849428, 37.506659660242136], [127.12998889181536, 37.50675758722953], [127.12982925571491, 37.506858402111725], [127.12971966792777, 37.50692753747325], [127.1293660917634, 37.507109831980706], [127.12931410362926, 37.50713187256313], [127.12918447245772, 37.50718697355226], [127.12916446830762, 37.507195464542136], [127.12905800542475, 37.507240629387304], [127.12894747389727, 37.50728760051942], [127.12888768747095, 37.50731307311447], [127.12871318740788, 37.50738723299292], [127.12852026502968, 37.50746925109461], [127.1283395481692, 37.50754602999467], [127.12823794423436, 37.50758920668879], [127.12817804407358, 37.507614588946026], [127.12809056725843, 37.507651713684886], [127.12800715922123, 37.50768721220754], [127.12784621971359, 37.50775558990009], [127.12776631497113, 37.507789552810856], [127.12681470810126, 37.50819387926403], [127.12666349163149, 37.50822749357474], [127.1263316616864, 37.50836848125977], [127.12631121555057, 37.508363232028756], [127.12616140548954, 37.50832473742445], [127.12640239620781, 37.50871533536656], [127.1264522946488, 37.50859193612831], [127.12647178099618, 37.50854380228261], [127.1264926898714, 37.508534860294525], [127.12667250695462, 37.50845853568138], [127.12682474643503, 37.508393862910516]]]}}, {"type": "Feature", "properties": {"facility_layer": "UPIS_C_UQ152", "urban_facility": "지하철역사", "urban_facility_landuse": "도로/교통시설", "urban_facility_source": "도시계획 시설정보"}, "geometry": {"type": "Polygon", "coordinates": [[[127.12660348392754, 37.509232925500974], [127.1266482444156, 37.509216074505645], [127.1264600228098, 37.508912881066294], [127.12640277517654, 37.508820616452084], [127.12640334092542, 37.508820760013485], [127.12642337527292, 37.50885030954918], [127.12643782302607, 37.50887344989144], [127.12648491021528, 37.50885478549289], [127.12647046246626, 37.50883165416628], [127.1264710933131, 37.50883013982425], [127.12642824904322, 37.50876151115318], [127.12637837011759, 37.50878127769644], [127.12637589785308, 37.50877728889335], [127.1263983818597, 37.50877011121135], [127.1263493442817, 37.5086906410553], [127.12633673972088, 37.50863327889146], [127.12628328364944, 37.50855598477719], [127.12624071462926, 37.50848944605685], [127.12624280565318, 37.50848863295187], [127.12610761405095, 37.508269986524354], [127.12610204179937, 37.508272172813804], [127.12606980053687, 37.50822003908757], [127.12601705067026, 37.50824074554371], [127.12604928059498, 37.508292879296135], [127.12604369702991, 37.508295065594766], [127.12617108614904, 37.50850110637121], [127.12615957910673, 37.50850512794945], [127.1260220410533, 37.50828999778835], [127.12601976179889, 37.50828643224259], [127.12599211595257, 37.50824319550196], [127.12603776373844, 37.50822288397209], [127.1260061186254, 37.5081755429035], [127.12599735413833, 37.50816242461336], [127.12581356892183, 37.50823977050451], [127.12584510494882, 37.50828958948068], [127.12588072334131, 37.508345846278516], [127.1258450651741, 37.508361083631264], [127.1258916196897, 37.508437304016994], [127.12590590927587, 37.5084606968718], [127.12592078714694, 37.50848417920494], [127.12598192032247, 37.50858066564036], [127.12599928168522, 37.50860807369298], [127.1258669947727, 37.50866066004859], [127.12578114305684, 37.50869706056422], [127.12576302177776, 37.508668328813705], [127.1257028179744, 37.50857288644573], [127.125672460966, 37.50852475105915], [127.12565289962477, 37.508493750292075], [127.12563870261035, 37.50849890089242], [127.12563987070092, 37.50850080076863], [127.12568513096419, 37.50857413940378], [127.12566974801359, 37.508580282350955], [127.12575093443688, 37.50871122897879], [127.1257313127217, 37.50871892610623], [127.12574630496029, 37.5087431741874], [127.1257452877026, 37.50874357169583], [127.12586062169206, 37.508930127895965], [127.12586667536432, 37.50893176133803], [127.12588799580368, 37.508966265093015], [127.1258920535184, 37.50896466605642], [127.1258950587777, 37.50896951926535], [127.12589805271227, 37.50897436347614], [127.12594573948029, 37.50895566262151], [127.12594274552848, 37.50895080940197], [127.12593975157704, 37.508945956182345], [127.1259438093045, 37.50894436615393], [127.12592247753551, 37.50890986242083], [127.1259245279754, 37.50890503091824], [127.12582003548007, 37.50873601479188], [127.12602699614524, 37.50865167976554], [127.12609905598941, 37.50876903972807], [127.12605941735438, 37.50878480392053], [127.12638719240579, 37.509317902091006], [127.12642711445969, 37.509302407789214], [127.12652010286396, 37.509448865565375], [127.12658322361892, 37.50954937702493], [127.12664229599882, 37.50964344160036], [127.12668497020289, 37.509711403625566], [127.12671918336314, 37.50969751003914], [127.12682793929052, 37.50965441717721], [127.12686111138375, 37.50964024534495], [127.1268180299959, 37.50957234688431], [127.12678470122502, 37.509519818080456], [127.12671333765016, 37.50940733220718], [127.12668350179138, 37.50936031377167], [127.12667772966293, 37.509351210809896], [127.12660348392754, 37.509232925500974]]]}}, {"type": "Feature", "properties": {"facility_layer": "UPIS_C_UQ155", "urban_facility": "운동장시설 기타", "urban_facility_landuse": "운동시설", "urban_facility_source": "도시계획 시설정보"}, "geometry": {"type": "Polygon", "coordinates": [[[127.13109030410173, 37.5174422818845], [127.13114926838057, 37.517538903016465], [127.13142642630463, 37.517423361199604], [127.13115571984761, 37.51701803041646], [127.12852139055383, 37.51307371926424], [127.128213860736, 37.51261228893225], [127.12817759509736, 37.512570161197374], [127.12813737591779, 37.51253110107634], [127.12809150871935, 37.51249637177559], [127.12805651491563, 37.512470550672944], [127.12799367578394, 37.5124323256276], [127.12793900216003, 37.512406976057235], [127.12788149983206, 37.51238099879001], [127.12782130711344, 37.5123693502128], [127.12776099569179, 37.512354368045365], [127.12769865898433, 37.51234569498475], [127.12763542531786, 37.51234170802977], [127.12757242605417, 37.51234258617098], [127.12755612881266, 37.51234348653734], [127.12632083426617, 37.512850004758604], [127.12324996006855, 37.5141089276969], [127.12153890678067, 37.514720022254465], [127.12184177650923, 37.515258059222965], [127.12179882885117, 37.5152797268653], [127.12173656467469, 37.51531736178056], [127.12167657639077, 37.51536355380887], [127.12162609100452, 37.51541072723968], [127.12151965762561, 37.51555508485702], [127.12137713846872, 37.51576858537944], [127.12131699524326, 37.51585973707183], [127.12131508284594, 37.51586631628097], [127.12077698407815, 37.516058493586776], [127.12074452952983, 37.51600006073061], [127.12065855116826, 37.51592094994814], [127.12052551567022, 37.51584026472859], [127.12038650237203, 37.51577021712476], [127.11990682994255, 37.515650686203024], [127.11978670861349, 37.51565314912351], [127.11963237657572, 37.515400880533136], [127.11403237012769, 37.51740048540153], [127.1136218691069, 37.51754701720138], [127.11358139820099, 37.51756327352552], [127.11354296873493, 37.5175831318822], [127.11349991607163, 37.51761272536222], [127.1134691878065, 37.51763888336294], [127.11344208310678, 37.51766765080947], [127.1134189406467, 37.51769857688557], [127.11340009964039, 37.517731571172675], [127.1133860112082, 37.51776573225], [127.1133763353376, 37.51780060994338], [127.11337118541881, 37.51783638434561], [127.11337089972864, 37.51787233434047], [127.11337570423618, 37.517908279514884], [127.11338525852611, 37.51794349939418], [127.11339944962373, 37.51797808418374], [127.11341804888218, 37.518010412306495], [127.1136113865448, 37.51832810022019], [127.11357452981305, 37.51834092932724], [127.11355961545256, 37.518352296018676], [127.11355727234148, 37.51837392213362], [127.11459189517963, 37.520063293666176], [127.11592096195132, 37.52223332189769], [127.1158529858346, 37.52226232767397], [127.11648809705686, 37.5233003599864], [127.11653164565492, 37.52337140607324], [127.11665605350727, 37.5235737383766], [127.11692494467269, 37.524011089059115], [127.11719848825115, 37.524455642494694], [127.11733548785925, 37.52467814398671], [127.11748417192211, 37.52492108641398], [127.11759463660186, 37.52510162729516], [127.11768979074259, 37.52525704538267], [127.11800531075684, 37.52577246381001], [127.11844207873781, 37.526486160312075], [127.11846997964362, 37.526531813095545], [127.1188481180756, 37.527149520064775], [127.11962589768697, 37.527373362691336], [127.12196647560987, 37.52633800917726], [127.12309864360904, 37.525837157765295], [127.12313628813519, 37.52582054071415], [127.1288128370409, 37.5233092540905], [127.12789343004098, 37.523078505554736], [127.12810476174839, 37.5220172678312], [127.12871967487985, 37.52107416654881], [127.12880079607021, 37.52088252762564], [127.1288767343225, 37.5207032378613], [127.12891174864896, 37.520605622339616], [127.12906968648807, 37.52028667983703], [127.12913785282704, 37.520127670670085], [127.12920201904514, 37.51994478941257], [127.12925474895074, 37.51975543331762], [127.12929583742877, 37.51957194625605], [127.12944941900341, 37.51875755059666], [127.12948401694406, 37.518615786553376], [127.12954596873418, 37.518462189812], [127.12962864361143, 37.51832208549107], [127.12973123412398, 37.518186374370885], [127.12984517069918, 37.51807101332947], [127.12997609324688, 37.51796671594864], [127.13011428944571, 37.517882592800774], [127.13048252436418, 37.517710731896166], [127.13109030410173, 37.5174422818845]]]}}, {"type": "Feature", "properties": {"facility_layer": "UPIS_C_UQ151", "urban_facility": "소로3류", "urban_facility_landuse": "기타", "urban_facility_source": "도시계획 시설정보"}, "geometry": {"type": "Polygon", "coordinates": [[[127.11167462264639, 37.5163133227487], [127.11139745881339, 37.51621910247247], [127.1112218424851, 37.51615940353852], [127.11104631697891, 37.51609974029831], [127.11104187243531, 37.516108024571594], [127.11074955683122, 37.51600864510228], [127.11072653496393, 37.51596749087636], [127.11067896430868, 37.516079348438836], [127.1107306301871, 37.516061010464526], [127.11091497120742, 37.51612365731673], [127.11110533313322, 37.516188343555285], [127.1111010357168, 37.51619668175393], [127.1112912848223, 37.51626133175662], [127.11148160214972, 37.51632599940838], [127.1116718745464, 37.51639065778451], [127.11167616061228, 37.51638232858595], [127.1120190659574, 37.51649887646907], [127.11201920175989, 37.51649892139181], [127.1120147686117, 37.51650720569044], [127.11220816545608, 37.51657294147228], [127.11236179451528, 37.51651811597291], [127.11241502567704, 37.51653334689832], [127.11242515473442, 37.516529345976906], [127.1123545513076, 37.51641602192348], [127.11233549778208, 37.51645838660406], [127.1122072946046, 37.51650409719861], [127.11167021210692, 37.516321616023525], [127.11167462264639, 37.5163133227487]]]}}, {"type": "Feature", "properties": {"facility_layer": "UPIS_C_UQ151", "urban_facility": "광로2류", "urban_facility_landuse": "기타", "urban_facility_source": "도시계획 시설정보"}, "geometry": {"type": "Polygon", "coordinates": [[[127.09785559450513, 37.516856926126344], [127.09822223988482, 37.51636396197018], [127.09847640851723, 37.51584162644575], [127.09863328224458, 37.51563924198597], [127.09892447652857, 37.51526353012625], [127.09910992828017, 37.51502424367367], [127.09911984279493, 37.515011450346805], [127.09917630353098, 37.51493860319297], [127.0993740707694, 37.51480275851178], [127.09983802047235, 37.51417509068], [127.0998556376161, 37.514153731413614], [127.09989201026806, 37.514116571071774], [127.09993313765908, 37.51408257826405], [127.09997845491381, 37.514052267024304], [127.10002750984371, 37.51402582693409], [127.10007973737801, 37.51400361885876], [127.10013457231827, 37.51398590455501], [127.1001914493854, 37.51397288271056], [127.10024629723667, 37.5139650072236], [127.10031844821938, 37.513955126038034], [127.10039488950213, 37.5139392946417], [127.10046928788172, 37.51391823912874], [127.10054107802299, 37.513892131166095], [127.10060438193918, 37.5138637867978], [127.10061794662727, 37.51385738735471], [127.10067062724801, 37.513835890424645], [127.1007259154601, 37.513819004382135], [127.10078301947064, 37.51380670285907], [127.10084148722187, 37.5137992655418], [127.10090064017622, 37.51379677408884], [127.1009597996055, 37.51379916600083], [127.10101828694884, 37.51380650491904], [127.10030210135935, 37.51360135449499], [127.0995859083711, 37.5133961997255], [127.09954389148254, 37.51345042953294], [127.09924900567212, 37.51383253414829], [127.09915047564908, 37.51381492906909], [127.09887434010221, 37.514179655030205], [127.09886425823215, 37.51418546575509], [127.09881310507697, 37.51425148785577], [127.09877088171689, 37.51430430298687], [127.09852479251919, 37.51466629136241], [127.0985241758447, 37.5146704905111], [127.09821386089297, 37.51512112589416], [127.0978124889793, 37.51565259097138], [127.09766669854325, 37.51589063575306], [127.09746003157112, 37.51615659761263], [127.09730807717585, 37.51635259745826], [127.09730294996548, 37.51635896264741], [127.09729756242108, 37.51636519289802], [127.09729191451957, 37.516371270190156], [127.09728601757227, 37.51637719451463], [127.0972798602563, 37.51638295687062], [127.0972734765056, 37.51638855723058], [127.09726685498588, 37.51639397758372], [127.0972600183197, 37.516399217911705], [127.09713035449049, 37.5164952339549], [127.09718884293446, 37.51659954895417], [127.09708741914666, 37.51667464797631], [127.0970480006106, 37.51672029728451], [127.09664423334543, 37.517204737222094], [127.09642842154568, 37.51746343354944], [127.09622504309885, 37.51770696475529], [127.09580034263608, 37.51821249280338], [127.09562607699206, 37.51842053651956], [127.09553124650917, 37.518533804115705], [127.09543937390816, 37.51860658754923], [127.09536975838331, 37.518657999632396], [127.09532148935422, 37.51868344605074], [127.09526665129087, 37.5187023203953], [127.09523046383882, 37.51871027787223], [127.09521610066585, 37.518712415616335], [127.09507311180536, 37.51876855286181], [127.09460391319818, 37.51877712261463], [127.09491436888948, 37.518918153652244], [127.09522166375852, 37.51906342105644], [127.09552568471032, 37.519212915931604], [127.0958264317995, 37.51936665632252], [127.09612379182535, 37.51952455224498], [127.09641753855678, 37.51968658588607], [127.09618402939459, 37.51930240859691], [127.0961951795198, 37.519174458298046], [127.09624525306404, 37.519171598035335], [127.09640540821708, 37.51912951012612], [127.09639235076752, 37.519090858896746], [127.09638438237799, 37.51905123050335], [127.09638173002793, 37.51901121942171], [127.0963842810822, 37.518971213170715], [127.0963921490944, 37.518931563047104], [127.09640510863208, 37.51889290893777], [127.0964230467763, 37.51885541311096], [127.09644528677036, 37.5188206168108], [127.09785559450513, 37.516856926126344]]]}}, {"type": "Feature", "properties": {"facility_layer": "UPIS_C_UQ151", "urban_facility": "소로3류", "urban_facility_landuse": "기타", "urban_facility_source": "도시계획 시설정보"}, "geometry": {"type": "Polygon", "coordinates": [[[127.11234144230215, 37.516959695079684], [127.11242658362258, 37.51692927864101], [127.11255973904746, 37.51688171611477], [127.11261434425565, 37.51686221227122], [127.1125652819504, 37.5167750510257], [127.11254616063835, 37.51681745184122], [127.11234170179647, 37.51689039925325], [127.1121241873475, 37.5168164872184], [127.11210817369171, 37.51681105118777], [127.11191281849607, 37.51674466835854], [127.11190837401027, 37.51675295266343], [127.11172321583804, 37.51669006486328], [127.1115482545232, 37.51663058204816], [127.11155255191458, 37.516622243833886], [127.11144325220421, 37.51658510744362], [127.11136308253381, 37.51655785482039], [127.11129879068213, 37.51653601138183], [127.11117374929313, 37.51649351943546], [127.11098442767505, 37.51642917472539], [127.11098013023138, 37.51643751291933], [127.1107907976222, 37.51637317691827], [127.11061913104174, 37.51631483393957], [127.11059610915154, 37.516273679690364], [127.1105618284191, 37.516354089181824], [127.11112101057485, 37.516544114248134], [127.11131025336798, 37.5166084227712], [127.11164351703333, 37.516721674046636], [127.11174675112177, 37.51675676164068], [127.11185422919768, 37.516793286773265], [127.11188942527392, 37.51680525515525], [127.11194292104729, 37.5168234323015], [127.11207856754088, 37.51686953550778], [127.11232084394997, 37.516951875740716], [127.11234144230215, 37.516959695079684]]]}}, {"type": "Feature", "properties": {"facility_layer": "UPIS_C_UQ151", "urban_facility": "광로2류", "urban_facility_landuse": "기타", "urban_facility_source": "도시계획 시설정보"}, "geometry": {"type": "Polygon", "coordinates": [[[127.11046817173916, 37.51651828298561], [127.11044730327855, 37.51651118436491], [127.11022538950091, 37.51643576822074], [127.11002985587191, 37.51636931936595], [127.10988364157453, 37.5163196285237], [127.10975676801608, 37.51627651506874], [127.10963796351136, 37.516236133118994], [127.10937950928795, 37.51614829705872], [127.10924540486468, 37.51610272993661], [127.1091113006301, 37.516057180681564], [127.10892117840372, 37.51599257209847], [127.10883126651287, 37.51596199292604], [127.10875708502249, 37.51593676934068], [127.1085170339308, 37.51585521264012], [127.10835124369433, 37.51579887025634], [127.10811237040245, 37.51571769909401], [127.1078548024572, 37.51563016522651], [127.10783917412337, 37.51562485440825], [127.10777671743008, 37.51560365611337], [127.10775589472294, 37.51559655697461], [127.1072815009414, 37.51543534400339], [127.10714321191173, 37.51538834565059], [127.10644494560343, 37.515151114030125], [127.10623630847898, 37.51556998302256], [127.10643592191134, 37.515637786039676], [127.10647861489885, 37.51562479178911], [127.10672647361676, 37.515710499274824], [127.10674761562403, 37.515743655114036], [127.10681792592284, 37.51576754092979], [127.106864380762, 37.51578332099768], [127.10852624387054, 37.51634819321561], [127.10898502869725, 37.51650400938457], [127.1120239896693, 37.51753671984158], [127.11283378660814, 37.51814989787472], [127.11326908994279, 37.51697337218086], [127.1131178462001, 37.51702743976617], [127.11302864643443, 37.5170593291569], [127.11273080424253, 37.51716557606208], [127.11269717047495, 37.51717758195703], [127.11256765570405, 37.51717853270566], [127.11241438711598, 37.517179649775045], [127.11226896186245, 37.5171302314522], [127.11224802519291, 37.51712313321455], [127.11205484202243, 37.51705754146444], [127.11199271109803, 37.51703642619015], [127.11180348922339, 37.516972091716795], [127.11166078083478, 37.51692357110202], [127.11155768237259, 37.51688853736735], [127.11122437282178, 37.51677526787606], [127.11106064951758, 37.51671962115349], [127.11103517495222, 37.51671097719573], [127.11095634070706, 37.516684182566735], [127.11046817173916, 37.51651828298561]]]}}, {"type": "Feature", "properties": {"facility_layer": "UPIS_C_UQ152", "urban_facility": "도시철도(몽촌토성역)", "urban_facility_landuse": "도로/교통시설", "urban_facility_source": "도시계획 시설정보"}, "geometry": {"type": "MultiPolygon", "coordinates": [[[[127.11268987593917, 37.517575009005405], [127.11319302566645, 37.51774345304247], [127.11320839182754, 37.517837943943114], [127.11321979047604, 37.51783566265547], [127.11324589641035, 37.5178273127658], [127.11328005054825, 37.51780761172098], [127.11331466449724, 37.51777768393087], [127.11333410003769, 37.51775648312737], [127.11335021280651, 37.51772960018424], [127.11335967211437, 37.517708778229284], [127.1133643952931, 37.517690240277155], [127.113367681533, 37.51766387403345], [127.11336669975186, 37.51764269255587], [127.11335906567528, 37.51762076054076], [127.1133500215868, 37.51760903814056], [127.11324848251773, 37.51765755373572], [127.1132683728287, 37.51762273846841], [127.11319902039406, 37.51759897272593], [127.11317957457555, 37.517636049060535], [127.1130209310446, 37.51758324740944], [127.11270840435245, 37.51748362159639], [127.11265769363759, 37.51743701576562], [127.11265718989851, 37.517104963287046], [127.11279758541396, 37.51710351565254], [127.11279750630787, 37.51705023985008], [127.11240625846605, 37.517060230423866], [127.1124079176282, 37.51711129730385], [127.11254598215204, 37.51710927551942], [127.11254340142565, 37.5174746136776], [127.11252782436054, 37.517489125338166], [127.11244443523464, 37.51743514393814], [127.11247169017786, 37.517408331738686], [127.11242556821055, 37.5173820119198], [127.11248894394136, 37.51731154859447], [127.11234444278857, 37.51722941434389], [127.11227994577158, 37.51729894160864], [127.11193725934727, 37.51710342202206], [127.111917505599, 37.51712376694966], [127.11179297342362, 37.51706694034592], [127.11180979181678, 37.517050400381734], [127.11182399438644, 37.51702422220353], [127.11171358180702, 37.51698461837727], [127.11169977648343, 37.51701173320745], [127.11169110306432, 37.517021093633346], [127.1115941367843, 37.51697940486285], [127.11157242913163, 37.51700951834791], [127.11149979100259, 37.5171046590731], [127.11148281421352, 37.51712893869379], [127.11156310711266, 37.51717033675062], [127.11146167064165, 37.517289173432914], [127.11145181102103, 37.51731502316617], [127.11156025252639, 37.51735243064146], [127.11157366900817, 37.517330046418785], [127.11165985945695, 37.51722023381548], [127.1117792520335, 37.51728179558313], [127.11175793772449, 37.51731017882184], [127.11220066680072, 37.517561484971175], [127.11217406762569, 37.517588197383624], [127.11261164720462, 37.517919542241785], [127.11284547902228, 37.51774378111421], [127.11270027050185, 37.51763551909905], [127.11272278440683, 37.51761532461308], [127.11268026881605, 37.51758780317521], [127.11268987593917, 37.517575009005405]]], [[[127.1128545300992, 37.51792775588566], [127.11280177526818, 37.51796741336512], [127.11281335159221, 37.51797811529569], [127.11280673531313, 37.517986401678925], [127.1127760747268, 37.51799745874827], [127.11274192730976, 37.51793799816858], [127.11270405455835, 37.51795216143502], [127.11276397982971, 37.518056521389944], [127.11279526164196, 37.51804483304169], [127.11280440093887, 37.51805975392809], [127.11284618669957, 37.518045028324515], [127.11287091898703, 37.518025660636724], [127.1129502637755, 37.51809010610358], [127.11299811463203, 37.518053976079734], [127.1128545300992, 37.51792775588566]]]]}}, {"type": "Feature", "properties": {"facility_layer": "UPIS_C_UQ151", "urban_facility": "중로3류", "urban_facility_landuse": "기타", "urban_facility_source": "도시계획 시설정보"}, "geometry": {"type": "Polygon", "coordinates": [[[127.0970480006106, 37.51672029728451], [127.09708741914666, 37.51667464797631], [127.09718884293446, 37.51659954895417], [127.0971342097042, 37.51650256494107], [127.09713016238157, 37.51649537826973], [127.09703182377035, 37.516568195228466], [127.09702376660515, 37.516574346535414], [127.09701595855253, 37.51658070486944], [127.09700839958953, 37.51658725221074], [127.09700110102747, 37.516593988550184], [127.09699407415489, 37.516600895858794], [127.0969873189717, 37.51660797413661], [127.09698084678932, 37.51661522337454], [127.09694021969261, 37.51666227917757], [127.09653589862641, 37.51714738593413], [127.09632012050588, 37.51740604599934], [127.09611683220632, 37.517649459819566], [127.09609307974132, 37.51767773406651], [127.09569217650501, 37.51815492437837], [127.09552018095148, 37.51836027215353], [127.09551322300275, 37.51836826051206], [127.09550593677808, 37.518376059922275], [127.0954983109318, 37.51838364336331], [127.09549034546394, 37.51839101083507], [127.09548207429806, 37.51839815330056], [127.09547349743409, 37.51840507075973], [127.0954646148382, 37.51841173618264], [127.09545544914494, 37.518418158561204], [127.09544601164333, 37.51842431986645], [127.09543631364514, 37.518430220089336], [127.09542635512773, 37.51843584120988], [127.09541615871443, 37.518441183210065], [127.09540574702869, 37.51844624607182], [127.09539510873624, 37.51845101178417], [127.09538426646051, 37.51845548032914], [127.09537324282488, 37.51845965168863], [127.09536204911849, 37.51846350783376], [127.09535067402983, 37.51846704877343], [127.0953391741285, 37.51847028347262], [127.09532752675752, 37.51847318491945], [127.09531575456286, 37.51847577111576], [127.09530389145702, 37.51847802401469], [127.09529192613982, 37.51847995263517], [127.09527988121211, 37.518481538939284], [127.09526779063157, 37.51848280091999], [127.09525563175245, 37.51848372057529], [127.09524344983282, 37.51848430687924], [127.09523125617322, 37.518484550812914], [127.09521905078505, 37.51848446138628], [127.09520685628051, 37.51848402957137], [127.09519469529435, 37.51848326436027], [127.09519445809438, 37.518519736851374], [127.09519462703459, 37.51865488605946], [127.0952407252535, 37.518702602258145], [127.0952155012595, 37.51871250619138], [127.09523046383882, 37.51871027787223], [127.09526665129087, 37.5187023203953], [127.09532148935422, 37.51868344605074], [127.09536975838331, 37.518657999632396], [127.09543937390816, 37.51860658754923], [127.09553124650917, 37.518533804115705], [127.09562607699206, 37.51842053651956], [127.09580034263608, 37.51821249280338], [127.09622504309885, 37.51770696475529], [127.09642842154568, 37.51746343354944], [127.09664423334543, 37.517204737222094], [127.0970480006106, 37.51672029728451]]]}}, {"type": "Feature", "properties": {"facility_layer": "UPIS_C_UQ151", "urban_facility": "중로2류", "urban_facility_landuse": "기타", "urban_facility_source": "도시계획 시설정보"}, "geometry": {"type": "Polygon", "coordinates": [[[127.10852467469458, 37.517760505486336], [127.10881721295105, 37.51657478199781], [127.10898502869725, 37.51650400938457], [127.10852624387054, 37.51634819321561], [127.108611148265, 37.51647592253091], [127.10830752543662, 37.517695929427674], [127.10814566649414, 37.51834630616217], [127.10800513006544, 37.51891101475431], [127.10778678796999, 37.51902834080422], [127.10838056074256, 37.519129428384325], [127.10823104752282, 37.51895059882805], [127.10852467469458, 37.517760505486336]]]}}, {"type": "Feature", "properties": {"facility_layer": "UPIS_C_UQ153", "urban_facility": "소공원", "urban_facility_landuse": "공원/녹지", "urban_facility_source": "도시계획 시설정보"}, "geometry": {"type": "Polygon", "coordinates": [[[127.09473241040021, 37.51831944164301], [127.09487026576916, 37.51837434756798], [127.09507085362584, 37.518454746889034], [127.09508174065424, 37.51845892789546], [127.09509281961049, 37.518462811420314], [127.09510404522538, 37.51846637947944], [127.09511542883303, 37.51846965008377], [127.09512693646452, 37.51847259623025], [127.09513857944273, 37.51847522691986], [127.09515031250959, 37.518477533178505], [127.09516214697665, 37.51847951499714], [127.09517406023177, 37.51848118140368], [127.09518604092932, 37.51848250537718], [127.0951980664684, 37.51848350495546], [127.09521013684886, 37.51848418013852], [127.0952222294247, 37.51848451292442], [127.09523432159502, 37.51848452135098], [127.09524640203675, 37.5184841964172], [127.09525847074974, 37.518483538123135], [127.0952705051105, 37.518482546486716], [127.09528248250692, 37.51848123053586], [127.09529440292752, 37.51847958126062], [127.09530623244852, 37.51847760769795], [127.09531798238137, 37.518475309838884], [127.09532961879104, 37.51847268771035], [127.0953411416887, 37.518469750322375], [127.09535252845086, 37.518466497692955], [127.09536376777712, 37.51846293884105], [127.09537483704399, 37.51845907378469], [127.09538573625142, 37.51845490252392], [127.09539645409893, 37.51845043407772], [127.09540696796317, 37.51844566846414], [127.09541727786664, 37.51844062370309], [127.09542734987431, 37.51843529982164], [127.09543719529779, 37.51842969681084], [127.0954467802247, 37.51842383271765], [127.09545611596664, 37.51841770753308], [127.09546517991157, 37.51841133028517], [127.09547396074788, 37.51840470098298], [127.09548245849813, 37.51839783764647], [127.09549063923868, 37.518390749312616], [127.09549851429256, 37.518383444982476], [127.0955060723368, 37.51837591565513], [127.09551329078214, 37.518368188378474], [127.09552018095148, 37.51836027215353], [127.09569217650501, 37.51815492437837], [127.09609307974132, 37.51767773406651], [127.09504665897873, 37.517440407055425], [127.09473241040021, 37.51831944164301]]]}}, {"type": "Feature", "properties": {"facility_layer": "UPIS_C_UQ153", "urban_facility": "어린이공원", "urban_facility_landuse": "공원/녹지", "urban_facility_source": "도시계획 시설정보"}, "geometry": {"type": "Polygon", "coordinates": [[[127.10762352058502, 37.5182657768527], [127.1074466161165, 37.5189765688214], [127.10778678796999, 37.51902834080422], [127.10800513006544, 37.51891101475431], [127.10814566649414, 37.51834630616217], [127.10762352058502, 37.5182657768527]]]}}, {"type": "Feature", "properties": {"facility_layer": "UPIS_C_UQ153", "urban_facility": "역사공원", "urban_facility_landuse": "공원/녹지", "urban_facility_source": "도시계획 시설정보"}, "geometry": {"type": "Polygon", "coordinates": [[[127.10838056074256, 37.519129428384325], [127.10882471295132, 37.5191979248431], [127.10899971407757, 37.51847803252204], [127.10837154164258, 37.518381159783544], [127.10823104750999, 37.51895058981809], [127.10838056074256, 37.519129428384325]]]}}, {"type": "Feature", "properties": {"facility_layer": "UPIS_C_UQ151", "urban_facility": "중로2류", "urban_facility_landuse": "기타", "urban_facility_source": "도시계획 시설정보"}, "geometry": {"type": "Polygon", "coordinates": [[[127.09563225568152, 37.51881886175414], [127.0956460698303, 37.51880288510493], [127.09576583817923, 37.51865000777972], [127.09551040561229, 37.51818725272603], [127.09531134408576, 37.51818741095944], [127.09556187118211, 37.518609102970316], [127.09548845826231, 37.51869918887779], [127.09506339934431, 37.51925226001492], [127.09504508705642, 37.519271564830056], [127.09502594835932, 37.51929035672906], [127.0950060058426, 37.51930860866382], [127.09498528209602, 37.5193262935862], [127.09496379973166, 37.519343402467925], [127.09494158133944, 37.51935990826087], [127.09491866082107, 37.51937578390795], [127.09489507211198, 37.51939102938194], [127.09487082647928, 37.51940560863369], [127.0948459578473, 37.51941951262607], [127.09482051142992, 37.51943271429312], [127.09479449853933, 37.51944521362552], [127.09476796440072, 37.51945699256728], [127.09475748367277, 37.5194612625496], [127.09474683291926, 37.51946525335659], [127.09473601210662, 37.51946893795835], [127.09472504385859, 37.51947231633701], [127.09471392818648, 37.51947539750245], [127.09470268770276, 37.51947817242685], [127.0946913223964, 37.51948063210022], [127.09467986620288, 37.51948277649575], [127.09466833042293, 37.51948459659457], [127.0946567150791, 37.51948611041654], [127.09464504276154, 37.51948729091394], [127.09463332480459, 37.51948815609779], [127.09462157250898, 37.51948869694913], [127.09460980848726, 37.519488904440244], [127.0945980440738, 37.51948879658206], [127.09458629055813, 37.519488355345814], [127.09457455927456, 37.51948759874244], [127.09456287282451, 37.51948650873425], [127.09455123123051, 37.5194851033412], [127.09453966841684, 37.519483373526555], [127.09452818439487, 37.5194813283003], [127.09451679047653, 37.519478967653605], [127.09450550928554, 37.519476291568616], [127.0944943634568, 37.51947330903755], [127.09440473119916, 37.51944793544479], [127.09440193730988, 37.51944803675136], [127.09439915483289, 37.519448219138475], [127.09439638375699, 37.51944847359618], [127.09439362408217, 37.51944880012449], [127.09439088713147, 37.519449207724485], [127.09438816158183, 37.51944968739509], [127.09438545875624, 37.519450248137346], [127.09438277864348, 37.51945088094133], [127.09438013255539, 37.51945158579812], [127.09437752049193, 37.519452362707774], [127.09437494245313, 37.51945321167025], [127.09437239843895, 37.51945413268553], [127.09436989976113, 37.51945512574481], [127.09436744640864, 37.51945618183805], [127.09436503839251, 37.51945730997528], [127.0943626870134, 37.519458501137606], [127.09436038095951, 37.51945975533393], [127.09435814285447, 37.519461072546484], [127.09435595007463, 37.519462452793086], [127.0943538252436, 37.519463896055896], [127.09435175702727, 37.51946538432396], [127.0943497680827, 37.519466944609334], [127.0943478357528, 37.519468549899926], [127.09434598267235, 37.51947020918796], [127.09434419752955, 37.51947192248227], [127.09434249162503, 37.51947368076408], [127.09434086495878, 37.51947548403337], [127.09433930621901, 37.51947733229904], [127.09433783801818, 37.519479216533355], [127.09433644905562, 37.51948114575517], [127.094335150632, 37.51948311094562], [127.09433394274734, 37.51948511210473], [127.0943328140898, 37.5194871492414], [127.09433177596006, 37.519489213336776], [127.0943308283581, 37.5194913043909], [127.09432997128394, 37.51949342240372], [127.09432920472645, 37.51949555836533], [127.0943285286856, 37.51949771227572], [127.09432795448436, 37.51949989313597], [127.09432748210045, 37.519502082926145], [127.09432708891023, 37.519504281664055], [127.09432680884919, 37.51950648932304], [127.09432660798181, 37.51950870592974], [127.09432652024363, 37.51951093145751], [127.09432651168804, 37.51951315692304], [127.09432661623926, 37.51951537328978], [127.09432681128492, 37.51951758958539], [127.09432709682498, 37.51951980580991], [127.09432748414896, 37.51952200393453], [127.09432796195624, 37.51952419297812], [127.09432854155857, 37.519526372931765], [127.09432921162187, 37.51952852578443], [127.09432998346914, 37.51953066053722], [127.09437053062996, 37.519571714063574], [127.09442386453172, 37.519643634633354], [127.0944735660289, 37.51972354085641], [127.09450889784827, 37.51980955811018], [127.09453379593289, 37.51989213275649], [127.09454770503486, 37.519970517413235], [127.09455039634663, 37.52002444887826], [127.09455079420866, 37.52002601629687], [127.0945512599308, 37.520027574652076], [127.09455179350182, 37.520029114933976], [127.09455239492178, 37.520030637142476], [127.09455306420186, 37.52003215028756], [127.0945537900078, 37.520033636358306], [127.09455458366264, 37.52003510435567], [127.09455544515522, 37.52003654526973], [127.0945563631849, 37.52003796811936], [127.0945573490523, 37.520039363885665], [127.09455838013373, 37.5200407325865], [127.09455949035356, 37.520042065185166], [127.0945606457874, 37.520043370718355], [127.09456185774712, 37.520044649177116], [127.09456312621037, 37.52004588254161], [127.09456445119947, 37.52004708883169], [127.09456582138023, 37.520048250036396], [127.09456724808685, 37.52004938416667], [127.09456870866201, 37.52005046421054], [127.09457022576309, 37.520051517180015], [127.09457178804458, 37.52005251605411], [127.0945733955289, 37.520053478852795], [127.09457503689293, 37.520054396574984], [127.09457672343743, 37.52005526020183], [127.09457844387286, 37.520056087762136], [127.0945801981768, 37.52005686123601], [127.09458198634933, 37.52005758062346], [127.09458380841274, 37.52005826394436], [127.09458565302164, 37.52005888417778], [127.09458753151029, 37.520059459334696], [127.09458942124367, 37.520059980423014], [127.09459134484558, 37.52006044742488], [127.09459327969226, 37.52006086035814], [127.09459523710677, 37.520061228223824], [127.09459720575484, 37.52006153301093], [127.09459918565885, 37.52006179273938], [127.09460117679639, 37.52006198938925], [127.0946031791787, 37.52006213197049], [127.09460518149388, 37.52006222049207], [127.09460718374187, 37.5200622549539], [127.09460918592272, 37.520062235356065], [127.09461119933711, 37.52006215267963], [127.09461319007175, 37.520062024971296], [127.09461519203992, 37.520061834184375], [127.09461717131714, 37.520061589355585], [127.0946191392265, 37.52006129948596], [127.0946210957456, 37.52006094655559], [127.09462304088564, 37.52006053957446], [127.0946249633347, 37.520060078551424], [127.094626863104, 37.52005957249648], [127.09462874017116, 37.52005900338973], [127.09463059455857, 37.52005838925106], [127.09463242626616, 37.52005773008046], [127.09463421265905, 37.520057016885836], [127.09463597636093, 37.52005624964937], [127.0946377060712, 37.52005543738988], [127.09463940178978, 37.5200545801074], [127.09464105219361, 37.520053668800905], [127.09464266861696, 37.520052721481356], [127.09464423973678, 37.52005172914773], [127.09464576555303, 37.52005069180004], [127.09464724606576, 37.52004960943827], [127.09464866997422, 37.52004849108131], [127.09465005989104, 37.52004732770134], [127.09468421215045, 37.52000317001391], [127.0946949635885, 37.51998911501483], [127.09485262104776, 37.51978323922844], [127.09493618455846, 37.51967664847761], [127.09500841780249, 37.519582662550896], [127.09501185101715, 37.519578190895984], [127.09512518529516, 37.51947044118551], [127.09512965556948, 37.51947213151429], [127.09563225568152, 37.51881886175414]]]}}, {"type": "Feature", "properties": {"facility_layer": "UPIS_C_UQ151", "urban_facility": "대로3류", "urban_facility_landuse": "기타", "urban_facility_source": "도시계획 시설정보"}, "geometry": {"type": "Polygon", "coordinates": [[[127.10826672949436, 37.519343067228604], [127.10928761847981, 37.519500715383714], [127.10944719015329, 37.51955291751577], [127.10956678264795, 37.51957136868344], [127.10996832878074, 37.51963334956463], [127.11014117236307, 37.519632560044855], [127.11073698739433, 37.51972463294263], [127.11185439895533, 37.51989721622794], [127.11230086718533, 37.519966174965845], [127.11266904003507, 37.520023042282084], [127.11373067971638, 37.52018692061863], [127.11397360275, 37.52022444129014], [127.11406100626306, 37.520274723677005], [127.11411659579237, 37.52030665602809], [127.11383598389226, 37.519848370671895], [127.11373343166764, 37.519954857666626], [127.10838056074256, 37.519129428384325], [127.10778678796999, 37.51902834080422], [127.10525843275575, 37.518643511768786], [127.10514542122121, 37.51844149964687], [127.10496047400446, 37.51876801135456], [127.10490883742595, 37.51885915622021], [127.10516946716255, 37.518864874370834], [127.10577737607758, 37.518958763683095], [127.10593818870244, 37.51901114966636], [127.10619320999746, 37.519050387546955], [127.10645173907834, 37.51909025245717], [127.10662254496646, 37.519089199598454], [127.10734586250368, 37.51920081779278], [127.10783905026463, 37.51927695950485], [127.10826672949436, 37.519343067228604]]]}}, {"type": "Feature", "properties": {"facility_layer": "UPIS_C_UQ151", "urban_facility": "광로2류", "urban_facility_landuse": "기타", "urban_facility_source": "도시계획 시설정보"}, "geometry": {"type": "MultiPolygon", "coordinates": [[[[127.11633944081771, 37.5239055135166], [127.11635233692525, 37.523927584357935], [127.11636332463347, 37.52394449435411], [127.11647808914445, 37.52412106775513], [127.1166958721872, 37.524456133689625], [127.11675098969545, 37.524546179383925], [127.1170137636053, 37.52497542680669], [127.11704762843785, 37.5250307507875], [127.11713999143535, 37.525181631038755], [127.11732293774813, 37.52548034769605], [127.11776259130981, 37.52537595907827], [127.11768979074259, 37.52525704538267], [127.11764329111726, 37.52518113727862], [127.11759463660186, 37.52510162729516], [127.11748417192211, 37.52492108641398], [127.11734896123728, 37.52470015108035], [127.11733548785925, 37.52467814398671], [127.11719848825115, 37.524455642494694], [127.11689628627201, 37.52396449959534], [127.11685984811578, 37.52390528577677], [127.11674188173858, 37.52390533784623], [127.11633993856574, 37.52390551303273], [127.11633944081771, 37.5239055135166]]], [[[127.11341804888218, 37.518010412306495], [127.11283374130825, 37.51814986187759], [127.11276334926085, 37.51809656222685], [127.11301437532298, 37.51850653979896], [127.11320885494786, 37.518824164197305], [127.11383598389226, 37.519848370671895], [127.11411659579237, 37.52030665602809], [127.11432093910662, 37.520640369872154], [127.1152789502454, 37.52220483984989], [127.11558096926878, 37.52263945880684], [127.11597256359511, 37.52328184968215], [127.11602914997619, 37.52337189430909], [127.11653164565492, 37.52337140607324], [127.11648809705686, 37.5233003599864], [127.1158529858346, 37.52226232767397], [127.11585409371601, 37.52226185808419], [127.11592096195132, 37.52223332189769], [127.11549169443103, 37.52153244746451], [127.11493084523374, 37.52061672035544], [127.11472566022942, 37.52028171094051], [127.11459189517963, 37.520063293666176], [127.11434522114672, 37.51966051435995], [127.11397128597872, 37.51904996005809], [127.11358034787537, 37.518411606905886], [127.11355727234148, 37.51837392213362], [127.1135603184934, 37.51834588026371], [127.1136113865448, 37.51832810022019], [127.11341804888218, 37.518010412306495]]]]}}, {"type": "Feature", "properties": {"facility_layer": "UPIS_C_UQ151", "urban_facility": "소로3류", "urban_facility_landuse": "기타", "urban_facility_source": "도시계획 시설정보"}, "geometry": {"type": "Polygon", "coordinates": [[[127.11383025251544, 37.52888421663645], [127.11396911846161, 37.52910772920472], [127.11402701231826, 37.529200728715054], [127.11409968316201, 37.529302381671464], [127.11440180502443, 37.529715649452925], [127.1144716336639, 37.52980743900581], [127.11447445666522, 37.529811400678454], [127.11448797129421, 37.52983069604852], [127.1145296727062, 37.52989091461522], [127.11461269137007, 37.529854182723824], [127.1145689633275, 37.52979297503285], [127.11456398673458, 37.529786330462365], [127.11449615091445, 37.52969571034947], [127.11413456627129, 37.52920737465478], [127.11403573806622, 37.529067292222095], [127.11389531472221, 37.52883132947676], [127.11376493912422, 37.52878462880042], [127.11383025251544, 37.52888421663645]]]}}, {"type": "Feature", "properties": {"facility_layer": "UPIS_C_UQ151", "urban_facility": "소로3류", "urban_facility_landuse": "기타", "urban_facility_source": "도시계획 시설정보"}, "geometry": {"type": "Polygon", "coordinates": [[[127.11294425726338, 37.53044332458055], [127.1127882200201, 37.53012208723884], [127.11268705948474, 37.530079033910866], [127.11268821719436, 37.53008155560359], [127.11270173513059, 37.530110978343714], [127.1125401985393, 37.53015426086982], [127.11238150166602, 37.530197702688135], [127.11188605775914, 37.53040828744689], [127.11188471554541, 37.53041874022784], [127.11187982180729, 37.53041444706091], [127.1118474671197, 37.53044639048549], [127.1118576286779, 37.53046315749483], [127.11184822106368, 37.53051276598477], [127.11187562110828, 37.530488927123066], [127.11189224755331, 37.53048597434697], [127.11195194841783, 37.53045507752637], [127.11199690163006, 37.5304353397633], [127.11212099793251, 37.53038101082695], [127.1121704057661, 37.530359385749165], [127.11219553950926, 37.53034852324507], [127.11225364187713, 37.53032320492026], [127.11230448589251, 37.53030120903224], [127.11241570506736, 37.53025317178965], [127.11257665778791, 37.530212683063844], [127.11269710706769, 37.53017898970589], [127.11275383999161, 37.530199235675404], [127.1128070191944, 37.53030996275299], [127.11281792515685, 37.53033267553684], [127.11284853219625, 37.53039638298269], [127.11288250985622, 37.530467133012145], [127.11288840339873, 37.530466613888514], [127.11295243308363, 37.53059286379365], [127.11301596144722, 37.530564584716146], [127.11294425726338, 37.53044332458055]]]}}, {"type": "Feature", "properties": {"facility_layer": "UPIS_C_UQ151", "urban_facility": "중로1류", "urban_facility_landuse": "기타", "urban_facility_source": "도시계획 시설정보"}, "geometry": {"type": "Polygon", "coordinates": [[[127.14222777868477, 37.488603418049934], [127.14232105642887, 37.48865433955646], [127.1421954106517, 37.48835246506339], [127.14213150651642, 37.48842679253308], [127.13898827545081, 37.488550513715964], [127.13898891872006, 37.48880900081655], [127.13904965339164, 37.488755581934434], [127.13930293823393, 37.48874561009295], [127.13943678957452, 37.488713288228475], [127.14222777868477, 37.488603418049934]]]}}, {"type": "Feature", "properties": {"facility_layer": "UPIS_C_UQ151", "urban_facility": "중로2류", "urban_facility_landuse": "기타", "urban_facility_source": "도시계획 시설정보"}, "geometry": {"type": "Polygon", "coordinates": [[[127.13898891872006, 37.48880900081655], [127.13904965339164, 37.488755581934434], [127.13875081089317, 37.48874027905138], [127.13881784917223, 37.48878866594894], [127.13885490071604, 37.489386661501094], [127.13902430520706, 37.489379995287315], [127.13898891872006, 37.48880900081655]]]}}, {"type": "Feature", "properties": {"facility_layer": "UPIS_C_UQ153", "urban_facility": "생활권공원", "urban_facility_landuse": "공원/녹지", "urban_facility_source": "도시계획 시설정보"}, "geometry": {"type": "Polygon", "coordinates": [[[127.13788580239765, 37.48864126059949], [127.13784066670493, 37.48862394140799], [127.13779628641699, 37.48860541398807], [127.13775272939444, 37.488585687272256], [127.13771005222337, 37.48856478822628], [127.13766827756832, 37.48854274385495], [127.13762748462925, 37.488519581097925], [127.13758769605388, 37.488495317950154], [127.137548968444, 37.488469990387465], [127.13751134707744, 37.488443625388776], [127.13747487723198, 37.488416249932996], [127.13743960421786, 37.4883879090191], [127.13740555068189, 37.48835862064203], [127.13737277324088, 37.48832842978779], [127.13734131717176, 37.48829736343534], [127.13731119384627, 37.48826545761265], [127.13728245988057, 37.48823275730569], [127.13725514926014, 37.48819929851636], [127.13722927333991, 37.48816510826266], [127.13720487744463, 37.48813024055343], [127.13718198425214, 37.48809473140356], [127.13716062774719, 37.48805861681487], [127.13714083063991, 37.488021950822095], [127.13712260428431, 37.48798476044304], [127.13710598269721, 37.487947099699326], [127.13709098857194, 37.48790901361563], [127.13707762197144, 37.48787053823246], [127.1370659055888, 37.487831718574334], [127.13705586213322, 37.48779260867571], [127.13697846904267, 37.487462634087734], [127.13672737466538, 37.48750003389041], [127.1366969564893, 37.487498699175895], [127.13674413941794, 37.487711380304496], [127.13687285827532, 37.488055991554454], [127.13690648753645, 37.48823256703598], [127.13693430722621, 37.488410320461014], [127.13692734033866, 37.48849081476788], [127.13699256498637, 37.48849365923776], [127.13708568734373, 37.48860454660232], [127.13701010652208, 37.48867753320066], [127.13703688949273, 37.488725570826944], [127.13719852519064, 37.488762975035144], [127.13721416979344, 37.488948013427], [127.13729038858506, 37.489102537434384], [127.13731672201841, 37.4893018263447], [127.13733381368104, 37.48933659430011], [127.13717664435548, 37.48940621491634], [127.13715718196343, 37.48942979840494], [127.13716809835695, 37.48945750963472], [127.1372716748809, 37.48970849929771], [127.13739623234058, 37.48999352251898], [127.13749216502757, 37.49020622827069], [127.1375995463506, 37.490434147643924], [127.13802318082898, 37.49052844410914], [127.14142819490507, 37.49168377702399], [127.14145277383442, 37.49164536534183], [127.14152100577944, 37.49167060259052], [127.14150734765532, 37.49180468747955], [127.14147791674847, 37.49190923827155], [127.14144439417127, 37.49200262150885], [127.14145614163843, 37.492177761861036], [127.14155125585911, 37.49218665915899], [127.14163310008435, 37.4921741283352], [127.14164879416303, 37.49216149573189], [127.14173514385254, 37.492018584893756], [127.14175086219007, 37.49195846958344], [127.14180449792656, 37.491857584084045], [127.14183583076107, 37.49174239915892], [127.14184402443536, 37.49164940629285], [127.14182217097823, 37.49157302749911], [127.14187225401278, 37.49150746535786], [127.14190271588784, 37.49141039153114], [127.14195120084575, 37.491336902458706], [127.14199709679053, 37.49126972343992], [127.14202556491098, 37.49119499673455], [127.14205227291396, 37.491206858161746], [127.14210814259286, 37.491152101027005], [127.14214968873623, 37.49105681593982], [127.14223855765186, 37.490931921699634], [127.14229633032089, 37.490867071012744], [127.14235132254497, 37.49082700109745], [127.14235429250111, 37.490782758481885], [127.14234533889771, 37.49071150009344], [127.14237368763457, 37.49063371004146], [127.14239556841409, 37.49054385430026], [127.1424081616417, 37.49050599730311], [127.14244312929664, 37.490400358452455], [127.14243500103632, 37.49028693230172], [127.14244236523159, 37.490174208470066], [127.14247111635727, 37.490070018619406], [127.14247425496929, 37.48999523190689], [127.14247511841621, 37.48997333658594], [127.1424837780857, 37.4897678082364], [127.14245243166188, 37.489694233959526], [127.14243891608002, 37.489662354692385], [127.14241901936057, 37.48960435404287], [127.1423873685351, 37.48954925060329], [127.14238373853782, 37.489543038033354], [127.14238328207519, 37.48948059929863], [127.14238671981677, 37.48944464531173], [127.14240371050651, 37.489400295867085], [127.14243610422935, 37.48936935294526], [127.14246186799575, 37.48933634562426], [127.14243106033466, 37.489332778372365], [127.14243195662006, 37.489328362404756], [127.14243206766145, 37.48932728107267], [127.14243149417646, 37.48932295695794], [127.14242933835689, 37.48931899513031], [127.14242571412127, 37.48931584595362], [127.14242096102498, 37.489313689222776], [127.14241756750351, 37.48931297246996], [127.14237843587564, 37.48930842403104], [127.14239343358915, 37.48922641517385], [127.14237069347854, 37.48885838388012], [127.14240630848452, 37.48885698991695], [127.14232202889247, 37.48865436542755], [127.14222864945121, 37.488603480082894], [127.14221903907637, 37.48860385192779], [127.14225728477926, 37.4892212615323], [127.14221452855209, 37.48945449118388], [127.14227315320046, 37.490386685679496], [127.14214142107315, 37.49080851032369], [127.14202962953709, 37.490950280447294], [127.14159816700852, 37.49096719097853], [127.14091923817709, 37.490648679756305], [127.13910825418596, 37.490719909278496], [127.13910825407025, 37.49071984620866], [127.13902932237139, 37.49072295645057], [127.13821416081367, 37.490446358481144], [127.13794094725706, 37.489480613411246], [127.13788580239765, 37.48864126059949]]]}}, {"type": "Feature", "properties": {"facility_layer": "UPIS_C_UQ155", "urban_facility": "초등학교(국민학교)", "urban_facility_landuse": "교육연구시설", "urban_facility_source": "도시계획 시설정보"}, "geometry": {"type": "Polygon", "coordinates": [[[127.14380444264118, 37.495951404248466], [127.14380797597681, 37.495906440158095], [127.14315618998076, 37.49531887117518], [127.14312730508556, 37.49529286693528], [127.1420666321643, 37.496033943589275], [127.14209925511645, 37.496063367432384], [127.14274594838463, 37.49664977696296], [127.14280238255853, 37.49665268278335], [127.14380444264118, 37.495951404248466]]]}}, {"type": "Feature", "properties": {"facility_layer": "UPIS_C_UQ151", "urban_facility": "소로2류", "urban_facility_landuse": "기타", "urban_facility_source": "도시계획 시설정보"}, "geometry": {"type": "Polygon", "coordinates": [[[127.14278497930344, 37.496820947059575], [127.14285849791673, 37.49673843577838], [127.14287512421176, 37.4966980241197], [127.14296241125311, 37.49663688600436], [127.14308309278951, 37.49655236293974], [127.14312849228723, 37.496520566349865], [127.14316022678328, 37.496498363741544], [127.14364290410865, 37.49616017988155], [127.14367708892895, 37.49613625327808], [127.14377735060822, 37.49606601687645], [127.14386418444728, 37.49600519398473], [127.1439087362771, 37.49597398376307], [127.14395911537903, 37.49593869398481], [127.14402385542708, 37.49589125041096], [127.144039653655, 37.4958796715406], [127.14405752971241, 37.495866576483415], [127.14411843017379, 37.49582193959566], [127.14414457433384, 37.49580385202234], [127.14422946407757, 37.49574977067731], [127.14430314194688, 37.49569883829734], [127.14446751065427, 37.49557031929183], [127.14453010822952, 37.495526400935546], [127.14462201647403, 37.49546467034088], [127.14470668663373, 37.49540257002736], [127.14480368527133, 37.495335976737344], [127.1451010396021, 37.49512662005108], [127.14506492666453, 37.49504662820971], [127.14497629900706, 37.495108544378894], [127.14489041015912, 37.49517170954578], [127.14482430755825, 37.495215623336776], [127.14480359782476, 37.49523101048488], [127.14476443326255, 37.495258277150725], [127.14474530356236, 37.49527204958494], [127.14467467773316, 37.49532199645692], [127.1445998504939, 37.49537473246087], [127.14454836109077, 37.49540856424136], [127.14446086202037, 37.49546975785544], [127.14440222610071, 37.49551566259153], [127.14424466219123, 37.495624909933895], [127.1441750508621, 37.495673503781056], [127.14407703571806, 37.495741269076895], [127.14403765268754, 37.49576691396586], [127.14393181109396, 37.49584015764348], [127.14391008241056, 37.4958550953625], [127.14380444264118, 37.495951404248466], [127.14280238255853, 37.49665268278335], [127.14267454080418, 37.49674239485725], [127.14151057224109, 37.497561345897815], [127.14128159274436, 37.497722445231], [127.14122661365934, 37.49771187847777], [127.14129233885947, 37.49784541880422], [127.14131434943542, 37.49789011832297], [127.14132761187265, 37.49784632311543], [127.14278497930344, 37.496820947059575]]]}}, {"type": "Feature", "properties": {"facility_layer": "UPIS_C_UQ151", "urban_facility": "소로2류", "urban_facility_landuse": "기타", "urban_facility_source": "도시계획 시설정보"}, "geometry": {"type": "Polygon", "coordinates": [[[127.14285849791673, 37.49673843577838], [127.14278497930344, 37.496820947059575], [127.14284139143231, 37.49682408714713], [127.14285768130858, 37.49683916839586], [127.14292872558605, 37.49690779353095], [127.14299864009581, 37.496970923884206], [127.1430710283019, 37.49703847513428], [127.14314309198947, 37.497101783025094], [127.14321018163095, 37.49716590773551], [127.14326451062321, 37.49721550560204], [127.14329025057492, 37.49724045940497], [127.143384678278, 37.497163896329454], [127.14332971919141, 37.497163845182456], [127.14326624161421, 37.49710224801211], [127.1431276516229, 37.496979689202405], [127.14285849791673, 37.49673843577838]]]}}, {"type": "Feature", "properties": {"facility_layer": "UPIS_C_UQ151", "urban_facility": "소로2류", "urban_facility_landuse": "기타", "urban_facility_source": "도시계획 시설정보"}, "geometry": {"type": "Polygon", "coordinates": [[[127.14317565113161, 37.49839611832443], [127.14325989608605, 37.498328045965984], [127.14338532016724, 37.49823255177513], [127.14346234551674, 37.49817412862243], [127.14348171198294, 37.49815946412913], [127.14352771765476, 37.49812487357057], [127.14365007843458, 37.49803640155535], [127.1437348464908, 37.497976266021176], [127.14381927724108, 37.49791723005001], [127.14388426123278, 37.497866290399585], [127.14396478811413, 37.49785968812481], [127.14385906579264, 37.49776499447788], [127.14384593479069, 37.4977521260205], [127.14384349837056, 37.497797115806435], [127.14357105719706, 37.49799620394946], [127.14346626847706, 37.49807196871464], [127.14341950621031, 37.498107127787314], [127.1433999703728, 37.498121927623735], [127.14332288857045, 37.49818039585396], [127.14327269413783, 37.49821861337198], [127.14325818246711, 37.498229127414064], [127.1432193575901, 37.49825774464558], [127.14305287227776, 37.49838950799208], [127.14298126119225, 37.498440860566305], [127.14283297993684, 37.49854753602753], [127.14272851636137, 37.49862261498484], [127.14267208114856, 37.49861994339214], [127.14276740231819, 37.498734301296274], [127.14277071022866, 37.498689337527146], [127.14285778215493, 37.49862679420774], [127.14295321092963, 37.49855820413068], [127.14304728436713, 37.49849060669766], [127.14309900771404, 37.498453423592736], [127.14315495477555, 37.49841324408688], [127.14317565113161, 37.49839611832443]]]}}, {"type": "Feature", "properties": {"facility_layer": "UPIS_C_UQ151", "urban_facility": "소로2류", "urban_facility_landuse": "기타", "urban_facility_source": "도시계획 시설정보"}, "geometry": {"type": "Polygon", "coordinates": [[[127.14317565113161, 37.49839611832443], [127.14325989608605, 37.498328045965984], [127.14338532016724, 37.49823255177513], [127.14346234551674, 37.49817412862243], [127.14348171198294, 37.49815946412913], [127.14352771765476, 37.49812487357057], [127.14365007843458, 37.49803640155535], [127.1437348464908, 37.497976266021176], [127.14381927724108, 37.49791723005001], [127.14388426123278, 37.497866290399585], [127.14396478811413, 37.49785968812481], [127.14385906579264, 37.49776499447788], [127.14384593479069, 37.4977521260205], [127.14384349837056, 37.497797115806435], [127.14357105719706, 37.49799620394946], [127.14346626847706, 37.49807196871464], [127.14341950621031, 37.498107127787314], [127.1433999703728, 37.498121927623735], [127.14332288857045, 37.49818039585396], [127.14327269413783, 37.49821861337198], [127.14325818246711, 37.498229127414064], [127.1432193575901, 37.49825774464558], [127.14305287227776, 37.49838950799208], [127.14298126119225, 37.498440860566305], [127.14283297993684, 37.49854753602753], [127.14272851636137, 37.49862261498484], [127.14267208114856, 37.49861994339214], [127.14276740231819, 37.498734301296274], [127.14277071022866, 37.498689337527146], [127.14285778215493, 37.49862679420774], [127.14295321092963, 37.49855820413068], [127.14304728436713, 37.49849060669766], [127.14309900771404, 37.498453423592736], [127.14315495477555, 37.49841324408688], [127.14317565113161, 37.49839611832443]]]}}, {"type": "Feature", "properties": {"facility_layer": "UPIS_C_UQ151", "urban_facility": "소로2류", "urban_facility_landuse": "기타", "urban_facility_source": "도시계획 시설정보"}, "geometry": {"type": "Polygon", "coordinates": [[[127.14228885380373, 37.49827068715976], [127.14222292497023, 37.4982105790086], [127.14212605967977, 37.49812229738457], [127.14209628984631, 37.4980951496909], [127.14198229710229, 37.4979912740238], [127.14188624797485, 37.49790373004772], [127.14179689372496, 37.497822232752256], [127.14169266626888, 37.4977271930094], [127.14163362580092, 37.49767341937889], [127.14163726230922, 37.49762846425312], [127.14149255646842, 37.49773027742481], [127.14154898008348, 37.49773317484527], [127.14160751078023, 37.497786480602834], [127.14171172686906, 37.49788150241342], [127.14180110376506, 37.49796302677552], [127.14189716419489, 37.49805057981654], [127.14201112291848, 37.49815441956525], [127.14204091541255, 37.49818159428312], [127.14213776935432, 37.49826986697962], [127.14220369817203, 37.498329975177704], [127.1423011189419, 37.498418787661755], [127.14238120815057, 37.49849185325967], [127.14256370282835, 37.49865804991058], [127.14273634332432, 37.4988155183706], [127.14293254686969, 37.49899431202895], [127.14290910209813, 37.499035335509674], [127.14312894389775, 37.49903552269583], [127.14308763877158, 37.499020525529374], [127.14307745397878, 37.49901684364083], [127.14298988705636, 37.49893702999036], [127.14287456637099, 37.49883193143374], [127.14276740231819, 37.498734301296274], [127.14267208114856, 37.49861994339214], [127.1426488698889, 37.4985987796427], [127.14246631852282, 37.49843252912943], [127.142386297248, 37.49835951756737], [127.14228885380373, 37.49827068715976]]]}}, {"type": "Feature", "properties": {"facility_layer": "UPIS_C_UQ153", "urban_facility": "큰바위 어린이 공원", "urban_facility_landuse": "공원/녹지", "urban_facility_source": "도시계획 시설정보"}, "geometry": {"type": "Polygon", "coordinates": [[[127.14261477663095, 37.498131184210266], [127.14234325082526, 37.498320276349396], [127.142386297248, 37.49835951756737], [127.14246631852282, 37.49843252912943], [127.1426488698889, 37.4985987796427], [127.14267208114856, 37.49861994339214], [127.14272851636137, 37.49862261498484], [127.14283297993684, 37.49854753602753], [127.1429663201526, 37.498451609345906], [127.14261477663095, 37.498131184210266]]]}}, {"type": "Feature", "properties": {"facility_layer": "UPIS_C_UQ151", "urban_facility": "소로3류", "urban_facility_landuse": "기타", "urban_facility_source": "도시계획 시설정보"}, "geometry": {"type": "Polygon", "coordinates": [[[127.15076563061395, 37.49083018662469], [127.15076702486414, 37.49082054416977], [127.15076881496431, 37.49081094626473], [127.15077101223959, 37.49080140190525], [127.15077361672571, 37.49079192911123], [127.1507766171151, 37.49078252789696], [127.15078001342553, 37.49077320727236], [127.1507837943853, 37.490763985271634], [127.15078797131963, 37.49075487089041], [127.15079253293891, 37.490745873152946], [127.15079746795348, 37.490737001083424], [127.15080276507375, 37.49072826370607], [127.15080843564292, 37.49071967902648], [127.15081446835343, 37.4907112470589], [127.1508208519337, 37.490702985837515], [127.15082758640148, 37.49069490437223], [127.15094851182766, 37.49055473617955], [127.15100410544859, 37.49054652982882], [127.15088230459916, 37.49047981169261], [127.15089260341277, 37.49052410982574], [127.1507716779311, 37.49066427796206], [127.15076368003982, 37.49067387469921], [127.15075610095143, 37.49068368714668], [127.15074894063031, 37.490693697284584], [127.15074221036608, 37.49070389608873], [127.15073591012293, 37.490714265539324], [127.1507300512085, 37.49072480562204], [127.15072463356915, 37.490735489307085], [127.15071967980198, 37.490746307556016], [127.15071518990722, 37.49075726036886], [127.1507111525417, 37.490768329739986], [127.1507075902847, 37.49077949762097], [127.15070450310054, 37.49079074599191], [127.15070189100736, 37.490802083862796], [127.15069976524114, 37.490813475179515], [127.15069811451258, 37.49082492896632], [127.15068616395365, 37.49092232407045], [127.15068494819191, 37.49093074994973], [127.15068335921188, 37.49093914026021], [127.15068140828498, 37.49094747696766], [127.1506790840858, 37.49095575107636], [127.15067640922912, 37.49096396255773], [127.15067337237154, 37.49097209340612], [127.15066998480253, 37.490980134597166], [127.15066623519657, 37.49098807713524], [127.15066215744015, 37.49099590295748], [127.1506577289362, 37.49100362110241], [127.15065297226367, 37.49101121352148], [127.15064788738674, 37.491018662194726], [127.15064247430533, 37.491025967122084], [127.15063674429102, 37.49103311026932], [127.15063070866911, 37.49104010063206], [127.1506243673859, 37.49104691118036], [127.15061773176667, 37.4910535509099], [127.15061081306519, 37.49105999277641], [127.15060361128147, 37.49106623677985], [127.15059614903038, 37.49107228289163], [127.1505884262941, 37.49107812210174], [127.1505804430368, 37.4910837363902], [127.15057223318092, 37.49108912571413], [127.15056086082497, 37.49109633003571], [127.15050468614243, 37.49109117508958], [127.15059662988233, 37.49118337550655], [127.15060311061694, 37.49113862370087], [127.1506144378169, 37.491131455472214], [127.15062447710653, 37.49112486550746], [127.15063422186228, 37.49111800561376], [127.15064367206617, 37.49111086678124], [127.15065279386738, 37.49110348509264], [127.15066159853757, 37.491095842513836], [127.15067005220803, 37.49108796611766], [127.1506781548788, 37.49107985590417], [127.15068590658574, 37.49107152989334], [127.15069328471394, 37.49106298811384], [127.1507002893172, 37.491054257595636], [127.15070689776273, 37.49104532935737], [127.15071312139393, 37.49103622140481], [127.15071893761387, 37.491026942776486], [127.15072434647647, 37.49101752050241], [127.15072933665633, 37.491007945586944], [127.15073390818952, 37.49099823605006], [127.15073804980456, 37.490988409926054], [127.15074176151948, 37.49097847622493], [127.15074503204488, 37.490968443971], [127.15074787270638, 37.490958322159955], [127.15075024963542, 37.490948137864606], [127.15075219673675, 37.49093788203217], [127.15075369144931, 37.490927581721124], [127.15076563061395, 37.49083018662469]]]}}, {"type": "Feature", "properties": {"facility_layer": "UPIS_C_UQ151", "urban_facility": "소로3류", "urban_facility_landuse": "기타", "urban_facility_source": "도시계획 시설정보"}, "geometry": {"type": "Polygon", "coordinates": [[[127.15012602949928, 37.49085624786122], [127.15011732437995, 37.49089132570719], [127.15007429679183, 37.49091856296845], [127.15010866983145, 37.49095193781167], [127.15015342892532, 37.49093114050551], [127.15020899912984, 37.49093945888757], [127.15012602949928, 37.49085624786122]]]}}, {"type": "Feature", "properties": {"facility_layer": "UPIS_C_UQ151", "urban_facility": "소로1류", "urban_facility_landuse": "기타", "urban_facility_source": "도시계획 시설정보"}, "geometry": {"type": "Polygon", "coordinates": [[[127.14881226933839, 37.48987709198241], [127.14845071314252, 37.490053930856114], [127.14847869785785, 37.490082277536445], [127.14849745197513, 37.49007405511172], [127.14857151065208, 37.490100569475395], [127.14877788681427, 37.48999962573215], [127.14883437055099, 37.4900014113774], [127.14953739671908, 37.490409685601], [127.14954110975559, 37.490411816317994], [127.149544845336, 37.49041391096661], [127.14954862609282, 37.490415978528546], [127.14955241806832, 37.490418001026306], [127.14955625523807, 37.490420005447355], [127.14956011493386, 37.490421964790066], [127.14956399717349, 37.49042388806442], [127.14956791328218, 37.4904257842662], [127.1495718519169, 37.490427635389686], [127.14957581311326, 37.49042945945478], [127.14957979685347, 37.49043124745149], [127.1495838144449, 37.490432999365645], [127.14958785456237, 37.49043470620148], [127.14959191724145, 37.49043638597893], [127.14959600246435, 37.490438029688], [127.1496001215207, 37.49043962830454], [127.14960425183122, 37.490441199876855], [127.1496084046678, 37.4904427263708], [127.14961258006595, 37.490444225806336], [127.14961677799012, 37.49044568016352], [127.14968944327215, 37.49047050169168], [127.14969711504382, 37.49047320407867], [127.14970469667725, 37.490476068758106], [127.14971218813687, 37.49047907771007], [127.1497195781153, 37.490482230948764], [127.14972687791997, 37.49048552846003], [127.14973406493614, 37.49048897027227], [127.149741139146, 37.49049254737548], [127.14974811187481, 37.490496268765504], [127.14975496048996, 37.49050012546076], [127.14976168499146, 37.49050411746126], [127.14976828536156, 37.490508235757055], [127.14977476161805, 37.49051248935817], [127.14978402371693, 37.4905188748317], [127.14979335508652, 37.490525981017136], [127.14979927824484, 37.49053072185071], [127.14980504333177, 37.49053558001229], [127.14981065032946, 37.49054054649195], [127.14981788906792, 37.49054726787216], [127.14983216474332, 37.49056158485401], [127.14983402286381, 37.490563456600356], [127.14990429999717, 37.4906327633365], [127.1501233670178, 37.490853611281786], [127.15020647267143, 37.49093699332874], [127.15041339334572, 37.491144512208116], [127.15050237989146, 37.49123375213651], [127.15059172924188, 37.49132336995831], [127.15060224475717, 37.491334493041656], [127.15061203743544, 37.491346040505896], [127.15062106197486, 37.491357976368406], [127.15062930697803, 37.49137025559377], [127.1506367498118, 37.491382869200734], [127.15064335644568, 37.491395763172434], [127.15064912684358, 37.491408919489054], [127.15065403830046, 37.491422293129425], [127.15065807943665, 37.49143584806806], [127.15066123887257, 37.49144954827941], [127.15066350524646, 37.49146336674792], [127.15066487845036, 37.49147724941382], [127.1506653584479, 37.4914911782572], [127.15066492253396, 37.49150510825678], [127.15066359325147, 37.491519003344116], [127.15066137051032, 37.49153281846929], [127.15065825425636, 37.49154652660239], [127.15065425572496, 37.49156009168917], [127.15064938615157, 37.49157347767539], [127.15064365675383, 37.49158663949682], [127.15048366571003, 37.49192832005087], [127.15046849172889, 37.49195153991235], [127.15044877207407, 37.49197476550191], [127.15042712458384, 37.49199520943026], [127.15036589954492, 37.492049472673905], [127.1503575865301, 37.49205422240265], [127.15035816405972, 37.49205464514473], [127.15046096220037, 37.492128766942415], [127.15045616112695, 37.49210265302758], [127.15050920315987, 37.49205597746069], [127.15051485822696, 37.49205090671352], [127.15052038874823, 37.49204575503327], [127.15052579472375, 37.49204052241988], [127.15053107615344, 37.492035208873375], [127.15053623303737, 37.49202981439379], [127.1505412540858, 37.4920243480054], [127.15054615060633, 37.4920188096939], [127.15055092258117, 37.49201319044937], [127.15055555873843, 37.49200750830604], [127.15056005906028, 37.49200175425392], [127.15056441225695, 37.4919959373173], [127.15056864092587, 37.491990048457666], [127.1505727224876, 37.49198410572352], [127.15057666823188, 37.49197810009061], [127.15058046685108, 37.49197203157324], [127.1505841183632, 37.49196590918142], [127.15058763409371, 37.491959741910826], [127.1505910026993, 37.491953511755796], [127.15059421290812, 37.49194723675056], [127.15059728733549, 37.49194091686661], [127.15074949105247, 37.49161834718113], [127.15075713399065, 37.49160079507104], [127.15076362298018, 37.49158295609829], [127.15076895809348, 37.491564866302994], [127.15077311684175, 37.49154658878362], [127.15077608800787, 37.49152816860445], [127.15077786035683, 37.49150964181976], [127.15077843401508, 37.491491071499354], [127.15077779776553, 37.491472502707396], [127.15077597431386, 37.49145398046516], [127.1507729411534, 37.491435558860964], [127.15076873231523, 37.49141729191171], [127.15076334787184, 37.49139921565711], [127.15075679923916, 37.49138138414261], [127.15074910914055, 37.49136385139923], [127.15074028895592, 37.49134665345235], [127.15073037271607, 37.49132984431872], [127.15071937180073, 37.491313460023626], [127.15070734283773, 37.49129754554529], [127.15069428593489, 37.491282154943185], [127.15068025768396, 37.491267315175534], [127.14990994078184, 37.49049475016494], [127.14990287127695, 37.49048783936789], [127.14989559852535, 37.490481072985574], [127.14988811121964, 37.49047445103212], [127.14988043199244, 37.490467982489115], [127.14987253822899, 37.490461667384906], [127.14986446385149, 37.49045550567683], [127.1498561975703, 37.490449506389055], [127.14984775069284, 37.490443669507314], [127.14983911192955, 37.49043800405576], [127.14983031520255, 37.49043250999176], [127.149821337897, 37.49042718734368], [127.14981221395291, 37.49042204507882], [127.14980292075548, 37.49041708322561], [127.14979348093722, 37.490412310765535], [127.14978389448022, 37.49040771868864], [127.1497741727276, 37.49040332500061], [127.14976431566136, 37.49039912069144], [127.14975432328153, 37.4903951057611], [127.14974421823837, 37.49039129820116], [127.14973400051403, 37.49038768900158], [127.14966132399027, 37.49036286751455], [127.14965489698592, 37.49036064109422], [127.14964631948051, 37.49035735419031], [127.14963912215208, 37.4903544079353], [127.14963189047516, 37.49035124548303], [127.1496234699765, 37.49034730065102], [127.14961490166466, 37.49034294154391], [127.1496072269567, 37.49033874349604], [127.14881226933839, 37.48987709198241]]]}}, {"type": "Feature", "properties": {"facility_layer": "UPIS_C_UQ153", "urban_facility": "공공공지", "urban_facility_landuse": "기타", "urban_facility_source": "도시계획 시설정보"}, "geometry": {"type": "Polygon", "coordinates": [[[127.15020651784772, 37.49093696624189], [127.15015102694038, 37.49092871983887], [127.15010734432336, 37.490950660059575], [127.15022641538778, 37.49106631570159], [127.15027002967405, 37.491044114233475], [127.15039058321622, 37.49118295956486], [127.15036188042019, 37.49119789825757], [127.150370309474, 37.491206086732454], [127.15040317044668, 37.49118963812892], [127.15041342721453, 37.49114448513546], [127.15020651784772, 37.49093696624189]]]}}, {"type": "Feature", "properties": {"facility_layer": "UPIS_C_UQ151", "urban_facility": "소로3류", "urban_facility_landuse": "기타", "urban_facility_source": "도시계획 시설정보"}, "geometry": {"type": "Polygon", "coordinates": [[[127.15041733608089, 37.4911483995565], [127.15041342721453, 37.49114448513546], [127.15041052398526, 37.491157291995115], [127.15040317044668, 37.49118963812892], [127.15037965153816, 37.4912014167956], [127.1504170157851, 37.49123768899638], [127.15041719699141, 37.491237832927915], [127.15044621851264, 37.49122395699933], [127.15050241376032, 37.491233725063836], [127.15041733608089, 37.4911483995565]]]}}, {"type": "Feature", "properties": {"facility_layer": "UPIS_C_UQ153", "urban_facility": "공공공지", "urban_facility_landuse": "기타", "urban_facility_source": "도시계획 시설정보"}, "geometry": {"type": "Polygon", "coordinates": [[[127.15042541766894, 37.49199548188135], [127.1504262755461, 37.49199472396077], [127.15042712211557, 37.49199396605444], [127.15042797999264, 37.49199320813385], [127.15042881523661, 37.49199244123178], [127.15042966178814, 37.49199167431544], [127.15043049703205, 37.49199090741335], [127.15043133227593, 37.49199014051126], [127.1504321561943, 37.49198936461345], [127.15043298011267, 37.49198858871564], [127.15043380403101, 37.49198781281782], [127.1504346279493, 37.49198703691999], [127.15043544054208, 37.49198625202644], [127.15043625313484, 37.491985467132885], [127.15043705441995, 37.49198468225359], [127.1504378669948, 37.491983888350035], [127.15043865695439, 37.491983094475], [127.15043945822158, 37.491982300585704], [127.15044024818111, 37.49198150671065], [127.15044103812278, 37.49198070382565], [127.1504418280644, 37.491979900940606], [127.15044260669836, 37.491979098069834], [127.15044338533232, 37.49197829519904], [127.15044415264077, 37.49197748333254], [127.15044491994921, 37.49197667146601], [127.1504456872576, 37.49197585959949], [127.15044645456601, 37.49197504773298], [127.15044721054885, 37.49197422687073], [127.1504479665317, 37.49197340600848], [127.15044871120693, 37.49197258516049], [127.15044946717182, 37.491971755288255], [127.1504502005394, 37.49197093445451], [127.15045094519665, 37.491970104596525], [127.15045167854629, 37.49196927475279], [127.15045241187799, 37.491968435899075], [127.15045313391997, 37.49196760606959], [127.15045385594406, 37.49196676723011], [127.15045457796812, 37.49196592839065], [127.15045528866666, 37.49196508055546], [127.15045599938306, 37.491964241730244], [127.15045671008156, 37.49196339389502], [127.15045740947238, 37.4919625460741], [127.15045810884536, 37.49196168924316], [127.15045880823621, 37.491960841422205], [127.15045949630148, 37.49195998460555], [127.15046018436678, 37.49195912778886], [127.15046087243205, 37.49195827097217], [127.15046154917177, 37.49195740515976], [127.1504622259294, 37.49195654835733], [127.15046289136151, 37.49195568255917], [127.15046355679358, 37.49195481676102], [127.15046422220776, 37.4919539419529], [127.15046487633218, 37.49195307616898], [127.15046553043872, 37.491952201375085], [127.15046618454521, 37.49195132658122], [127.15046682734409, 37.49195045180157], [127.15046747012504, 37.49194956801197], [127.15046811290603, 37.49194868422235], [127.15046874439722, 37.491947809456946], [127.15046937587053, 37.49194692568159], [127.15046999601829, 37.4919460329105], [127.15047061618395, 37.49194514914939], [127.15047123633171, 37.4919442563783], [127.15047184517181, 37.49194336362145], [127.15047245401193, 37.49194247086462], [127.15047306285203, 37.49194157810778], [127.15047366036657, 37.491940676355206], [127.15047425788113, 37.491939774602656], [127.15047484410596, 37.49193888187432], [127.15047543029495, 37.49193797112603], [127.15047601650184, 37.49193706938772], [127.15047659140112, 37.491936167663646], [127.15047716628246, 37.49193525692962], [127.1504777411638, 37.491934346195585], [127.1504783047375, 37.4919334354758], [127.15047886831118, 37.491932524755995], [127.15047942055939, 37.4919316050405], [127.15047997282547, 37.49193069433498], [127.15048052507356, 37.49192977461946], [127.1504810660141, 37.4919288549182], [127.15048160695459, 37.491927935216964], [127.1504821478772, 37.49192700650571], [127.15048267751008, 37.49192608681871], [127.15048320712503, 37.49192515812173], [127.15048372543234, 37.491924229439014], [127.15048424373968, 37.491923300756284], [127.15048476204697, 37.491922372073546], [127.15048526902876, 37.49192143439513], [127.1504857760284, 37.49192050572663], [127.15048627170256, 37.49191956806245], [127.15048676737669, 37.49191863039824], [127.15048726305079, 37.49191769273407], [127.15048774741732, 37.491916755084134], [127.15048823176588, 37.4919158084242], [127.15048870482474, 37.49191487078851], [127.15048917786571, 37.491913924142864], [127.15048965090665, 37.49191297749721], [127.15049011263996, 37.4919120308658], [127.15049057437325, 37.49191108423439], [127.15049103610653, 37.491910137602986], [127.15049148651433, 37.49190918197588], [127.1506436906228, 37.49158661242411], [127.15064490664521, 37.491583997991285], [127.15064608872699, 37.49158137459131], [127.15064723686801, 37.491578742224185], [127.15064833976085, 37.491576100904126], [127.15064942002054, 37.491573450602665], [127.15065046633957, 37.49157079133402], [127.15065147871792, 37.49156812309824], [127.15065244584805, 37.49156544590956], [127.15065339034508, 37.491562759739445], [127.15065428961181, 37.4915600736264], [127.15065516622752, 37.49155736952196], [127.15065599761293, 37.491554665474624], [127.15065679505771, 37.49155195246013], [127.15065755856182, 37.49154923047846], [127.1506582881432, 37.49154650853963], [127.15065898378394, 37.49154377763362], [127.15065964548407, 37.49154103776047], [127.15066027326147, 37.49153829793013], [127.15066085579068, 37.49153554914692], [127.15066140439717, 37.49153280040653], [127.15066193037062, 37.49153004268471], [127.15066241109588, 37.49152727600999], [127.15066285791636, 37.491524518388076], [127.15066325948867, 37.49152175181331], [127.15066363842794, 37.49151897625711], [127.15066397213695, 37.49151620075797], [127.15066427192332, 37.49151342530167], [127.15066453778697, 37.49151064988821], [127.15066476971005, 37.49150786550758], [127.15066496771041, 37.49150508116976], [127.15066512049853, 37.491502305899054], [127.15066523932812, 37.491499512651174], [127.15066533556055, 37.49149672844184], [127.15066537525516, 37.491493944303855], [127.15066539233472, 37.49149116019444], [127.15066537547371, 37.49148836711786], [127.15066531340042, 37.49148558310837], [127.15066521740448, 37.49148279914168], [127.15066508748593, 37.49148001521782], [127.15066492364471, 37.49147723133678], [127.15066471457335, 37.491474447512836], [127.15066448288688, 37.49147166371745], [127.15066420598818, 37.491468888989125], [127.15066389516687, 37.491466114303606], [127.1506635504229, 37.49146333966091], [127.15066317175636, 37.49146056506105], [127.15066274787759, 37.49145779952823], [127.15066230140165, 37.491455043033945], [127.15066180967767, 37.491452277586774], [127.150661284049, 37.49144952119241], [127.15066072451567, 37.491446773850804], [127.1506601197522, 37.49144402656631], [127.15065949239161, 37.49144128832031], [127.15065883110844, 37.491438550117145], [127.15065812461307, 37.491435820981046], [127.15065738421305, 37.49143310089773], [127.15065660989045, 37.491430380857224], [127.1506558016632, 37.4914276698695], [127.15065495951339, 37.49142495892459], [127.15065408347685, 37.49142226604243], [127.15065317351777, 37.49141957320308], [127.1506522183465, 37.49141688943079], [127.15065124057813, 37.491414214697], [127.1506502175976, 37.49141154903027], [127.15064917202, 37.491408892402056], [127.15064808123022, 37.49140624484088], [127.15064696784334, 37.49140360631821], [127.15064580924434, 37.491400976862586], [127.1506446167407, 37.49139835645975], [127.15064340164, 37.4913957450954], [127.15064214132713, 37.49139314279809], [127.15064085841725, 37.4913905495393], [127.1506395303131, 37.491387974357515], [127.150638179594, 37.491385399204255], [127.15063678368065, 37.491382842128004], [127.15063536517025, 37.491380294090256], [127.15063391277317, 37.49137776411524], [127.15063242647153, 37.49137524319298], [127.15063090626526, 37.4913727313235], [127.15062935217233, 37.49137023751675], [127.15062776417484, 37.491367752762756], [127.15062614227276, 37.49136527706151], [127.15062449779154, 37.49136281940874], [127.1506228194237, 37.49136037981874], [127.15062110715125, 37.49135794928141], [127.15061936099215, 37.49135553680684], [127.15061758092847, 37.49135313338503], [127.15061577828567, 37.49135074801167], [127.15061394173833, 37.49134837169107], [127.15061208261183, 37.49134601341891], [127.15061017829119, 37.491343673223724], [127.15060825139142, 37.49134135107701], [127.15060629058709, 37.491339037983025], [127.15060430720365, 37.49133674293751], [127.15060228993353, 37.49133446595467], [127.15060023877679, 37.49133220703455], [127.15059816504095, 37.49132996616288], [127.150596068726, 37.49132774333965], [127.15059392719897, 37.491325529583406], [127.15059177441825, 37.49132334287133], [127.15050241377824, 37.49123373407378], [127.15044621851264, 37.49122395699933], [127.15041719699141, 37.491237832927915], [127.1506130048109, 37.49140037855454], [127.15064651919384, 37.49142819515594], [127.15057183962709, 37.49147720464676], [127.15031063100228, 37.492022638453896], [127.15035736266574, 37.49205537596368], [127.15036589954492, 37.492049472673905], [127.15037406882121, 37.49204066862914], [127.15042541766894, 37.49199548188135]]]}}, {"type": "Feature", "properties": {"facility_layer": "UPIS_C_UQ151", "urban_facility": "중로1류", "urban_facility_landuse": "기타", "urban_facility_source": "도시계획 시설정보"}, "geometry": {"type": "Polygon", "coordinates": [[[127.15219373685656, 37.49288772487035], [127.15195045322571, 37.49282741566757], [127.1518511328264, 37.49280276461215], [127.1518374433027, 37.49279921407387], [127.151591925859, 37.49273552822682], [127.15144569184083, 37.49271190048085], [127.1514136797747, 37.49270634589511], [127.15128628710679, 37.49264999678758], [127.15105916917764, 37.49267749464734], [127.15093388924014, 37.49268251854568], [127.15069768887716, 37.49269191711411], [127.1504706471796, 37.492701033364284], [127.15024371832412, 37.492710058936254], [127.15001667651359, 37.49271917431425], [127.14978963446835, 37.49272819915637], [127.1496383485179, 37.49273424541414], [127.14463459791197, 37.49293764135565], [127.14474563698647, 37.49311347192732], [127.14487046559542, 37.49310836503794], [127.14505126363643, 37.49310102763618], [127.1452923276923, 37.493091274036765], [127.1455335045888, 37.49308142970806], [127.14577445543786, 37.493071675262996], [127.1459665602191, 37.49306387215509], [127.14605691393777, 37.49306022072558], [127.14737749503716, 37.493006817345446], [127.1474250631333, 37.49300483948194], [127.14751540518799, 37.49300107883165], [127.1477869288385, 37.4929897958504], [127.14925028217979, 37.49298359625903], [127.14936351756623, 37.49298311223395], [127.14954461051738, 37.492982344880915], [127.14962369097529, 37.492979146337234], [127.14971413486681, 37.49297549199799], [127.15107560877667, 37.492920419236334], [127.15115265386474, 37.49291730333576], [127.15149998985147, 37.49290324882274], [127.15150212685634, 37.492903165019975], [127.1515389968549, 37.49291211918956], [127.15154497075991, 37.492913814492105], [127.15155024412446, 37.49291578098366], [127.15155073071875, 37.49291596056556], [127.15170083159812, 37.492978704644685], [127.15170658024056, 37.49298084171491], [127.15171256548062, 37.49298254600453], [127.15197719523601, 37.493046828948856], [127.15201626376039, 37.49313138299942], [127.15207927821498, 37.49304486086444], [127.15219373685656, 37.49288772487035]]]}}, {"type": "Feature", "properties": {"facility_layer": "UPIS_C_UQ153", "urban_facility": "연결녹지", "urban_facility_landuse": "공원/녹지", "urban_facility_source": "도시계획 시설정보"}, "geometry": {"type": "Polygon", "coordinates": [[[127.1477108667566, 37.493056446796714], [127.14771371636681, 37.49310868319809], [127.14771571769477, 37.49313180936822], [127.14771872527788, 37.49315486221309], [127.1477227164663, 37.49317782374069], [127.14772769119067, 37.493200657911046], [127.14773364941675, 37.49322334670409], [127.1477405797673, 37.49324585409379], [127.14774847091782, 37.493268171084], [127.1477573227636, 37.493290243614744], [127.14780476174778, 37.49331474612049], [127.14783071120472, 37.49331368684852], [127.14782206187796, 37.49316935750876], [127.14791240437366, 37.493165731704174], [127.14790277942348, 37.49298509331178], [127.14778695145405, 37.4929897958224], [127.1477108667566, 37.493056446796714]]]}}, {"type": "Feature", "properties": {"facility_layer": "UPIS_C_UQ151", "urban_facility": "소로2류", "urban_facility_landuse": "기타", "urban_facility_source": "도시계획 시설정보"}, "geometry": {"type": "Polygon", "coordinates": [[[127.14606968750518, 37.493668244318684], [127.1461715456622, 37.493596084779085], [127.14620195625132, 37.49357453168469], [127.14620178196908, 37.49348417971429], [127.1462406631946, 37.49345147087771], [127.14601592364193, 37.493459647719526], [127.14608204918301, 37.49351680729611], [127.14611143081389, 37.493542215553894], [127.1460090080593, 37.49361478118239], [127.14600494295281, 37.4936177594507], [127.14595785661712, 37.49365286588782], [127.14590727017026, 37.493690769680626], [127.14590501171546, 37.49369239423896], [127.14581998538016, 37.493755928450355], [127.14574999489055, 37.49375880701217], [127.14561928550312, 37.49376410220381], [127.14550191837586, 37.493768840392015], [127.14542480440548, 37.493771997742044], [127.1453777155175, 37.49374700731642], [127.14544099184035, 37.49388699054661], [127.14547856088302, 37.49384197591475], [127.14550656842283, 37.49384082454547], [127.14562386783228, 37.493836095445204], [127.14575459996064, 37.49383080022071], [127.14585772012799, 37.493826556717416], [127.14596627836258, 37.49374544225049], [127.14596858197979, 37.493743781595825], [127.14601975559077, 37.49370543556947], [127.14606713551852, 37.49367011250899], [127.14606968750518, 37.493668244318684]]]}}, {"type": "Feature", "properties": {"facility_layer": "UPIS_C_UQ151", "urban_facility": "대로3류", "urban_facility_landuse": "기타", "urban_facility_source": "도시계획 시설정보"}, "geometry": {"type": "Polygon", "coordinates": [[[127.14951909094424, 37.49597488238909], [127.14957907829752, 37.49593329821925], [127.14962934323319, 37.49589882607698], [127.14971307163796, 37.495842696984944], [127.1497779288718, 37.4957992145075], [127.14991829446915, 37.49572318320042], [127.15006168443477, 37.49560989162793], [127.15044453295995, 37.49527294970172], [127.15055579556912, 37.49518277259379], [127.15057354245707, 37.49516792877564], [127.15057515675838, 37.49516653920089], [127.15057670312153, 37.49516510466189], [127.15057819285454, 37.49516362514439], [127.15057960334128, 37.495162100676936], [127.15058095721578, 37.49516054024092], [127.15058223186192, 37.495158943864915], [127.15066977999031, 37.49504550574869], [127.15090653487778, 37.49482821007438], [127.15096479405176, 37.49477142752973], [127.15117005884443, 37.494618736723666], [127.15129630010254, 37.494498915094056], [127.1513703592079, 37.49442674127491], [127.15138864023987, 37.49440774305049], [127.15140619670524, 37.49438832227297], [127.15142302862225, 37.49436848795263], [127.1514242126651, 37.494366837622366], [127.151425328788, 37.494365151338314], [127.15142636570091, 37.494363438124815], [127.15149506190892, 37.49424469839892], [127.15161657681757, 37.494080436144515], [127.152033150491, 37.49356172366393], [127.15212595574661, 37.49348357888416], [127.1521531504317, 37.49346067686002], [127.15215458401299, 37.493459422643625], [127.15215597230855, 37.49345814145496], [127.15215731528217, 37.49345681527412], [127.15215860166226, 37.49345546213546], [127.15215983144878, 37.49345408203899], [127.1521610046237, 37.49345266597471], [127.15232417582762, 37.49324948976375], [127.15248805505335, 37.493218745612104], [127.15197721786963, 37.49304683793001], [127.15201628637598, 37.4931313829706], [127.15189401480606, 37.49328364531674], [127.15189279670454, 37.493285214605415], [127.15189164652215, 37.4932868198476], [127.15189057556668, 37.49328846102891], [127.15188956118642, 37.49329012015816], [127.15188862603313, 37.493291815226534], [127.15188777007062, 37.49329352821409], [127.15183094870798, 37.493412316148856], [127.15122551488327, 37.494166184839735], [127.15105649385217, 37.494290646639215], [127.1509984833928, 37.49434717663903], [127.15089339710573, 37.494448897171644], [127.15084516065644, 37.49449613444868], [127.1506948268371, 37.494692688049795], [127.15054601276056, 37.49482927806714], [127.15041506357669, 37.49490821749854], [127.15041343721862, 37.49490922866687], [127.15041184485624, 37.49491027583227], [127.15041029781554, 37.494911367990476], [127.15040879607855, 37.494912496131526], [127.1504073283373, 37.49491366026966], [127.15040591718997, 37.49491485136641], [127.15027902679181, 37.49502203184264], [127.15014796822324, 37.495125973829204], [127.14980054471579, 37.49540996370241], [127.14974527662353, 37.49545317287476], [127.14963463861694, 37.49553966334869], [127.14963306927363, 37.49554092671434], [127.14963155656007, 37.49554223505889], [127.1496301004762, 37.4955435883824], [127.14962868967834, 37.495544968679056], [127.14962734680056, 37.49554638493048], [127.14962606055246, 37.495547846160854], [127.14953263338397, 37.49565727240732], [127.14947090660897, 37.49570552612388], [127.14915529944517, 37.49593789205576], [127.14898192346132, 37.49604822863982], [127.14897818527083, 37.49605069303192], [127.14897457166553, 37.496053256378275], [127.14832112552533, 37.496533797839106], [127.1483198947359, 37.49653472739697], [127.14831869790672, 37.49653567493262], [127.148317523747, 37.49653664947001], [127.14816457387607, 37.49666732203016], [127.14746356542919, 37.497182822415446], [127.14714426008541, 37.49740978150505], [127.14714061232165, 37.49741229077701], [127.14713686257173, 37.497414692054754], [127.14713302217905, 37.49741700334425], [127.14712909110867, 37.497419206625594], [127.1471250580696, 37.49742131092263], [127.14712095696973, 37.4974233071836], [127.14699673312876, 37.497481466495806], [127.14699260942277, 37.49748347179013], [127.14698856508541, 37.497485585106396], [127.14698461140776, 37.497487797420725], [127.14698075971566, 37.497490117729164], [127.14697699868319, 37.49749253703566], [127.14697333960136, 37.49749504631637], [127.14673076721516, 37.4976674624475], [127.14662113373763, 37.497645387541034], [127.14674320833153, 37.497960361727415], [127.14693585496902, 37.49782902048775], [127.14693987520683, 37.49782613234444], [127.14700915647897, 37.497776347974465], [127.14714480525228, 37.49767889103953], [127.14721332966961, 37.49762966610074], [127.14728738740635, 37.497576451881734], [127.14735568576508, 37.497527380308334], [127.14754777746448, 37.49739093008689], [127.14787485985303, 37.49717461007484], [127.14834862315294, 37.49682620977214], [127.14853265399032, 37.4967099232912], [127.14867051844233, 37.496642888553595], [127.14867286824087, 37.496641696308714], [127.14867517269992, 37.49664045006036], [127.14867743180186, 37.49663914079855], [127.14867963423835, 37.49663776853738], [127.1486817687187, 37.49663634230091], [127.14868384655125, 37.49663486207506], [127.14894597975595, 37.49644209998465], [127.14919216455543, 37.49622516543115], [127.14941346241027, 37.496079052976384], [127.14951909094424, 37.49597488238909]]]}}, {"type": "Feature", "properties": {"facility_layer": "UPIS_C_UQ151", "urban_facility": "소로1류", "urban_facility_landuse": "기타", "urban_facility_source": "도시계획 시설정보"}, "geometry": {"type": "Polygon", "coordinates": [[[127.14374853510951, 37.49703094899307], [127.14393348692833, 37.49690136081657], [127.14404462952479, 37.49682594835793], [127.14412716734793, 37.496771338342995], [127.1441444361212, 37.496759910854855], [127.14490342194587, 37.49621073449095], [127.14541635026036, 37.49584890049324], [127.14538061072805, 37.49574580669714], [127.14529532192873, 37.49580364651885], [127.14494522741217, 37.49605040509545], [127.14481922799177, 37.49614959576554], [127.14479258777436, 37.496168449937464], [127.14453830243478, 37.49634847122899], [127.14442147554934, 37.49643118011172], [127.14434541476528, 37.49648409763741], [127.14418586122399, 37.49660073547885], [127.14414622402874, 37.49662971440226], [127.14386333415929, 37.49683223966305], [127.14367834542388, 37.496960223998194], [127.14364841732491, 37.49698089287335], [127.14360064560377, 37.497014062031276], [127.143384678278, 37.497163896329454], [127.14329025057492, 37.49724045940497], [127.1433595287189, 37.49730760875752], [127.143465891918, 37.497227751653014], [127.14363308747441, 37.49710851072616], [127.14374853510951, 37.49703094899307]]]}}, {"type": "Feature", "properties": {"facility_layer": "UPIS_C_UQ151", "urban_facility": "대로2류", "urban_facility_landuse": "기타", "urban_facility_source": "도시계획 시설정보"}, "geometry": {"type": "MultiPolygon", "coordinates": [[[[127.15049880482646, 37.5042177375575], [127.15053345730702, 37.50421782900145], [127.15056903725892, 37.50424072350801], [127.15060672768192, 37.50430120494951], [127.15086779112893, 37.50409415936969], [127.15087885629714, 37.50408427705171], [127.15093697709099, 37.504032358559535], [127.15099487560641, 37.50398063514709], [127.1509374886562, 37.50393953216451], [127.15087867228253, 37.50397565544759], [127.1507013106392, 37.503807456112234], [127.15066928609237, 37.50377524084153], [127.15069598629186, 37.503751817235134], [127.15071213056667, 37.50373764217791], [127.15068094616639, 37.50370704764431], [127.15053761624095, 37.503567636998305], [127.15039847716109, 37.50342547285093], [127.14995744610675, 37.503014533263205], [127.14980750022785, 37.50287948184371], [127.14969029152162, 37.502811225175115], [127.14963291014821, 37.502760679087494], [127.1484127793345, 37.50149294005569], [127.14822349707849, 37.5012144155466], [127.14819672179344, 37.50117048009875], [127.14816744234822, 37.5011182585728], [127.1476522810328, 37.49999769509554], [127.14762184100005, 37.49992979749288], [127.14737616074939, 37.499379771440175], [127.14735344409621, 37.499328802990085], [127.14662683918472, 37.4976601569072], [127.14662111110324, 37.497645378558836], [127.14650298844707, 37.49738525216435], [127.14647380974569, 37.497319415972385], [127.14645801935906, 37.49729405421897], [127.14639048324425, 37.497205190486184], [127.14637761759734, 37.49718351021877], [127.14570842083312, 37.495673201033945], [127.1456373174276, 37.495515667074095], [127.14556830399972, 37.49536280670233], [127.1454995979891, 37.49521089196011], [127.1454586012321, 37.49512003113682], [127.14538978189539, 37.49496775606261], [127.14535650754476, 37.49489391467374], [127.14526792836207, 37.49469769483309], [127.14521023843244, 37.49456982317073], [127.1451524354476, 37.4944418615148], [127.14509463266062, 37.4943138998274], [127.14503694332346, 37.49418602807084], [127.14497914093188, 37.494058066320534], [127.14492145181732, 37.49393010440152], [127.14486364999343, 37.493802232688], [127.14480596144601, 37.4936743608059], [127.14473260218601, 37.49351190952573], [127.14470057867099, 37.49344103971337], [127.14463176259518, 37.49328885424743], [127.14462040646922, 37.493263549928244], [127.144628168526, 37.49325425122565], [127.14472396423216, 37.49313943796356], [127.14474563698647, 37.49311347192732], [127.14405982598485, 37.49337975369426], [127.14433276507864, 37.49345164816763], [127.14434644316421, 37.49345525364906], [127.14439073049691, 37.49355322879928], [127.14445579944467, 37.49369740004107], [127.14451780245356, 37.49383472736176], [127.14454925867955, 37.49390460680677], [127.14460467558378, 37.494027345866485], [127.14467610446717, 37.49418547475571], [127.1447477268519, 37.49434410792204], [127.14491168760901, 37.49473168094161], [127.14501041673891, 37.49492589751434], [127.14506492666453, 37.49504662820971], [127.1451010396021, 37.49512662005108], [127.14519223075742, 37.49532859420824], [127.14524425421894, 37.49544381372343], [127.14525512223697, 37.49546786617836], [127.14526418466734, 37.49548795643457], [127.14529785637744, 37.495562527167216], [127.14533644548328, 37.49564798497795], [127.14538061072805, 37.49574580669714], [127.14538893501289, 37.495764240003986], [127.14541635026036, 37.49584890049324], [127.14551937829428, 37.49608970200582], [127.14553107855384, 37.496117168203035], [127.1456018469171, 37.496282595366935], [127.1456254742508, 37.49633779776476], [127.1457644004657, 37.49666306891526], [127.1457785163742, 37.49669406405009], [127.14585263935135, 37.49685685603459], [127.14588115292568, 37.49691826929576], [127.14593447678523, 37.49703819910717], [127.1459420342323, 37.49705172286627], [127.14597879547806, 37.49713265966628], [127.14598051045749, 37.49713650483279], [127.14604422236249, 37.49727745119138], [127.14604543750335, 37.49728011666032], [127.14607768588739, 37.49734879635792], [127.1460882975365, 37.49736863236884], [127.1461354325825, 37.49746903600681], [127.14614591497686, 37.49749806235441], [127.14624254812153, 37.49771013815429], [127.14625834300413, 37.497743680994574], [127.14629248243838, 37.49775488362388], [127.14635008348229, 37.49789305320507], [127.14635608571203, 37.49789170335908], [127.14653815896897, 37.49830986758902], [127.14654542784024, 37.49832608564555], [127.14665162323546, 37.49856372868095], [127.14671568173051, 37.498707178990365], [127.14677826387076, 37.49884728837323], [127.14693068805273, 37.499188489075145], [127.1469621500098, 37.49925899850182], [127.14704608656541, 37.4994470325574], [127.1471099195068, 37.499590023398994], [127.14717329808313, 37.499731852475065], [127.14723667689996, 37.49987368151322], [127.14730221428742, 37.50002047234923], [127.14733265405063, 37.500088361023764], [127.14741182151388, 37.500265489591875], [127.14747838194918, 37.50041462165109], [127.14754505589713, 37.5005638346183], [127.1476154783871, 37.500721422188896], [127.14771815967907, 37.500951310916705], [127.14772122627805, 37.500958064605776], [127.14776358661226, 37.501049202169774], [127.14776756075037, 37.501057396330665], [127.14781739881809, 37.50115553437969], [127.14787074073867, 37.50125260488788], [127.14792747301092, 37.50134839175169], [127.14794471693651, 37.50137612111269], [127.14798770878812, 37.50144292185593], [127.14800971136204, 37.50147515029601], [127.14805122152946, 37.501536006266775], [127.14811789799408, 37.50162756402973], [127.14817957461926, 37.501706856371094], [127.1481879645123, 37.501717666938305], [127.14826108148408, 37.50180614421879], [127.14833747490367, 37.50189289647496], [127.14835832761611, 37.50191530540118], [127.14841499503603, 37.50197741280498], [127.1484774079566, 37.50204546862864], [127.14936789682172, 37.502942679195634], [127.14947976434004, 37.50309533030247], [127.14952081150882, 37.503138283497236], [127.14959492249844, 37.50325328404973], [127.14973108803326, 37.50339679536621], [127.14987028000125, 37.50354349225234], [127.15000448599847, 37.50368495143229], [127.15001120552743, 37.50369153828744], [127.15001684943421, 37.503697504806084], [127.15002223354708, 37.50370363383055], [127.15002735781252, 37.50370989833106], [127.15003219961164, 37.50371629833605], [127.15003677025385, 37.50372283383134], [127.15004105837615, 37.50372947780134], [127.15004506401417, 37.50373624826598], [127.15004876447766, 37.50374310921389], [127.15005217111165, 37.50375007865083], [127.15005528386254, 37.503757129546955], [127.15005809143871, 37.503764270926425], [127.15006058247712, 37.50377147577364], [127.15006276828707, 37.50377874407443], [127.15006463755911, 37.503786075843024], [127.15006619023957, 37.50379344404957], [127.15006742634623, 37.503800857704036], [127.15006834584328, 37.503808298786524], [127.15006894871279, 37.503815758287075], [127.15006922364523, 37.503823236219944], [127.15006918191426, 37.503830714551015], [127.15006882350194, 37.50383818427029], [127.15006813708081, 37.50384563638209], [127.15006713396029, 37.50385307087214], [127.15006581410455, 37.50386046972058], [127.15006416620412, 37.503867832941566], [127.1500622128598, 37.503875151496715], [127.15005994272644, 37.50388240738036], [127.15005736709556, 37.503889591568274], [127.15005448596702, 37.50389670406044], [127.15005129932294, 37.50390373584689], [127.15003248374983, 37.503928266632], [127.14985450075375, 37.504005201169505], [127.15000176507145, 37.504326915494445], [127.15012905681654, 37.50432280906407], [127.15049880482646, 37.5042177375575]]], [[[127.14291572752354, 37.489125131577424], [127.14259032976682, 37.48919807806115], [127.14290666355654, 37.48990140771812], [127.14292429796555, 37.48994072425767], [127.1430384155162, 37.4901944893108], [127.14310371273321, 37.490342715608975], [127.14336772151627, 37.49093057141869], [127.14348392992504, 37.49119414536964], [127.14351701974218, 37.49127987173947], [127.14364442515387, 37.4916098447214], [127.14371830832475, 37.491824229704335], [127.14373919535858, 37.491884841817736], [127.14377095233267, 37.4919769848253], [127.14384367648918, 37.49218801939403], [127.14385595639541, 37.49222364813148], [127.1438811684675, 37.4922870390925], [127.14396989478843, 37.492504613563064], [127.14406066780558, 37.492727861784076], [127.14411747559424, 37.492869340202844], [127.14407885796332, 37.4929577748241], [127.14438695332223, 37.492793141504414], [127.1443974136743, 37.492787551669885], [127.14443208196198, 37.49276903925606], [127.14440369683628, 37.49271423877808], [127.1443474803679, 37.49257472395697], [127.14425806682986, 37.49235316818717], [127.14419331810103, 37.49219818442427], [127.1442081104006, 37.49219321106413], [127.1441767487553, 37.49210711340584], [127.14412290402923, 37.49197752461116], [127.1439697460767, 37.491533156302054], [127.14380645370751, 37.491110153651384], [127.14368777997552, 37.4908409877745], [127.14350507048076, 37.490433054710365], [127.14345590182384, 37.490323372043534], [127.14332384757978, 37.490032868146045], [127.14327524771198, 37.48992471641281], [127.14326457395715, 37.48990097886863], [127.14291572752354, 37.489125131577424]]]]}}, {"type": "Feature", "properties": {"facility_layer": "UPIS_C_UQ151", "urban_facility": "중로2류", "urban_facility_landuse": "기타", "urban_facility_source": "도시계획 시설정보"}, "geometry": {"type": "Polygon", "coordinates": [[[127.14807914716629, 37.497024376617205], [127.1483467599732, 37.496827590615446], [127.14839743299909, 37.49679302839452], [127.14847816153517, 37.4967977933941], [127.14894779244635, 37.49723192202187], [127.14902637025439, 37.49717785413134], [127.14899470556962, 37.49710255217151], [127.14898341474012, 37.49708274429907], [127.1489783310594, 37.497073839769584], [127.14889390528691, 37.49694870632765], [127.14885316522701, 37.49687596547317], [127.1488242023339, 37.49689216550223], [127.14869260409277, 37.4967756502057], [127.14860223586665, 37.49667609428929], [127.14858031815076, 37.49665194778348], [127.14824601733017, 37.49688152340743], [127.14817391302708, 37.49693254638126], [127.14806333206963, 37.49700976402009], [127.14807914716629, 37.497024376617205]]]}}, {"type": "Feature", "properties": {"facility_layer": "UPIS_C_UQ155", "urban_facility": "공공청사", "urban_facility_landuse": "업무시설", "urban_facility_source": "도시계획 시설정보"}, "geometry": {"type": "Polygon", "coordinates": [[[127.1483066427906, 37.4972345674209], [127.14842908606403, 37.49734769775862], [127.14879822687396, 37.49709367015759], [127.14847816153517, 37.4967977933941], [127.14839743299909, 37.49679302839452], [127.1483467599732, 37.496827590615446], [127.14807915847469, 37.497024376603164], [127.14823207583159, 37.497165670593134], [127.14830388985482, 37.49723202101569], [127.1483066427906, 37.4972345674209]]]}}, {"type": "Feature", "properties": {"facility_layer": "UPIS_C_UQ151", "urban_facility": "소로1류", "urban_facility_landuse": "기타", "urban_facility_source": "도시계획 시설정보"}, "geometry": {"type": "MultiPolygon", "coordinates": [[[[127.14979151786721, 37.497067280844256], [127.14959845208394, 37.497091633710944], [127.14945855154438, 37.49711251392512], [127.14942902667929, 37.49711897501216], [127.14925137434716, 37.49711478240224], [127.14924178677066, 37.49709855839856], [127.14913485157297, 37.49717185313548], [127.14945790404681, 37.49717982833026], [127.14953989195645, 37.497169256033025], [127.14958886558091, 37.49716190558575], [127.149732009887, 37.49714583247973], [127.14981167080855, 37.49713658738088], [127.149851720774, 37.49712859930653], [127.14979151786721, 37.497067280844256]]], [[[127.1483066427906, 37.4972345674209], [127.14823207583159, 37.497165670593134], [127.14806613586848, 37.49720617820915], [127.14787989845246, 37.49724160207823], [127.14786820769966, 37.497231128938864], [127.14788883651285, 37.49719170272025], [127.14787485983545, 37.49717460106488], [127.1475477661385, 37.49739092109092], [127.14773551867621, 37.49735511745135], [127.14774603792262, 37.49735053636973], [127.14787103117008, 37.49732198212477], [127.14794929733269, 37.497304775183146], [127.14806694800222, 37.497274562984245], [127.14827788976466, 37.4972425679686], [127.1483066427906, 37.4972345674209]]]]}}, {"type": "Feature", "properties": {"facility_layer": "UPIS_C_UQ155", "urban_facility": "파출소", "urban_facility_landuse": "업무시설", "urban_facility_source": "도시계획 시설정보"}, "geometry": {"type": "Polygon", "coordinates": [[[127.14806880302126, 37.497413674841674], [127.14811820923097, 37.49745969961396], [127.1481811424499, 37.49751831254106], [127.14842908606403, 37.49734769775862], [127.1483066427906, 37.4972345674209], [127.14827788976466, 37.4972425679686], [127.14806694800222, 37.497274562984245], [127.14794942165506, 37.49730473898913], [127.14806880302126, 37.497413674841674]]]}}, {"type": "Feature", "properties": {"facility_layer": "UPIS_C_UQ151", "urban_facility": "소로3류", "urban_facility_landuse": "기타", "urban_facility_source": "도시계획 시설정보"}, "geometry": {"type": "Polygon", "coordinates": [[[127.14811820923097, 37.49745969961396], [127.14806880302126, 37.497413674841674], [127.14794942165506, 37.49730473898913], [127.14787103117008, 37.49732198212477], [127.14799063719383, 37.497430187969], [127.14817870212406, 37.49760045058479], [127.1482516830895, 37.497667718603545], [127.14832322879795, 37.49774116920867], [127.14837691015454, 37.497700647663855], [127.14829245123414, 37.497621987343635], [127.14825505369926, 37.497587147141076], [127.14811820923097, 37.49745969961396]]]}}, {"type": "Feature", "properties": {"facility_layer": "UPIS_C_UQ151", "urban_facility": "소로3류", "urban_facility_landuse": "기타", "urban_facility_source": "도시계획 시설정보"}, "geometry": {"type": "MultiPolygon", "coordinates": [[[[127.14954172035512, 37.49688670062222], [127.14957112435927, 37.49688780804563], [127.14949089035547, 37.496818540691315], [127.1494890977975, 37.49683277871278], [127.1493488602766, 37.496929162893316], [127.14919686415183, 37.49703256236317], [127.14919740828876, 37.49704472516234], [127.14919230530982, 37.49706049000425], [127.14915373650646, 37.49706262852424], [127.1489783310594, 37.497073839769584], [127.14899326438932, 37.49710000414488], [127.14899469415491, 37.49710249812586], [127.14902637025439, 37.49717785413134], [127.14913476121211, 37.4971719073083], [127.14924178677066, 37.49709855839856], [127.1493592692743, 37.4970121498481], [127.14954172035512, 37.49688670062222]]], [[[127.14757018235599, 37.498286620905745], [127.14759930845644, 37.49826670887249], [127.14768789206255, 37.498204601612464], [127.14777921724489, 37.498139283337395], [127.14780914374182, 37.498123938322586], [127.14790628431781, 37.498048566615985], [127.14802337335564, 37.49796759291288], [127.14807018575867, 37.497930305600704], [127.14816867037132, 37.497854337350155], [127.14819310858148, 37.49784300849272], [127.1482486905179, 37.49779701558707], [127.14826954738336, 37.497781690728935], [127.14832322879795, 37.49774116920867], [127.1482516830895, 37.497667718603545], [127.14824631170848, 37.49770826119192], [127.14814817725912, 37.497778102285366], [127.14809927638562, 37.49781716718731], [127.14804788581083, 37.49785532514847], [127.14792767649223, 37.49794243854291], [127.14788037102673, 37.4979762845958], [127.14788103354861, 37.49798547395808], [127.14776943301668, 37.4980569171734], [127.14768839096197, 37.49811244688758], [127.14761177315897, 37.498163565193025], [127.14753673562615, 37.49821323088802], [127.1475127369368, 37.498229703766306], [127.14743894095382, 37.49827820557667], [127.14739128289509, 37.498311231959214], [127.14733395264571, 37.49830767171007], [127.14742103289257, 37.49839690718907], [127.14744904152376, 37.49837802371124], [127.14757018235599, 37.498286620905745]]]]}}, {"type": "Feature", "properties": {"facility_layer": "UPIS_C_UQ151", "urban_facility": "소로2류", "urban_facility_landuse": "기타", "urban_facility_source": "도시계획 시설정보"}, "geometry": {"type": "Polygon", "coordinates": [[[127.14378941767072, 37.4975807701333], [127.14369362837553, 37.49749392107766], [127.14353596092383, 37.49734818500231], [127.14345949926145, 37.49727973793689], [127.143465891918, 37.497227751653014], [127.1433595287189, 37.49730760875752], [127.14338648095199, 37.49733373238162], [127.14346057402241, 37.49739947934402], [127.14355699855577, 37.497487571204495], [127.1436407698308, 37.49756410938704], [127.14372770179291, 37.497643517889514], [127.14380845650251, 37.497715392410086], [127.14385905448417, 37.49776499449151], [127.1439647768056, 37.49785968813846], [127.14406474780053, 37.497944829035745], [127.1441262986256, 37.49800344578826], [127.1442069552367, 37.49807090525785], [127.1442654577586, 37.49812610182428], [127.14431955136591, 37.4981820064692], [127.14439409708308, 37.4982529780785], [127.14441916614877, 37.498275616876114], [127.14446784481434, 37.498320526811696], [127.14457637829165, 37.498429731582256], [127.14465500142053, 37.498497823901495], [127.14472885386132, 37.49857258032794], [127.1448301859488, 37.49865889021346], [127.1448375764048, 37.49867973034799], [127.1449241282433, 37.49876008446217], [127.14506936347165, 37.49889487761364], [127.14513610694257, 37.49884740398839], [127.14518881460953, 37.49881087650356], [127.14510073794018, 37.49881435331436], [127.14491258719056, 37.49863855380559], [127.14489889525422, 37.498610468287474], [127.14487477180856, 37.498585711099764], [127.14477042307603, 37.49848306080022], [127.14470830688727, 37.49842494963313], [127.14465961702817, 37.498380211000814], [127.14454185972349, 37.498279054377846], [127.1444585035498, 37.49820167841429], [127.14443878151296, 37.49818395260729], [127.14443150895109, 37.49817742015701], [127.14432355192855, 37.498067764052216], [127.14421782371777, 37.497970367742305], [127.1441279202129, 37.49789280122938], [127.14402502375495, 37.49779757273148], [127.14393691443068, 37.497723707009875], [127.14387298473835, 37.49766274141613], [127.14378941767072, 37.4975807701333]]]}}, {"type": "Feature", "properties": {"facility_layer": "UPIS_C_UQ151", "urban_facility": "소로1류", "urban_facility_landuse": "기타", "urban_facility_source": "도시계획 시설정보"}, "geometry": {"type": "Polygon", "coordinates": [[[127.14721557370328, 37.49819684179919], [127.14715447634369, 37.498140127207726], [127.14708365950342, 37.498074747946184], [127.14707625058261, 37.49806799057721], [127.14703454657204, 37.498086503408004], [127.14697684410584, 37.49811249618898], [127.14705455885212, 37.49818356132632], [127.14712797122316, 37.498251919709446], [127.14724466215026, 37.4983612110822], [127.14734060955765, 37.49845108440047], [127.14742102156643, 37.498396898193064], [127.14733394133711, 37.49830767172402], [127.14728582481992, 37.49826195137864], [127.14721557370328, 37.49819684179919]]]}}, {"type": "Feature", "properties": {"facility_layer": "UPIS_C_UQ153", "urban_facility": "교차점광장", "urban_facility_landuse": "공원/녹지", "urban_facility_source": "도시계획 시설정보"}, "geometry": {"type": "Polygon", "coordinates": [[[127.15197721786963, 37.49304683793001], [127.15171257678841, 37.492982545990166], [127.15171056297629, 37.49298203498074], [127.1517085716535, 37.49298146087278], [127.15170660287414, 37.49298085069615], [127.1517046566021, 37.49298018643092], [127.15170273283742, 37.49297946807712], [127.1517008542317, 37.49297871362593], [127.15164336248742, 37.492954675957755], [127.15163323107208, 37.49310176791786], [127.15174344222238, 37.49324548134027], [127.15188243250601, 37.49330468036515], [127.15188777007062, 37.49329352821409], [127.15188862603313, 37.493291815226534], [127.15188956118642, 37.49329012015816], [127.15189057556668, 37.49328846102891], [127.15189164652215, 37.4932868198476], [127.15189279670454, 37.493285214605415], [127.15189401480606, 37.49328364531674], [127.15201628637598, 37.4931313829706], [127.15197721786963, 37.49304683793001]]]}}, {"type": "Feature", "properties": {"facility_layer": "UPIS_C_UQ152", "urban_facility": "도시철도 (101정거장)", "urban_facility_landuse": "도로/교통시설", "urban_facility_source": "도시계획 시설정보"}, "geometry": {"type": "Polygon", "coordinates": [[[127.15147498148761, 37.49411024079402], [127.15176292117496, 37.49375133146268], [127.15177438064316, 37.49373666664631], [127.15178587231571, 37.493721145838826], [127.15179689992709, 37.49370540938071], [127.1518074295719, 37.4936894663252], [127.15181748388419, 37.49367332565363], [127.15182704024842, 37.49365698739492], [127.15183608741113, 37.49364047859345], [127.15184463666239, 37.49362379022498], [127.15185297069924, 37.49360692192992], [127.15186153126889, 37.49359024255573], [127.15187063499143, 37.49357375169943], [127.15188025923277, 37.49355744037976], [127.15189040404685, 37.49354133562645], [127.1519010694515, 37.49352544644935], [127.15191225546452, 37.49350978185827], [127.15192392818021, 37.49349435090626], [127.15193012050766, 37.49348652235172], [127.15185333145133, 37.49344839970986], [127.1513666539593, 37.49405506591721], [127.15130965971736, 37.494127623553176], [127.15138683602382, 37.49416692636094], [127.15144464522098, 37.494094782113585], [127.15147498148761, 37.49411024079402]]]}}, {"type": "Feature", "properties": {"facility_layer": "UPIS_C_UQ155", "urban_facility": "공공청사", "urban_facility_landuse": "업무시설", "urban_facility_source": "도시계획 시설정보"}, "geometry": {"type": "Polygon", "coordinates": [[[127.15573721078405, 37.493442051333886], [127.15569761997162, 37.493463105291724], [127.15560007607196, 37.49351709426243], [127.15550198666493, 37.49356982246471], [127.15546927815788, 37.49358889418788], [127.15541836724175, 37.49360958438244], [127.15544366419857, 37.49363771665373], [127.15536186826392, 37.49366792556678], [127.15527823981117, 37.49372543707525], [127.15526103477794, 37.49373920870884], [127.15523840562662, 37.493754780385196], [127.15513974121707, 37.493803094138585], [127.15512559511625, 37.49380867169478], [127.15499778510684, 37.49392642716422], [127.1549775354579, 37.494027320292915], [127.15501350251917, 37.49411951783355], [127.15497817866098, 37.494159306780816], [127.15529303766137, 37.49430252561285], [127.15535692322028, 37.494283719688035], [127.15573721078405, 37.493442051333886]]]}}, {"type": "Feature", "properties": {"facility_layer": "UPIS_C_UQ151", "urban_facility": "중로3류", "urban_facility_landuse": "기타", "urban_facility_source": "도시계획 시설정보"}, "geometry": {"type": "MultiPolygon", "coordinates": [[[[127.16047739798205, 37.49785242767885], [127.16049017931095, 37.49783235426038], [127.16048851631206, 37.49783205015872], [127.1604393345096, 37.49782090790923], [127.16042208983868, 37.49781596660486], [127.16039912800352, 37.49785606487822], [127.16039298541551, 37.49786043397025], [127.16038648128848, 37.49785962280835], [127.16038239940514, 37.49785451963738], [127.16036633961666, 37.49779500326875], [127.16035823506301, 37.49779139215262], [127.1603048657989, 37.497767983880955], [127.16029536088041, 37.497754580791735], [127.16028730798013, 37.49775933987495], [127.16029610519351, 37.49777497839157], [127.16030564206808, 37.497803473158164], [127.16031483483927, 37.49784035667988], [127.16031717424444, 37.497855688525235], [127.16030947324435, 37.49785040100666], [127.1602857819034, 37.49783439507886], [127.16025856161545, 37.49781806051857], [127.16024615546837, 37.49781239188855], [127.16038789534186, 37.49809473638886], [127.16047011653873, 37.49825851736175], [127.16052257644323, 37.49835953876118], [127.16057218526323, 37.49844921139748], [127.16058444937815, 37.49847316143581], [127.16058886186784, 37.49849015732935], [127.16061572237706, 37.498480678699586], [127.16061941974623, 37.49847937110089], [127.16060944913973, 37.498427141527216], [127.16060863324199, 37.49825496086295], [127.1606087045087, 37.49824336600311], [127.16059612217782, 37.49821834344263], [127.16047721911511, 37.497981450863925], [127.16046721834691, 37.49795821856578], [127.16046184701112, 37.497931646345094], [127.16046178991571, 37.4979047065753], [127.16046704839168, 37.497878029953306], [127.16047739798205, 37.49785242767885]]], [[[127.1598046233478, 37.49685241195988], [127.15980446465056, 37.496852231972824], [127.15982258224139, 37.49691725978074], [127.15984375179298, 37.49698165279628], [127.15986763425141, 37.49704550157211], [127.15989445522014, 37.497108535504694], [127.15992410162166, 37.497170754743614], [127.15998678824091, 37.49729572924381], [127.16009209507831, 37.49750551153816], [127.16009696786165, 37.497494260539064], [127.16010388094823, 37.49747457345705], [127.16010944902247, 37.49744986961959], [127.16011401721593, 37.497417580718405], [127.16010424987496, 37.497386995927656], [127.16009868405744, 37.497353936760994], [127.16015548536973, 37.497316000554704], [127.16014319359488, 37.49730020453871], [127.16011551168866, 37.49725798488189], [127.16009575808215, 37.497221611065825], [127.16005010572981, 37.497130581402885], [127.16003715664712, 37.497103388628275], [127.16003666962459, 37.4971030288824], [127.16003652192991, 37.497102704721165], [127.1600320182299, 37.497093182970126], [127.15999528985272, 37.49706718388791], [127.15980444285384, 37.496851719582324], [127.1598046233478, 37.49685241195988]]], [[[127.15967909962009, 37.49360240768603], [127.15966527002281, 37.4935862983187], [127.15959681882555, 37.49351440011411], [127.15952396358601, 37.49344530085546], [127.15949190224667, 37.493416782063576], [127.15940478113272, 37.49333905221449], [127.15930868760418, 37.49324259350535], [127.15928262165448, 37.49321505774707], [127.15922072930495, 37.4931429703612], [127.15916301659901, 37.493068805067374], [127.1591154944425, 37.49300102324425], [127.15900490206204, 37.492892330034636], [127.15891170255847, 37.49277343226095], [127.15884442508863, 37.492679942726284], [127.15881400093586, 37.49264024767389], [127.15878815438947, 37.492606527070166], [127.15878153639224, 37.492599685750676], [127.15875754763846, 37.49261886390904], [127.1587719036416, 37.49264892015019], [127.15886522845466, 37.49282773430488], [127.15889088622909, 37.492876444177725], [127.15893787731889, 37.492960715082106], [127.15898972707663, 37.493043177492765], [127.1590460959024, 37.493123651656326], [127.15910709650556, 37.493201957216336], [127.15917238966098, 37.49327809461832], [127.15924197461808, 37.49335170345669], [127.15931573830413, 37.49342278387495], [127.15939334110874, 37.49349115611943], [127.15942223017477, 37.493516795981044], [127.15949077986421, 37.49358184656362], [127.15955526434476, 37.49364951544023], [127.15961557015352, 37.493719622569486], [127.15967147074696, 37.49379198806118], [127.15972296554726, 37.49386634162263], [127.1597698283872, 37.49394268356249], [127.15981194560669, 37.49402074373877], [127.15984931681346, 37.49410034195732], [127.15988171545528, 37.49418129832648], [127.15990925402667, 37.49426334239986], [127.15993159308333, 37.49434638453608], [127.15994895838804, 37.49443024423557], [127.15996112319372, 37.494514651504964], [127.15996820018253, 37.49459942599502], [127.15997007587642, 37.49468438765904], [127.159966749877, 37.49476935629814], [127.15995822140529, 37.49485397151341], [127.15994753829234, 37.49493570642045], [127.15989612283826, 37.495327799868605], [127.1598881789214, 37.49536799505584], [127.15984761630015, 37.495437516415045], [127.15981812362075, 37.49566208478325], [127.15978885579048, 37.49588611223538], [127.15976014160371, 37.49610464283943], [127.15976039096067, 37.496115634687136], [127.15977812843929, 37.496214991061706], [127.1597783777993, 37.496225982909166], [127.15977014143569, 37.49628843313651], [127.15976381605942, 37.49634547481222], [127.15975963905778, 37.49640242350966], [127.1597577237087, 37.49645936917719], [127.15975776990271, 37.496481263377525], [127.15975745555154, 37.4964823449967], [127.15975746838322, 37.496488426719004], [127.15975746965132, 37.49648848058445], [127.15979455466551, 37.49636087478978], [127.15982348715232, 37.49623497458774], [127.15985926970684, 37.49615017822944], [127.1598394018575, 37.49602102779806], [127.15984561882348, 37.495974760702396], [127.15988072585522, 37.495811886312225], [127.15987085804596, 37.4956853425677], [127.15990512792942, 37.49558229824077], [127.15998400015668, 37.49542768008928], [127.15997181902718, 37.4952848600801], [127.15998358627316, 37.49522452965219], [127.1599859591665, 37.495182722240415], [127.15997891408423, 37.49505486161142], [127.1600217653421, 37.4947182265945], [127.1600311595826, 37.494390247504754], [127.16002590225986, 37.494379596287565], [127.1600260253179, 37.49437490955211], [127.15995595581778, 37.49422755129955], [127.15988258421037, 37.494084987762704], [127.15982938710057, 37.49396648557867], [127.15981339492158, 37.4939307455369], [127.15981004263286, 37.49391162697868], [127.15979416872173, 37.49383236043339], [127.15977200787776, 37.49374499956257], [127.15976507562735, 37.493698332951574], [127.15967909962009, 37.49360240768603]]], [[[127.15976267268279, 37.49661286565184], [127.15976354529784, 37.49661818482232], [127.15976325277637, 37.49661253534323], [127.15976266879956, 37.4966110252244], [127.15976267268279, 37.49661286565184]]]]}}, {"type": "Feature", "properties": {"facility_layer": "UPIS_C_UQ151", "urban_facility": "대로1류", "urban_facility_landuse": "기타", "urban_facility_source": "도시계획 시설정보"}, "geometry": {"type": "Polygon", "coordinates": [[[127.1508540045547, 37.49576316176849], [127.15070156590696, 37.495653225289445], [127.15070003704498, 37.49565209196166], [127.15069855334409, 37.495650922536875], [127.15069711480425, 37.4956497170151], [127.15069573271573, 37.495648466372074], [127.15069438451596, 37.495647197666294], [127.15069310409359, 37.495645892834965], [127.15069185752415, 37.49564455192092], [127.15059279266657, 37.495533944225585], [127.1505915574089, 37.49553260329618], [127.15059026568214, 37.49553129847798], [127.15058892877649, 37.49553002074671], [127.15058753540174, 37.49552877912665], [127.15058610817421, 37.495527573589214], [127.15058462447753, 37.49552640416294], [127.15058309561991, 37.49552527083361], [127.15046737152417, 37.495441813119754], [127.15043099759787, 37.49541558585011], [127.15044155345798, 37.495304371283105], [127.15039706611604, 37.49534371089636], [127.15033050524282, 37.49539447593191], [127.15024797564712, 37.495467299461794], [127.15016679924085, 37.495543995525004], [127.15006168443477, 37.49560989162793], [127.15016530711418, 37.49561274360209], [127.15034091464746, 37.495739383136666], [127.15034274911298, 37.4957406602439], [127.15034462872197, 37.495741892244325], [127.15034655347435, 37.49574307913792], [127.1503485233702, 37.495744220924664], [127.15035053839159, 37.49574530859463], [127.1503525985564, 37.49574635115772], [127.15035469253854, 37.49574733961829], [127.15045264125945, 37.49579134709656], [127.15045370519621, 37.49579183229457], [127.15048855483164, 37.495807745042924], [127.15049451985492, 37.4958105576471], [127.15050036079265, 37.49581352357719], [127.15050610022553, 37.49581662478479], [127.15051170424685, 37.49581987032267], [127.15051719543719, 37.495823242142386], [127.15052253990781, 37.49582675830668], [127.15052774891318, 37.495830391771406], [127.1506723394244, 37.495934481888646], [127.15084226653877, 37.4960584698951], [127.15149445289664, 37.49656412210098], [127.15153025228938, 37.496590980465726], [127.1515671353959, 37.4966168823847], [127.15160505694658, 37.49664180989442], [127.15164399427016, 37.496665735992735], [127.15168389075224, 37.49668862471069], [127.15172471243095, 37.49671045807054], [127.15176640272752, 37.49673121812331], [127.15180893897012, 37.49675087786696], [127.15185225325322, 37.49676941035709], [127.15189630030594, 37.49678679763048], [127.15194104618361, 37.49680303071954], [127.15198644559703, 37.496818082651274], [127.1540410188323, 37.49746805921039], [127.15427505001443, 37.49754132335567], [127.15428404100038, 37.49735848114394], [127.15428128957855, 37.49730126229504], [127.15409370986892, 37.49724253435131], [127.1508540045547, 37.49576316176849]]]}}, {"type": "Feature", "properties": {"facility_layer": "UPIS_C_UQ151", "urban_facility": "대로2류", "urban_facility_landuse": "기타", "urban_facility_source": "도시계획 시설정보"}, "geometry": {"type": "MultiPolygon", "coordinates": [[[[127.16058886186784, 37.49849015732935], [127.1606107876492, 37.498574668458815], [127.16061919195813, 37.49859159590545], [127.16062929122535, 37.49860789037001], [127.16070008993432, 37.49871753656579], [127.1607442176813, 37.498782078662664], [127.16087385264377, 37.49895940049209], [127.1608746917637, 37.49896047154789], [127.160875769055, 37.49896186664174], [127.16086602330036, 37.49900022626414], [127.16088160483584, 37.49904192145597], [127.1608806086187, 37.499041427250894], [127.16087423304371, 37.49910116301052], [127.16088268187087, 37.49912301883592], [127.16092759309687, 37.49915162800167], [127.16099087795706, 37.49922132488896], [127.16099245103223, 37.499227188262566], [127.16099696589757, 37.499244400239874], [127.161001401604, 37.49926161232382], [127.16100575813229, 37.49927881550447], [127.16101057153372, 37.49929814442336], [127.16101098226937, 37.49929984675507], [127.16101534700643, 37.49931559030742], [127.16101945469163, 37.499332766793394], [127.16102349452633, 37.49934994337078], [127.16102742125645, 37.49936711109071], [127.16103128011677, 37.49938426989214], [127.16103502587237, 37.49940141983612], [127.16103869246852, 37.49941856988679], [127.16104225728766, 37.49943572007474], [127.16104573160015, 37.49945285236479], [127.1610490928268, 37.499469984807405], [127.16105236354666, 37.49948709935212], [127.16105552121884, 37.49950423206931], [127.16105857705617, 37.49952133789394], [127.16106151978818, 37.499538434861236], [127.16106434943391, 37.49955553198111], [127.16106707728295, 37.49957262022836], [127.16106993299938, 37.499591339109124], [127.16107934568487, 37.49963562846563], [127.16108763553409, 37.499678378631216], [127.16109504198471, 37.499720508300555], [127.16110173738953, 37.4997632966581], [127.161107492753, 37.49980541954637], [127.16111243532725, 37.49984821928049], [127.16111642649064, 37.49989032653095], [127.1611194221951, 37.499932299976166], [127.16112393604669, 37.499975568806924], [127.16112720531862, 37.500018550999364], [127.16112954565895, 37.5000607776082], [127.16113075716973, 37.50010396980951], [127.1611310850384, 37.50014643339607], [127.16113023858925, 37.50018974550689], [127.16112859497663, 37.50023045481062], [127.1610663049829, 37.5004799892108], [127.16105363991946, 37.5005176409931], [127.16102829777627, 37.500512881904335], [127.16099280229824, 37.500551645700604], [127.16097360894389, 37.50063576173258], [127.16097312382888, 37.50063631199601], [127.16093233384817, 37.500676197508916], [127.16097312599045, 37.5006363141888], [127.16115191398887, 37.50046150855723], [127.1611756400014, 37.500443129326236], [127.1611840573721, 37.500430081909975], [127.16121923824974, 37.50039568406044], [127.16123202315066, 37.50035572366543], [127.16128841530814, 37.50026829817202], [127.1613585816675, 37.50024420941864], [127.16135945965306, 37.50021864388624], [127.16139013170357, 37.5002013337088], [127.16143084867716, 37.50002297341852], [127.16142375076096, 37.500000643450775], [127.16142355220481, 37.50000001823745], [127.16140614828971, 37.499945249337806], [127.16138765817723, 37.499710625740605], [127.16141496456964, 37.49970653069956], [127.1614200024231, 37.499705778980534], [127.16139090790102, 37.49963484848761], [127.16138917343882, 37.49963061612532], [127.16138198979436, 37.49961300093584], [127.16135515876705, 37.49953689408617], [127.16128730597522, 37.49944316515503], [127.16125072620159, 37.499391394159794], [127.16124856192631, 37.49938964832371], [127.16124446933108, 37.499384012084946], [127.16118012740897, 37.499334586119], [127.16115036840303, 37.499310641692716], [127.16113402346815, 37.49929749800848], [127.1610690384434, 37.49924521281722], [127.16106236071867, 37.49923333172544], [127.16105957729616, 37.499228402299245], [127.16101270945454, 37.499145099084885], [127.16100784499724, 37.499074968122834], [127.16100540699462, 37.49907121145795], [127.1610050000356, 37.49906613561818], [127.16095295040897, 37.49898293468547], [127.16088437446264, 37.4989267542112], [127.16085505535236, 37.498895654152236], [127.16080845331356, 37.49884622482717], [127.16080749659126, 37.49884514044488], [127.16080719297184, 37.49884473395987], [127.16075428410738, 37.498758988627245], [127.16068115012715, 37.49863261484092], [127.16063284456045, 37.498549694925394], [127.1606194197233, 37.49847937098079], [127.16058886186784, 37.49849015732935]]], [[[127.16027538988743, 37.49724166930855], [127.16027141619118, 37.49723957532217], [127.1600966188579, 37.49714736764789], [127.16003715664712, 37.497103388628275], [127.16005010572981, 37.497130581402885], [127.16009575808215, 37.497221611065825], [127.16011551168866, 37.49725798488189], [127.16014319359488, 37.49730020453871], [127.16015566659037, 37.497316135461105], [127.16009863888088, 37.49735396385159], [127.16010424993212, 37.49738702295753], [127.16011403977566, 37.49741755365817], [127.16010947171557, 37.49744990562907], [127.16010386969695, 37.497474600502095], [127.16009701307638, 37.497494251468396], [127.16009194751598, 37.49750525044673], [127.16009208380795, 37.49750552957323], [127.16008628826391, 37.49751892618655], [127.16007840688262, 37.49753527186335], [127.1600778778616, 37.49753644387115], [127.16006784781239, 37.497552765400975], [127.16006517553627, 37.49755647209014], [127.16004262470383, 37.49758776699143], [127.16005438088796, 37.49759626564983], [127.16007237754485, 37.49760925191346], [127.16008962890044, 37.497638781502765], [127.16009009209816, 37.49764391657114], [127.16008015960892, 37.497647551915314], [127.16011421419847, 37.49776741105181], [127.1601572327896, 37.49777856171288], [127.16018924441613, 37.49778792514529], [127.16021009298338, 37.49779655573563], [127.16023798281977, 37.497808663725905], [127.16024624603172, 37.49781243681679], [127.16024639367149, 37.497812733947846], [127.16025855030695, 37.49781806053376], [127.1602857819034, 37.49783439507886], [127.16030946193585, 37.497850401021864], [127.16031716297408, 37.497855706560344], [127.16031486884108, 37.49784039267411], [127.1603056307405, 37.4978034641634], [127.16029607132529, 37.497775005467034], [127.1602873305971, 37.49775933984456], [127.16029534951471, 37.49775455377706], [127.16030487706924, 37.49776796584584], [127.16036633961666, 37.49779500326875], [127.16038241075181, 37.49785453764206], [127.1603864926924, 37.49785966784292], [127.16039294025784, 37.497860470070925], [127.16039915058235, 37.49785604682789], [127.16042213516809, 37.49781601159379], [127.16043933458599, 37.497820943949044], [127.16049008912945, 37.49783248953147], [127.16047739798205, 37.49785242767885], [127.16046704839168, 37.497878029953306], [127.16046178991571, 37.4979047065753], [127.16046184701112, 37.497931646345094], [127.16046721834691, 37.49795821856578], [127.16047721911511, 37.497981450863925], [127.16059612217782, 37.49821834344263], [127.1606087045087, 37.49824336600311], [127.16060871905728, 37.49824099899964], [127.1606095983648, 37.49810170491621], [127.16059258264724, 37.49793689591649], [127.16058143098843, 37.49779624225623], [127.16058338889005, 37.49776858505497], [127.16058359417082, 37.497763222535646], [127.16058479126322, 37.4977311915383], [127.16058907787244, 37.49763144100954], [127.16057776618406, 37.49759364140381], [127.16057104916773, 37.49756049701754], [127.16050013717823, 37.49745841219797], [127.16048740400494, 37.49743974443245], [127.16048001747775, 37.49743454938049], [127.16036418506843, 37.4973467030923], [127.16028143241893, 37.497248820502215], [127.16027538966911, 37.49724166862998], [127.16027538988743, 37.49724166930855]]], [[[127.1597381255838, 37.49362325885784], [127.15973203657339, 37.49360999529847], [127.15967909962009, 37.49360240768603], [127.15976509160464, 37.49369844050778], [127.15975668361904, 37.493641839447136], [127.15974521118846, 37.4936372004381], [127.1597423785701, 37.49363071147625], [127.15974041220313, 37.493623916916775], [127.1597381255838, 37.49362325885784]]], [[[127.15899956667587, 37.501994555383824], [127.15895257245077, 37.50210544973413], [127.15894256883173, 37.50210783268862], [127.15892153285658, 37.502112789175236], [127.15890044020053, 37.5021176826638], [127.1589002028219, 37.5021177370399], [127.15887932480994, 37.502122522119016], [127.15885816406661, 37.50212730757103], [127.15883695795165, 37.50213203000981], [127.1588157291212, 37.502136707425166], [127.15879445493806, 37.50214133083721], [127.15877314671147, 37.50214590023089], [127.15875180446037, 37.50215042461615], [127.15873042818477, 37.502154903992924], [127.1587090178847, 37.502159338361224], [127.15868757357907, 37.502163736731], [127.15866609523016, 37.5021680810823], [127.1586445941849, 37.50217238941999], [127.15862305913417, 37.50217666175906], [127.15860149007803, 37.50218089809955], [127.15857989830678, 37.50218508941639], [127.15855827254899, 37.50218925374455], [127.15853662411388, 37.502193391068985], [127.15851495298256, 37.50219749237968], [127.1584932478648, 37.50220156670163], [127.15847150876063, 37.502205614034835], [127.15844975828833, 37.5022096343492], [127.15842797384853, 37.502213636684736], [127.15840616673148, 37.50221761201645], [127.1583843369561, 37.50222156935424], [127.15836247319434, 37.502225499703215], [127.15834059810231, 37.5022294210532], [127.15831862122548, 37.50223334253425], [127.15829670083563, 37.502237236906296], [127.15827476909666, 37.50224111326938], [127.15825281471825, 37.50224498064847], [127.15823083771924, 37.502248848053476], [127.15820883806192, 37.502252697464506], [127.15818682711203, 37.50225655589638], [127.15816479350383, 37.50226039633425], [127.15814273729389, 37.502264245807936], [127.15812065846329, 37.502268095307514], [127.15811259792234, 37.50226949352858], [127.15706441021568, 37.50245214999034], [127.15706440754228, 37.50245215045332], [127.15743448136664, 37.50285706706662], [127.15743448722365, 37.50285706597749], [127.1574345325731, 37.5028571199775], [127.15744827934928, 37.50285456102074], [127.15747060651648, 37.502850386960105], [127.15749291100644, 37.50284618589528], [127.15751520410963, 37.502841948801354], [127.1575374971541, 37.502837684673366], [127.1575597788117, 37.50283338451635], [127.15758204910124, 37.50282905734019], [127.15760431931318, 37.50282469412005], [127.15762656684772, 37.50282030389574], [127.15764881432338, 37.50281588663742], [127.1576710504121, 37.502811433350026], [127.15769326382333, 37.50280695305852], [127.15771548848488, 37.502802445718025], [127.15773769045013, 37.50279790236348], [127.1577598810471, 37.50279333198986], [127.15778207156626, 37.502788725572266], [127.15780423940782, 37.502784092150584], [127.15782640719029, 37.50277943169492], [127.15784856358563, 37.50277473521024], [127.15787070861255, 37.50277001170652], [127.15789284225224, 37.50276525217382], [127.15791496454231, 37.50276047463207], [127.1579370754263, 37.50275565205136], [127.15795918626988, 37.50275081144667], [127.15798127441687, 37.50274593482794], [127.15800335117652, 37.502741022180295], [127.15802542789565, 37.50273609150864], [127.15804748191817, 37.502731124823015], [127.15806953586248, 37.50272612209346], [127.15809157845699, 37.5027211013549], [127.15811360964518, 37.50271603557748], [127.1581356181743, 37.50271095180601], [127.15815762662511, 37.50270583199067], [127.15817962370721, 37.50270068515635], [127.15820160940171, 37.50269550229315], [127.15822358372748, 37.50269029241102], [127.15824553537517, 37.50268505552494], [127.1582674869633, 37.50267979160495], [127.15828942716374, 37.50267449165611], [127.1583113559765, 37.50266915567837], [127.15833327343918, 37.50266380169168], [127.15835517951413, 37.50265841167615], [127.15837706291092, 37.502652994656735], [127.15839894622911, 37.5026475415935], [127.15842081817834, 37.50264206151134], [127.1584426674493, 37.50263655442533], [127.15846451664163, 37.502631011295506], [127.15848632055612, 37.50262545020184], [127.15849929662294, 37.5026221262989], [127.15852108910975, 37.502616511154145], [127.15854291544555, 37.50261085992049], [127.15855177704518, 37.50260854158784], [127.15855178653158, 37.50260853908241], [127.15867681364175, 37.502521781760215], [127.15886588743521, 37.50239057942664], [127.15899282491532, 37.5020793594544], [127.15901424754296, 37.502026857456634], [127.15907429392296, 37.501879591347326], [127.15911769965437, 37.50181001787489], [127.15911769977566, 37.50181001768049], [127.15911769882527, 37.50181001769726], [127.159110088766, 37.50181048735792], [127.15910253591488, 37.50181127229095], [127.15909502894377, 37.5018123635015], [127.15908761308897, 37.50181376092922], [127.15908421071548, 37.501814558345124], [127.15908029967844, 37.50181547356903], [127.15907641160028, 37.501816550941754], [127.15907309996437, 37.50181747437601], [127.15906604789296, 37.501819772314846], [127.1590591434452, 37.50182235837565], [127.15905243185746, 37.50182523249812], [127.15904590178269, 37.50182837667745], [127.15903958712924, 37.5018317818585], [127.1590335105153, 37.50183544801115], [127.15902767190296, 37.501839357115514], [127.15902210521955, 37.501843509126395], [127.15901681040826, 37.501847877014015], [127.15901181008734, 37.50185246074818], [127.15900711552803, 37.50185724229402], [127.1590049267838, 37.5018597319653], [127.15900272671144, 37.50186221264162], [127.158998677546, 37.501867362735794], [127.15899496797499, 37.501872665546735], [127.15899327737955, 37.50187541584305], [127.15899160930758, 37.501878121059406], [127.15898861279616, 37.501883702228945], [127.15898597842191, 37.50188940004534], [127.15898371747502, 37.50189520548368], [127.158981841208, 37.50190109149901], [127.15898034960196, 37.50190704908141], [127.15897924261918, 37.501913060210995], [127.15897853153105, 37.50191910685278], [127.15897821631867, 37.501925179996846], [127.15897829692543, 37.50193125261336], [127.15897877333246, 37.50193731569232], [127.15897963417405, 37.50194334221896], [127.1589808907783, 37.501949341188165], [127.15898254305068, 37.501955267550144], [127.15898457968215, 37.501961121319994], [127.15898698932585, 37.501966884492816], [127.15899956667587, 37.501994555383824]]], [[[127.15851924961964, 37.489669705621885], [127.15851367957885, 37.48966643338518], [127.1585025465477, 37.48967946762083], [127.15847943814013, 37.48970826723643], [127.1584617339707, 37.48973135634202], [127.15844630952948, 37.489763182112], [127.15842997853206, 37.48979407204432], [127.15842565443587, 37.48980263728207], [127.15840734220342, 37.48979992256154], [127.15840665225144, 37.48979982436775], [127.15840657310042, 37.48979982447286], [127.15840319846951, 37.48982444425977], [127.15838186145025, 37.48989469648928], [127.15832758502243, 37.48989450805298], [127.15838186317266, 37.489894697589634], [127.15840576855695, 37.489836836045406], [127.15840701291727, 37.48982688858438], [127.15840789377306, 37.48982472785757], [127.15840943324025, 37.48981207715766], [127.15842780354593, 37.489814609022176], [127.15843195956191, 37.489806157229616], [127.15844820916425, 37.48977508912188], [127.15846338799547, 37.48974317063405], [127.15848078968321, 37.48971992969196], [127.15852323920289, 37.48967205106105], [127.15851924961964, 37.489669705621885]]], [[[127.15829067855252, 37.489894439094826], [127.15818522811342, 37.48989486017245], [127.1582906790213, 37.48989444290192], [127.15829102968591, 37.48989444391618], [127.15832098556623, 37.48989448666072], [127.15829067855252, 37.489894439094826]]], [[[127.15173391875496, 37.50339542791124], [127.15173392076548, 37.503395430713354], [127.1517836057771, 37.5034646530465], [127.1517361127839, 37.50339459079713], [127.15173611049636, 37.50339458742317], [127.15173391875496, 37.50339542791124]]], [[[127.15158576775586, 37.50345283855873], [127.15139193008562, 37.50354027415593], [127.1512737641561, 37.50357722074524], [127.15118120924265, 37.5036061609456], [127.15104594407437, 37.50364350738716], [127.15096734166191, 37.50366519474939], [127.15083530606465, 37.50370017625064], [127.15080165566093, 37.50370908459307], [127.15073871769155, 37.50372560731204], [127.1507067002127, 37.50374240630226], [127.15069598629186, 37.503751817235134], [127.15066928609237, 37.50377524084153], [127.1507013106392, 37.503807456112234], [127.15087867228253, 37.50397565544759], [127.1509374886562, 37.50393953216451], [127.15095776151306, 37.50395404861915], [127.15099487560641, 37.50398063514709], [127.15094164687817, 37.504028187099586], [127.15100695764653, 37.50396984577355], [127.15103960650976, 37.503940684025764], [127.15116700581054, 37.5038268884261], [127.1513298868041, 37.503681408194836], [127.15158576940303, 37.50345284053363], [127.15158577534429, 37.50345283522655], [127.15158576775586, 37.50345283855873]]]]}}, {"type": "Feature", "properties": {"facility_layer": "UPIS_C_UQ151", "urban_facility": "중로1류", "urban_facility_landuse": "기타", "urban_facility_source": "도시계획 시설정보"}, "geometry": {"type": "Polygon", "coordinates": [[[127.15998678824091, 37.49729572924381], [127.15999781186044, 37.49732148300866], [127.16000521869479, 37.4973481426226], [127.16000900759795, 37.497375167488904], [127.16000906529125, 37.49740246766003], [127.1600053906283, 37.497429502538566], [127.15999820958343, 37.497456181721205], [127.15998740811675, 37.497482054861116], [127.15997309854785, 37.49750676140737], [127.15995561993726, 37.4975302108042], [127.15993497133123, 37.497551952552335], [127.15991160468633, 37.497571805844544], [127.159885632516, 37.497589500228926], [127.15985739388437, 37.497604945149504], [127.15982722728587, 37.497617779751856], [127.15979558506152, 37.49762800342842], [127.15976269300313, 37.49763543567596], [127.15856738295264, 37.49785083757222], [127.15831156719223, 37.4978969480704], [127.1581461853913, 37.4979267201864], [127.15813148977712, 37.49792935256337], [127.158040041489, 37.497947493720645], [127.15794779610977, 37.49796302296763], [127.15785498000685, 37.497976030102784], [127.1577617060868, 37.497986424875634], [127.15766797435928, 37.49799420728502], [127.15757389791908, 37.497999377180555], [127.15747970294659, 37.49800193426277], [127.1573855025369, 37.498001878382155], [127.15729129651268, 37.49799911943913], [127.15719731142876, 37.49799383733478], [127.1571035469207, 37.49798585187042], [127.15701022935589, 37.49797525284847], [127.15691747201582, 37.497962130220756], [127.15604948709839, 37.4978264071156], [127.15563171599703, 37.4977548729669], [127.15526749450451, 37.49765722881088], [127.15525629615729, 37.49765580178657], [127.1551325122166, 37.4976221753654], [127.15508713775564, 37.49760880948015], [127.15501800870558, 37.49759214075001], [127.15440073288028, 37.49739724431475], [127.15433623365864, 37.49737714539961], [127.15428121443527, 37.497403165307766], [127.15429506166842, 37.49765020114736], [127.15435251976554, 37.49771103431673], [127.15436780571837, 37.497776066618876], [127.15437167613227, 37.49778858548773], [127.15439347618607, 37.49777612350384], [127.15470931122681, 37.49777021830074], [127.15507914861318, 37.497849206211974], [127.15530419839591, 37.49790919026111], [127.15565631899722, 37.49800585898917], [127.1556796279024, 37.49801231576327], [127.15595729424726, 37.49803231567293], [127.15629813135665, 37.498085659219534], [127.15686521364117, 37.49817429393195], [127.15696690779528, 37.498188756338656], [127.1570692745216, 37.49820033457795], [127.1571719747389, 37.49820911919469], [127.15727512133424, 37.49821501993933], [127.15737837503904, 37.49821803725833], [127.15748162275581, 37.49821817130077], [127.1575849777457, 37.498215512016834], [127.15768798727956, 37.498209879805096], [127.15779076480632, 37.498201454715975], [127.15789319704113, 37.49819014680029], [127.15799494490372, 37.49817604660778], [127.15809612128054, 37.49815906389086], [127.15819638728034, 37.498139379299964], [127.15822057853627, 37.49813502242376], [127.15835866211596, 37.498137812482994], [127.1586343743378, 37.49808816153229], [127.15887142556818, 37.49804549912355], [127.15894976419892, 37.498031339185545], [127.15901374645522, 37.49801981122997], [127.15914600644395, 37.497995938585355], [127.15940300734745, 37.49792198385233], [127.15980317757598, 37.49784981902538], [127.15986060898392, 37.49784226377989], [127.15991861665243, 37.49783984342379], [127.15997663573941, 37.497842829013294], [127.16003387428118, 37.49785104141133], [127.16008965358871, 37.4978643914301], [127.16014306861088, 37.497882700087224], [127.16019344027401, 37.497905697998405], [127.16024031586272, 37.49793320557612], [127.16028290283151, 37.497964773390315], [127.16032063499252, 37.49800004180746], [127.16035317194361, 37.498038470690794], [127.16037983421444, 37.49807961045914], [127.16038789534186, 37.49809473638886], [127.16024615546837, 37.49781239188855], [127.16023798281977, 37.497808663725905], [127.16021008167488, 37.497796555750824], [127.16018924441613, 37.49778792514529], [127.1601572327896, 37.49777856171288], [127.16011415767508, 37.49776742013766], [127.16008013701104, 37.49764756095563], [127.16009009209816, 37.49764391657114], [127.16008957226285, 37.49763873652886], [127.16007233229195, 37.49760924296422], [127.16004262470383, 37.49758776699143], [127.16006783652297, 37.49755277442612], [127.16007783266586, 37.49753646195175], [127.16008628826391, 37.49751892618655], [127.16009209507831, 37.49750551153816], [127.15998678824091, 37.49729572924381]]]}}, {"type": "Feature", "properties": {"facility_layer": "UPIS_C_UQ151", "urban_facility": "소로3류", "urban_facility_landuse": "기타", "urban_facility_source": "도시계획 시설정보"}, "geometry": {"type": "Polygon", "coordinates": [[[127.15082104032663, 37.49886428679585], [127.15094848027611, 37.49878032383089], [127.15097880785011, 37.498762148373544], [127.15109549095236, 37.49868854231627], [127.15119056085877, 37.498630866145156], [127.15124461057339, 37.49863369887133], [127.15115413859029, 37.498541641379994], [127.15114774618738, 37.4985344595106], [127.15113932424173, 37.49858130406436], [127.15072939520765, 37.49883612024645], [127.15066183847566, 37.4988311149116], [127.15059871862529, 37.49887925382182], [127.15067739515553, 37.498954153601574], [127.1507581279333, 37.49890298306793], [127.15082104032663, 37.49886428679585]]]}}, {"type": "Feature", "properties": {"facility_layer": "UPIS_C_UQ151", "urban_facility": "소로2류", "urban_facility_landuse": "기타", "urban_facility_source": "도시계획 시설정보"}, "geometry": {"type": "Polygon", "coordinates": [[[127.15115792949719, 37.49875259629782], [127.15125127130199, 37.4986959674252], [127.1513193380089, 37.49870155742538], [127.15130257013075, 37.49868600943692], [127.15128607589793, 37.4986715783369], [127.15126663764958, 37.498655258870016], [127.1512446219, 37.49863370786698], [127.15119057218537, 37.498630875140776], [127.15109550227898, 37.49868855131191], [127.1509788191767, 37.49876215736918], [127.1509484916027, 37.49878033282653], [127.15082105165322, 37.49886429579151], [127.15075813925989, 37.498902992063606], [127.15075809599756, 37.498903983216216], [127.1506775764348, 37.498954324562355], [127.1507418071354, 37.499015466274294], [127.15088459696096, 37.49892764573843], [127.15101155132074, 37.49884400767957], [127.15104100916264, 37.49882634687595], [127.15115792949719, 37.49875259629782]]]}}, {"type": "Feature", "properties": {"facility_layer": "UPIS_C_UQ153", "urban_facility": "공공공지", "urban_facility_landuse": "기타", "urban_facility_source": "도시계획 시설정보"}, "geometry": {"type": "Polygon", "coordinates": [[[127.15094724999558, 37.49996198438821], [127.15141254784945, 37.4996539744112], [127.15195013327107, 37.4992981086555], [127.15192663314552, 37.49927528926503], [127.15183526151768, 37.49918655813517], [127.15171733086423, 37.49907771438417], [127.15162526545804, 37.498992416773476], [127.1515302733974, 37.49890250969526], [127.15146088314833, 37.49883459044365], [127.15138514062801, 37.49876255263701], [127.1513193380089, 37.49870155742538], [127.15125127130199, 37.4986959674252], [127.15115792949719, 37.49875259629782], [127.15104100916264, 37.49882634687595], [127.15101155132074, 37.49884400767957], [127.15088459696096, 37.49892764573843], [127.15026258573457, 37.49931022848119], [127.15094724999558, 37.49996198438821]]]}}, {"type": "Feature", "properties": {"facility_layer": "UPIS_C_UQ151", "urban_facility": "소로3류", "urban_facility_landuse": "기타", "urban_facility_source": "도시계획 시설정보"}, "geometry": {"type": "Polygon", "coordinates": [[[127.1475805858456, 37.49907605368792], [127.14763998963585, 37.49920906666791], [127.14766644411998, 37.49926300373376], [127.14772159206716, 37.499225724275036], [127.14763794856587, 37.49904373602883], [127.14759865677817, 37.499017790822236], [127.14756103838798, 37.498933612020636], [127.14749733887007, 37.49895226933054], [127.14754095436139, 37.49904988363271], [127.1475805858456, 37.49907605368792]]]}}, {"type": "Feature", "properties": {"facility_layer": "UPIS_C_UQ151", "urban_facility": "소로2류", "urban_facility_landuse": "기타", "urban_facility_source": "도시계획 시설정보"}, "geometry": {"type": "Polygon", "coordinates": [[[127.14766644410241, 37.499262994723814], [127.1476399896183, 37.49920905765796], [127.14761716454618, 37.499224402855646], [127.14754093035583, 37.49927567380177], [127.14751323924037, 37.499283546709066], [127.14735342146122, 37.49932879400803], [127.1473761381144, 37.499379762458126], [127.14757856639915, 37.4993223890805], [127.14766644410241, 37.499262994723814]]]}}, {"type": "Feature", "properties": {"facility_layer": "UPIS_C_UQ151", "urban_facility": "중로3류", "urban_facility_landuse": "기타", "urban_facility_source": "도시계획 시설정보"}, "geometry": {"type": "Polygon", "coordinates": [[[127.14762911031629, 37.4999460425073], [127.14765226970638, 37.49999768609957], [127.14766704699551, 37.50003076147726], [127.14791025660887, 37.49996183133417], [127.14852252157047, 37.499548269787624], [127.1485606031875, 37.49953923944445], [127.14861433045589, 37.49954459656908], [127.14861496295143, 37.49954419033241], [127.14862396542493, 37.49948688465403], [127.14861813031652, 37.49948123365161], [127.14851180697038, 37.49937831883693], [127.14836044705847, 37.49948055411362], [127.14825482288549, 37.499590291771106], [127.14804668772481, 37.499730880555724], [127.14804664256005, 37.49973091665168], [127.14784648014557, 37.49986611623359], [127.14782425925239, 37.49987241470095], [127.14762181836485, 37.49992978851088], [127.14762911031629, 37.4999460425073]]]}}, {"type": "Feature", "properties": {"facility_layer": "UPIS_C_UQ153", "urban_facility": "근린공원", "urban_facility_landuse": "공원/녹지", "urban_facility_source": "도시계획 시설정보"}, "geometry": {"type": "Polygon", "coordinates": [[[127.1489506797255, 37.5009612218731], [127.14901455015176, 37.501023022681], [127.14904994687807, 37.50105726145104], [127.14911701884589, 37.50107356682283], [127.14920890499916, 37.50103354679163], [127.14931707335825, 37.50098643348646], [127.14941229260229, 37.50094496753009], [127.14950285642841, 37.50090552556367], [127.14959381563477, 37.50086591184247], [127.14969631129155, 37.50082127403346], [127.14974518056972, 37.50079998521747], [127.14996289431517, 37.50070516113437], [127.15012240533879, 37.5006356918769], [127.15029758803931, 37.50055940013389], [127.15036476164205, 37.50053014120607], [127.15078947389293, 37.50034516204682], [127.15081775174181, 37.50033091757598], [127.15086889450644, 37.500310147999606], [127.15101225553374, 37.50025241993655], [127.1510147415094, 37.500251425693016], [127.15101534940429, 37.50025002837693], [127.15103333976221, 37.50020927149203], [127.15110081001416, 37.50015327915923], [127.15122579752583, 37.50004651475805], [127.15135098796357, 37.49995093135086], [127.15134671816406, 37.499947747233115], [127.1514435862457, 37.49987243605794], [127.15151410806692, 37.49982149421263], [127.1516504792534, 37.49973574419737], [127.15169777527386, 37.4997144205302], [127.1517411112691, 37.49969778706938], [127.1518910108293, 37.49964763602471], [127.15200595686613, 37.49960420571458], [127.15215258789807, 37.499548463303064], [127.15216688455281, 37.499504593497655], [127.15212351067146, 37.4994628424888], [127.15204659500785, 37.49938728370812], [127.15195272803007, 37.49930062814614], [127.15195013327107, 37.4992981086555], [127.15046547030774, 37.50028090636624], [127.1502562666795, 37.50037201756517], [127.15018908186676, 37.50040127644613], [127.15001392204202, 37.500477568001315], [127.14985439994433, 37.50054703712788], [127.14963668651943, 37.50064186101293], [127.14958779471314, 37.500663158822746], [127.14948532180736, 37.500707787500225], [127.14939436273491, 37.50074740113868], [127.14930379904214, 37.50078684302271], [127.14920859124726, 37.50082830887834], [127.14910040042953, 37.50087542211333], [127.14893600664797, 37.50094702243731], [127.1489506797255, 37.5009612218731]]]}}, {"type": "Feature", "properties": {"facility_layer": "UPIS_C_UQ151", "urban_facility": "소로2류", "urban_facility_landuse": "기타", "urban_facility_source": "도시계획 시설정보"}, "geometry": {"type": "Polygon", "coordinates": [[[127.14864480030654, 37.50095881011157], [127.14868298485958, 37.50093272371253], [127.14874080932826, 37.50089318795913], [127.14881961766444, 37.50083930915869], [127.14875519216952, 37.50078839298965], [127.14862418365941, 37.500877935185564], [127.14851271323121, 37.500954118157665], [127.14853952042066, 37.501014271457315], [127.1486150567312, 37.501183195616434], [127.1485821061578, 37.50121981715182], [127.14862484399536, 37.501220304540524], [127.14867958635179, 37.50121789376758], [127.14873385813641, 37.50121196966409], [127.14876154454042, 37.50120715987129], [127.14871209247484, 37.50118532724906], [127.14868233201341, 37.50111869048491], [127.14863030840877, 37.50100234635576], [127.14864480030654, 37.50095881011157]]]}}, {"type": "Feature", "properties": {"facility_layer": "UPIS_C_UQ152", "urban_facility": "주차장", "urban_facility_landuse": "도로/교통시설", "urban_facility_source": "도시계획 시설정보"}, "geometry": {"type": "Polygon", "coordinates": [[[127.14261477663095, 37.498131184210266], [127.14234325082526, 37.498320276349396], [127.142386297248, 37.49835951756737], [127.14246631852282, 37.49843252912943], [127.1426488698889, 37.4985987796427], [127.14267208114856, 37.49861994339214], [127.14272851636137, 37.49862261498484], [127.14283297993684, 37.49854753602753], [127.1429663201526, 37.498451609345906], [127.14261477663095, 37.498131184210266]]]}}, {"type": "Feature", "properties": {"facility_layer": "UPIS_C_UQ153", "urban_facility": "완충녹지", "urban_facility_landuse": "공원/녹지", "urban_facility_source": "도시계획 시설정보"}, "geometry": {"type": "Polygon", "coordinates": [[[127.1391404502377, 37.504772366388046], [127.13907776271935, 37.5047978385166], [127.13905142360352, 37.504847658298964], [127.13920399434959, 37.50523800886287], [127.13928682238448, 37.50535900633411], [127.13940229460158, 37.505654452776234], [127.13948240641862, 37.50568795743017], [127.13949691017557, 37.50568436353168], [127.13930864553507, 37.5052027028993], [127.1391404502377, 37.504772366388046]]]}}, {"type": "Feature", "properties": {"facility_layer": "UPIS_C_UQ153", "urban_facility": "근린공원", "urban_facility_landuse": "공원/녹지", "urban_facility_source": "도시계획 시설정보"}, "geometry": {"type": "Polygon", "coordinates": [[[127.1403815195401, 37.50655595176372], [127.14044159447305, 37.506548231665455], [127.14050615832463, 37.50653992961712], [127.1405595054579, 37.50653306431152], [127.1405837557523, 37.50659510545629], [127.14067773354732, 37.506572992438805], [127.14074123170931, 37.50655722225149], [127.14089367466994, 37.506519362794805], [127.14094939559143, 37.506511836784604], [127.14110841899532, 37.506491295457835], [127.14111598197418, 37.506489520566525], [127.14113232885407, 37.506485681020415], [127.14116286337405, 37.50647850903228], [127.14117974528547, 37.50644010659819], [127.14115928859007, 37.506417317534506], [127.14108328725858, 37.50633265055041], [127.14092951054432, 37.506200385547835], [127.14073959845545, 37.50601876125839], [127.14073490757136, 37.50601410863118], [127.14073040873602, 37.50600933864785], [127.14072610196611, 37.50600446031833], [127.1407220098644, 37.505999464606056], [127.14071812113785, 37.50599436053433], [127.14071444711288, 37.50598915709982], [127.14071099911598, 37.50598386329914], [127.14070776583732, 37.50597847914563], [127.14070475860332, 37.50597301363594], [127.14070197743071, 37.50596747578009], [127.14069943362918, 37.505961865564686], [127.14069711590568, 37.50595619201309], [127.14066729508075, 37.505878597224836], [127.14093484151925, 37.505813319879394], [127.1409625254103, 37.50577557146133], [127.14104401429321, 37.50564308271183], [127.14101569469757, 37.505503236334576], [127.14101192784078, 37.50548460815937], [127.14104826864973, 37.50540709749734], [127.14104715958275, 37.50540671137846], [127.14089515653691, 37.505442687435206], [127.14060091729799, 37.50551232992012], [127.14057246232477, 37.505427075016975], [127.14056845905142, 37.50541506943556], [127.14045602825132, 37.50515804808315], [127.14045967245345, 37.50503733718604], [127.14045950801884, 37.50504014849111], [127.14045921916195, 37.50504295093252], [127.1404588171924, 37.505045744497004], [127.1404582794742, 37.50504852020123], [127.14045762864325, 37.50505128702848], [127.14045685335661, 37.505054026972175], [127.14045596494049, 37.505056749028974], [127.14045495206861, 37.50505944420223], [127.14045382603388, 37.505062103468674], [127.14045258685299, 37.50506473583824], [127.14045123450917, 37.50506733230099], [127.14044976900247, 37.505069892856916], [127.14044819031616, 37.50507240849608], [127.14044650975985, 37.50507487920515], [127.14044471600724, 37.505077295987455], [127.14044282038456, 37.505079667839674], [127.1404408228752, 37.50508198575183], [127.14043872347912, 37.50508424972396], [127.14043652216289, 37.50508644173608], [127.14043424159584, 37.50508858879151], [127.14043185910869, 37.50509066388695], [127.140429386011, 37.50509266700911], [127.14042683362906, 37.505094607154625], [127.14042419063662, 37.50509647532685], [127.14042146832656, 37.505098262502486], [127.14041867802523, 37.50509997767827], [127.14041580842297, 37.50510162086742], [127.14041287079603, 37.50510317403673], [127.14040986517782, 37.50510465520613], [127.1404068028445, 37.5051060463424], [127.14040368381286, 37.50510735645549], [127.14040049675654, 37.50510857654874], [127.1403972642948, 37.50510970659556], [127.14039398642761, 37.505110746595925], [127.14039067446468, 37.505111696536545], [127.1403873057867, 37.505112556444026], [127.14038391430589, 37.50511331726849], [127.14038048872928, 37.505113988033216], [127.14037702904024, 37.50511455972825], [127.1403735578747, 37.50511504133692], [127.14037006390632, 37.50511542386258], [127.14036654713513, 37.505115707305244], [127.1403630301971, 37.505115900648256], [127.14035950176589, 37.505115994894986], [127.14035597315115, 37.5051159900321], [127.14035244435287, 37.505115886059635], [127.14034892668072, 37.50511568296429], [127.14034542015132, 37.50511538975599], [127.14034192473142, 37.505114988414874], [127.14033845178061, 37.50511450595748], [127.1403350012489, 37.50511391535397], [127.14033157316963, 37.505113234624226], [127.14032817885241, 37.50511246375499], [127.14032482959026, 37.50511159372302], [127.1403215140902, 37.50511063355154], [127.14031823235223, 37.505109583240575], [127.14031500699562, 37.50510844276356], [127.14031183802035, 37.50510721212045], [127.14030872542641, 37.505105891311295], [127.14030565792093, 37.50510448935932], [127.14030266943271, 37.50510300622469], [127.14029973734256, 37.505101441933974], [127.1402968729434, 37.505099787463905], [127.14029408759487, 37.505098069831114], [127.14029138124694, 37.5050962620057], [127.14028875394965, 37.50509439101757], [127.14028620568631, 37.50509244785674], [127.14028374776655, 37.50509043250996], [127.14028138019037, 37.505088344977224], [127.1402790916815, 37.505086203291725], [127.14027691613542, 37.50508398939369], [127.14027481965663, 37.50508172134293], [127.14027283617395, 37.50507939909955], [127.14027095437777, 37.50507702267689], [127.14026917428482, 37.50507460108488], [127.14026749587833, 37.50507212531354], [127.14026593048462, 37.50506960435958], [127.14026447810366, 37.505067038223004], [127.14026313876877, 37.505064444923725], [127.14026191244663, 37.50506180644182], [127.14026079917059, 37.505059140797236], [127.14025979892395, 37.50505643898], [127.1402589230496, 37.50505371899673], [127.14025817153089, 37.50505097183747], [127.14025753307489, 37.50504820652548], [127.14025700768158, 37.505045423060785], [127.14025661798681, 37.50504263042672], [127.14025634137137, 37.50503982864988], [127.14025618916153, 37.505037026726946], [127.14025615003101, 37.50503421566123], [127.14025624661564, 37.505031404436096], [127.14025645629621, 37.50502859307818], [127.1402567904157, 37.505025799594044], [127.14025724894067, 37.5050230059638], [127.14025783192118, 37.50502023921732], [127.14025852801427, 37.50501748134795], [127.14025934856285, 37.505014750362335], [127.14026028224066, 37.505012037263825], [127.14026134037395, 37.50500935104902], [127.14026251166977, 37.5050067007412], [127.14026379612812, 37.50500408634036], [127.14026519373235, 37.50500149883654], [127.14026670451572, 37.50499895624965], [127.14026831716872, 37.504996458592935], [127.14027004300085, 37.504994005853135], [127.14027188202884, 37.504991607040196], [127.1402738116335, 37.50498926218069], [127.14027585441727, 37.50498696223808], [127.14027798779439, 37.50498472525884], [127.14028022307438, 37.504982551229645], [127.14028254893101, 37.50498043115391], [127.14028496539764, 37.50497838305142], [127.14028746114796, 37.504976397925596], [127.14029004752494, 37.504974493783024], [127.14029272449523, 37.504972652603755], [127.14029546947303, 37.504970892434315], [127.14029829375119, 37.50496920425144], [127.14030118603688, 37.50496759707836], [127.14030414633002, 37.50496607091507], [127.14030717463069, 37.50496462576158], [127.1403102709389, 37.504963261617874], [127.14031327685368, 37.50496194263014], [127.1403162373632, 37.50496053359595], [127.14031912988163, 37.50495905256178], [127.14032196570197, 37.504957490504395], [127.14032472222162, 37.50495585646035], [127.14032741073348, 37.50495414140638], [127.14033003127099, 37.5049523633624], [127.1403325725078, 37.50495051333175], [127.14033502313437, 37.50494859132774], [127.14033740578658, 37.50494660633375], [127.14033969784516, 37.50494455837636], [127.1403418993269, 37.50494245646549], [127.14034401021507, 37.50494029159127], [127.14034603052635, 37.5049380727636], [127.14034794895119, 37.50493579999578], [127.14034977679911, 37.50493347327453], [127.14035150277732, 37.50493110162311], [127.14035312688574, 37.50492868504152], [127.14035464912445, 37.50492622352977], [127.14035606951006, 37.50492372609781], [127.1403573767164, 37.50492118374896], [127.14035858208634, 37.50491861448987], [127.14035966300082, 37.50491601834713], [127.14036065337181, 37.50491338627089], [127.14036151930404, 37.504910736320944], [127.14036227209033, 37.504908059474054], [127.14036291174746, 37.50490536474018], [127.14036378584353, 37.50488269461944], [127.14031085697981, 37.50442450954338], [127.14026362777521, 37.50439973353309], [127.13977508597847, 37.50452624772175], [127.14032419795025, 37.50593109652037], [127.14031855716233, 37.50639688263919], [127.14030599920918, 37.50640691648159], [127.14030606258962, 37.50644115429763], [127.14031818193352, 37.50645078072768], [127.14031525830498, 37.506539343168484], [127.140314433369, 37.50656414858787], [127.1403815195401, 37.50655595176372]]]}}, {"type": "Feature", "properties": {"facility_layer": "UPIS_C_UQ152", "urban_facility": "주차장", "urban_facility_landuse": "도로/교통시설", "urban_facility_source": "도시계획 시설정보"}, "geometry": {"type": "Polygon", "coordinates": [[[127.13872211169371, 37.50564536078381], [127.13837249448578, 37.50573209087117], [127.13844396663485, 37.50591495553796], [127.13850404472949, 37.50594008677912], [127.13867827166384, 37.50589687101129], [127.13879776618647, 37.50583892422805], [127.13872211169371, 37.50564536078381]]]}}, {"type": "Feature", "properties": {"facility_layer": "UPIS_C_UQ153", "urban_facility": "완충녹지", "urban_facility_landuse": "공원/녹지", "urban_facility_source": "도시계획 시설정보"}, "geometry": {"type": "Polygon", "coordinates": [[[127.13954734026858, 37.505813399501854], [127.1395004488795, 37.50582503209583], [127.13945838096778, 37.505888853807605], [127.13975936217687, 37.50665889057753], [127.13986863998161, 37.50663539078263], [127.139864310483, 37.50662431358884], [127.13954734026858, 37.505813399501854]]]}}, {"type": "Feature", "properties": {"facility_layer": "UPIS_C_UQ153", "urban_facility": "공공공지", "urban_facility_landuse": "기타", "urban_facility_source": "도시계획 시설정보"}, "geometry": {"type": "Polygon", "coordinates": [[[127.14053708033614, 37.506546506550556], [127.14056357365791, 37.506543457029686], [127.1405595054579, 37.50653306431152], [127.14050615832463, 37.50653992961712], [127.14044159447305, 37.506548231665455], [127.14038730880273, 37.506555206140746], [127.14038868207017, 37.506563890138416], [127.14043945187647, 37.506557721684565], [127.14044994519162, 37.50655652002796], [127.14053708033614, 37.506546506550556]]]}}, {"type": "Feature", "properties": {"facility_layer": "UPIS_C_UQ153", "urban_facility": "공공공지", "urban_facility_landuse": "기타", "urban_facility_source": "도시계획 시설정보"}, "geometry": {"type": "Polygon", "coordinates": [[[127.14008267114657, 37.50660046955761], [127.14002464304647, 37.50659585242331], [127.1398642078964, 37.50662388123037], [127.13986846955258, 37.506634967513584], [127.14008267114657, 37.50660046955761]]]}}, {"type": "Feature", "properties": {"facility_layer": "UPIS_C_UQ153", "urban_facility": "공공공지", "urban_facility_landuse": "기타", "urban_facility_source": "도시계획 시설정보"}, "geometry": {"type": "Polygon", "coordinates": [[[127.14035229860559, 37.50664957267693], [127.14043792219084, 37.50662942483198], [127.14046076945378, 37.50662404603932], [127.1405479643623, 37.50660352685761], [127.1405837557523, 37.50659510545629], [127.14056357365791, 37.506543457029686], [127.14053708033614, 37.506546506550556], [127.14044994519162, 37.50655652002796], [127.14043945187647, 37.506557721684565], [127.14038868207017, 37.506563890138416], [127.14038730880273, 37.506555206140746], [127.1403815195401, 37.50655595176372], [127.1403144446955, 37.506564157584535], [127.14031434957911, 37.506567761684686], [127.14008267114657, 37.50660046955761], [127.13986846955258, 37.506634967513584], [127.13975920297518, 37.506658422245366], [127.13976962339636, 37.50668514263418], [127.13988754397509, 37.50673626229495], [127.1399327873628, 37.50672610911489], [127.13995470333089, 37.50673084069856], [127.13997936378034, 37.50672737899801], [127.14002491944059, 37.50672097356449], [127.14024381637343, 37.50667509922826], [127.14026952382079, 37.50666905037596], [127.1403141670436, 37.50665854636587], [127.14035229860559, 37.50664957267693]]]}}, {"type": "Feature", "properties": {"facility_layer": "UPIS_C_UQ153", "urban_facility": "수변공원", "urban_facility_landuse": "공원/녹지", "urban_facility_source": "도시계획 시설정보"}, "geometry": {"type": "Polygon", "coordinates": [[[127.13700867966523, 37.50762972126763], [127.13698110276441, 37.507559159781174], [127.13697022557311, 37.507529538463125], [127.13696062591247, 37.50749963637011], [127.13695230384619, 37.50746948954226], [127.13694529336782, 37.507439133980746], [127.13693959454089, 37.50740860572559], [127.13693521872264, 37.507377931793876], [127.13693214338919, 37.50734716627139], [127.13693041381131, 37.50731632712629], [127.13692999615515, 37.50728546845723], [127.13693470774469, 37.50670682472255], [127.13693934646723, 37.50655121720249], [127.13695073754756, 37.50639583619637], [127.13696885864972, 37.50624086192732], [127.13699368743842, 37.50608647461733], [127.13702519028554, 37.50593286351028], [127.1370633335639, 37.50578021784892], [127.13710643175034, 37.50562209743098], [127.13710681350969, 37.505620565297434], [127.13710712739461, 37.505619024231855], [127.13710737340514, 37.505617474234185], [127.1371075515412, 37.50561591530445], [127.13710767311255, 37.50561434742965], [127.13710771553241, 37.505612788655675], [127.13710769007784, 37.505611220949646], [127.13710759678146, 37.50560966233145], [127.13710743562696, 37.50560810379111], [127.13710720661439, 37.50560654532871], [127.13710692106967, 37.50560499594113], [127.13710655638978, 37.50560346466431], [127.13710612385181, 37.50560193346538], [127.13710563479799, 37.50560042035129], [127.13710506660901, 37.50559892534795], [127.13710444188793, 37.505597439419475], [127.13710374934138, 37.50559597158877], [127.13710300029531, 37.50559453085283], [127.13710218342375, 37.505593108214676], [127.13710131003639, 37.50559170366133], [127.1371003688562, 37.505590335225676], [127.13709937116016, 37.50558898487481], [127.13704525377489, 37.50557622578163], [127.13705153525054, 37.5055850213185], [127.13704836157565, 37.505606198395625], [127.13704414885449, 37.50561566370004], [127.13701787651055, 37.50567830413785], [127.13697955448907, 37.50576960108972], [127.13696758808356, 37.505800510006466], [127.1369165223391, 37.50594954843958], [127.13686344665477, 37.50610047223395], [127.13680418000706, 37.50629289401081], [127.1367837929106, 37.50638941415289], [127.13677327891334, 37.5064355932855], [127.1367616754531, 37.506517336021254], [127.13675239436658, 37.50659495853933], [127.13674437649587, 37.506733360874684], [127.13672328630004, 37.50699199820832], [127.13670048564185, 37.5072931465238], [127.13668608457372, 37.50746685720555], [127.13668113896284, 37.5075717569333], [127.13667563107938, 37.50762199381643], [127.13666017944665, 37.50780902242215], [127.13664309614086, 37.50791911675952], [127.13677456805114, 37.5078648073755], [127.13692628138139, 37.507802374682164], [127.13693465596766, 37.50779896832398], [127.13705561843341, 37.507749806355754], [127.13700867966523, 37.50762972126763]]]}}, {"type": "Feature", "properties": {"facility_layer": "UPIS_C_UQ153", "urban_facility": "완충녹지", "urban_facility_landuse": "공원/녹지", "urban_facility_source": "도시계획 시설정보"}, "geometry": {"type": "Polygon", "coordinates": [[[127.13705561843341, 37.507749806355754], [127.13705616382238, 37.50775119326531], [127.13791218575807, 37.507402828622226], [127.13821790088728, 37.50728228224888], [127.13844010335116, 37.50719940348454], [127.13933332699948, 37.50686600501683], [127.13939381528598, 37.50676921239917], [127.13907772442239, 37.50596049447543], [127.13901764611995, 37.50593536352655], [127.13895547073022, 37.50595078887105], [127.13927932130711, 37.50677932902113], [127.13889245840322, 37.50692293895759], [127.13885927506887, 37.50693524912145], [127.13868262375954, 37.50699605542778], [127.13866892477249, 37.50700077453769], [127.13850268361527, 37.50706449672823], [127.13842778344384, 37.507092271197166], [127.1383891528416, 37.50710692112409], [127.13832822343558, 37.5071301833668], [127.13700867966523, 37.50762972126763], [127.13705561843341, 37.507749806355754]]]}}, {"type": "Feature", "properties": {"facility_layer": "UPIS_C_UQ156", "urban_facility": "지방하천", "urban_facility_landuse": "하천/수공간", "urban_facility_source": "도시계획 시설정보"}, "geometry": {"type": "MultiPolygon", "coordinates": [[[[127.15805787169542, 37.4904796045251], [127.15804720599722, 37.49049452118574], [127.1580160804576, 37.490545126503164], [127.15798174314489, 37.49060095285167], [127.15795442653534, 37.49064537225223], [127.15795258720279, 37.49064718569631], [127.15790685190927, 37.49069217908086], [127.15785131051253, 37.490746835126096], [127.15766665167808, 37.49085166732321], [127.15757272544762, 37.49090299521295], [127.15753936103532, 37.49092122144333], [127.15747218182379, 37.49095317848359], [127.15738787731752, 37.49099328509342], [127.1572848803442, 37.491000205453894], [127.15729796154278, 37.491010333459215], [127.15733760525458, 37.491026472139666], [127.15734407863347, 37.49102911254009], [127.15735215711298, 37.49103148052329], [127.15739404298536, 37.49104374193037], [127.1574198155192, 37.491045050414314], [127.15746757243413, 37.49104760028556], [127.15758635938882, 37.491032045355816], [127.1576056334248, 37.49102951511618], [127.15760264574175, 37.49102287869833], [127.15759383038647, 37.4910033026189], [127.15792842738281, 37.49081189333315], [127.15797443005032, 37.490759529412436], [127.15804511029881, 37.49069319432253], [127.15816047285033, 37.490511374357006], [127.15808166458366, 37.490446311194624], [127.15808166083832, 37.49044630814916], [127.15805787169542, 37.4904796045251]]], [[[127.15729686347629, 37.491080522752924], [127.15727536862227, 37.49108087545162], [127.15723786285649, 37.49108148350968], [127.15713563395853, 37.49117527707967], [127.15706725228881, 37.49123828390768], [127.15702806736942, 37.49129075562814], [127.1565329484998, 37.49192775500295], [127.15655613073507, 37.491966809928805], [127.15662524413041, 37.49198372106963], [127.1566832056518, 37.491906465372885], [127.15669725623775, 37.49188774217621], [127.156700052826, 37.49188401737644], [127.15685004179882, 37.4916950609457], [127.15696741363472, 37.49154718775366], [127.15714455274771, 37.49129926085269], [127.15733876568984, 37.49112786006047], [127.15736347672102, 37.49110261750743], [127.1573572309074, 37.49110066156741], [127.15729686347629, 37.491080522752924]]], [[[127.15647432622738, 37.49200819201952], [127.15641888973693, 37.492131052879294], [127.15636798628356, 37.49224787107536], [127.15617050817517, 37.492686348666965], [127.15613972015046, 37.4927536305239], [127.15602003257679, 37.49304708931696], [127.15603570992805, 37.49307682881169], [127.15611154517948, 37.49309573167543], [127.15611306120309, 37.493096108111295], [127.15621608767849, 37.49286628157586], [127.15626474730126, 37.49275773756724], [127.15658356655152, 37.49203412361098], [127.1565219184607, 37.49201831989103], [127.15647432622738, 37.49200819201952]]], [[[127.15601800701879, 37.49313421856958], [127.15597818415046, 37.49315229061913], [127.15594883575332, 37.493210479459385], [127.1558597185893, 37.49340276998317], [127.15574864043892, 37.49363326442884], [127.1556812957581, 37.493778827607734], [127.15559323077902, 37.49395552925959], [127.15548020263589, 37.4941898822507], [127.15542135652937, 37.494322459810185], [127.15529423446237, 37.494538792972754], [127.15524735331826, 37.4945838949128], [127.15519776903797, 37.49463981233551], [127.15504775557017, 37.49478855504041], [127.15485811664077, 37.49498644440904], [127.15485757660565, 37.49500991612672], [127.15485726508575, 37.495023476561805], [127.15494506260661, 37.49506283533094], [127.15521313454569, 37.4947822492622], [127.15529444147298, 37.49469491777168], [127.15535065014836, 37.49463798256513], [127.15541384394184, 37.494573992422254], [127.1554206472664, 37.4945609641276], [127.155471920023, 37.49446282360694], [127.15549828860505, 37.49441240539018], [127.15553712603807, 37.49433808543426], [127.15553839882544, 37.49433564206819], [127.1560018801235, 37.49333642382944], [127.15608783372456, 37.49315111106778], [127.15608646479413, 37.4931507794891], [127.15601800701879, 37.49313421856958]]], [[[127.15482014278922, 37.49506882695237], [127.15481628192416, 37.49507201248757], [127.15479014871356, 37.49507193827395], [127.15477965469812, 37.49507189782776], [127.1547359263906, 37.49512180680444], [127.15465055667141, 37.495219207326684], [127.15458424629064, 37.495346919719765], [127.15446974228314, 37.49560317688229], [127.15438179956857, 37.4958534079185], [127.15435252444748, 37.49593203089066], [127.15429020660537, 37.49603844734305], [127.154283738124, 37.496049474919836], [127.15426966453363, 37.49609089400102], [127.15422054161829, 37.496235405591506], [127.15417401280418, 37.496365551889895], [127.15406732295541, 37.49665665815458], [127.15407179970427, 37.49675605953529], [127.1541503762328, 37.49680899982507], [127.15419991668867, 37.49684712012608], [127.1541992512961, 37.4967924574099], [127.15420446840379, 37.49661664784604], [127.15427969772729, 37.49643646802708], [127.15430075283334, 37.496386020923616], [127.15431517424724, 37.49633769073223], [127.15436961357705, 37.496155141078084], [127.15447199645428, 37.495910036071436], [127.15465192427784, 37.495457033164286], [127.1547381705407, 37.49527931648589], [127.15490456570465, 37.495105829513456], [127.15482014278922, 37.49506882695237]]], [[[127.15429320559187, 37.49773829415298], [127.15411751935414, 37.49773972854933], [127.15420656575932, 37.49858552471059], [127.15420901922089, 37.49872968124681], [127.15420456826547, 37.498798622368085], [127.15419139254804, 37.498853627312585], [127.15415196940279, 37.49893089379281], [127.1541178201633, 37.4989768437622], [127.15408782017658, 37.49901118350727], [127.1540819419908, 37.499017894524385], [127.15404081512041, 37.4990526901149], [127.15400232732465, 37.49907841824372], [127.15396297440844, 37.499095813243805], [127.1539166198959, 37.499118046612686], [127.15386415726616, 37.49913960308158], [127.15380819028128, 37.49915627162485], [127.15375573464559, 37.49917016054269], [127.15365868857843, 37.499189593947584], [127.15357913287224, 37.49920137330787], [127.15321628686145, 37.49924358302086], [127.15322019945336, 37.499271418837736], [127.15322968858152, 37.499339035568426], [127.15328822157431, 37.49936640478892], [127.15358338815501, 37.4993479512086], [127.15373726939677, 37.49932710216227], [127.15380134738862, 37.499311657565435], [127.15391407164066, 37.49927756260169], [127.153990752724, 37.49924800102395], [127.15404854810464, 37.49921841873126], [127.15410178993267, 37.49918520225911], [127.15418365332995, 37.49911826947147], [127.15423291224603, 37.49906180332549], [127.15427876206365, 37.49898617733673], [127.15430112759338, 37.49893470142217], [127.15431665089369, 37.49886635865763], [127.15433102235521, 37.498804387437005], [127.15433477670938, 37.49876547748068], [127.15433939835785, 37.49866382089005], [127.15433649661048, 37.49857172461018], [127.15432317079703, 37.49833099512767], [127.15429933136508, 37.49783652207619], [127.15429320559187, 37.49773829415298]]], [[[127.15423968177177, 37.49769357472917], [127.1542655786745, 37.497693775508985], [127.15424083822181, 37.49766727309328], [127.15422561437822, 37.497643785726034], [127.15422257262796, 37.49758281009075], [127.15421009934992, 37.49733286223909], [127.154197319612, 37.49707676095231], [127.15420120694864, 37.49695320201487], [127.15420077295755, 37.496917775317335], [127.15411978670076, 37.49686439668554], [127.15407522295673, 37.49683232463432], [127.1540959731221, 37.4972933297173], [127.15410721249233, 37.497542837687526], [127.154114070279, 37.49769527774745], [127.15423968177177, 37.49769357472917]]], [[[127.14989217122347, 37.50106113512916], [127.15096255201014, 37.50059811463842], [127.15092994434043, 37.50055071834245], [127.15097192050823, 37.50053237498934], [127.1511234369708, 37.50046398668032], [127.15119739579342, 37.500406535470944], [127.15131461255964, 37.50029320354027], [127.15171260539185, 37.49998192600725], [127.15175282884024, 37.499958268715446], [127.15185043124488, 37.49991662656875], [127.1519851818903, 37.499863115939625], [127.15200926817333, 37.49985107495642], [127.15225740723015, 37.49973881861153], [127.15257766859655, 37.499607485517814], [127.15293062933537, 37.499462720818514], [127.15312988226285, 37.49939175495202], [127.15316112142315, 37.49933238413478], [127.15315392822481, 37.49928164014575], [127.15315031460247, 37.49925623663783], [127.15313678329389, 37.499258839868965], [127.15299263431297, 37.49931103038884], [127.15246496775906, 37.499502068637824], [127.15233668383962, 37.499548516746536], [127.15224233132356, 37.4995862808591], [127.15221970681137, 37.49959409434476], [127.15210905048787, 37.499633654113225], [127.1516626108692, 37.49980215035427], [127.15158362269902, 37.49984371464357], [127.15147779639032, 37.499918127297256], [127.15143448408116, 37.499958015389375], [127.15135079027161, 37.50001612781659], [127.15120903392118, 37.50014655578579], [127.15106524777345, 37.500291483208926], [127.15087735988372, 37.50037577499776], [127.15082492863442, 37.50039693363517], [127.15083279993326, 37.500408438440594], [127.14898323312258, 37.501217343942095], [127.14893226911437, 37.50123758088817], [127.14887960289984, 37.501254855652675], [127.14882546013351, 37.50126889765263], [127.1487701802162, 37.50127976953281], [127.14871410212461, 37.501287317699685], [127.1486573389562, 37.50129154201115], [127.14860045611682, 37.50129241473248], [127.1485435665807, 37.50128987265299], [127.1484871230522, 37.50128408639908], [127.1484313515426, 37.501274965590504], [127.14837659134743, 37.50126251881643], [127.1483231820616, 37.501246907835814], [127.14822348575184, 37.50121440655069], [127.14825661441503, 37.50126870458577], [127.14832036056012, 37.50136538354592], [127.14838783552247, 37.50146035494844], [127.14841277935216, 37.50149294906564], [127.14847499559681, 37.501501250967756], [127.14854059890291, 37.50150665641897], [127.14860664805923, 37.501508736596826], [127.14867257740957, 37.501507393095366], [127.14873838729869, 37.50150280611394], [127.14880362517869, 37.50149488611718], [127.14886817795056, 37.50148363324708], [127.1489317067063, 37.50146923713719], [127.1489938719543, 37.50145159009321], [127.14905456079194, 37.50143079136805], [127.14911343427846, 37.50140701257695], [127.14989217122347, 37.50106113512916]]], [[[127.14505513197841, 37.49914033582761], [127.14473315178657, 37.49936641761968], [127.14490629100536, 37.49936746900198], [127.14497437928908, 37.499372440942125], [127.14503569333796, 37.49938316944086], [127.1450946379329, 37.499396702891644], [127.1451496272489, 37.49941168271878], [127.14520552353096, 37.49942783271479], [127.14526198907403, 37.49944596418754], [127.14531347982903, 37.499464642287364], [127.14536757371505, 37.49948440740279], [127.1454204258962, 37.49950533629346], [127.14549219539747, 37.49954273037345], [127.1455639649529, 37.49958011539952], [127.14563584768491, 37.499617509253596], [127.1456772968722, 37.4996481827182], [127.14572327655569, 37.49968246364043], [127.14576314880547, 37.49971637358252], [127.14580257118378, 37.49975155446766], [127.1458405248419, 37.49978745793209], [127.14587678256206, 37.49982354365607], [127.1459128158757, 37.499860530640994], [127.14594681330776, 37.49989734891399], [127.14598205870138, 37.499936219926475], [127.1460133438011, 37.499973933484554], [127.14604792360262, 37.50001948168643], [127.14608250344617, 37.50006502987773], [127.14611708350553, 37.500110668158065], [127.14639970484798, 37.50052686228248], [127.14642590260965, 37.50056521266453], [127.14645311785321, 37.50060338159266], [127.14648089717768, 37.50064082902374], [127.14651196361275, 37.500682146704825], [127.14654303008214, 37.50072346437741], [127.14657409658578, 37.50076478204146], [127.14660527603893, 37.50080600945854], [127.14664310809279, 37.50083703840853], [127.14668195644995, 37.5008672732193], [127.14672182123252, 37.5008967769595], [127.14675953208857, 37.500923571330496], [127.14680267077463, 37.500950097725], [127.1468460337501, 37.50097563273001], [127.14689425088504, 37.500996656756264], [127.14694246804696, 37.50101768076273], [127.14699068523589, 37.50103870474938], [127.1470389024518, 37.50105972871622], [127.1470871197122, 37.501080761673194], [127.1471353369821, 37.50110178560042], [127.14718355427901, 37.50112280950783], [127.14723143266535, 37.50114400500306], [127.14794469431841, 37.50137612114072], [127.14792745039283, 37.501348391779715], [127.14787071812066, 37.50125260491589], [127.14781737620008, 37.5011555344077], [127.1477675381324, 37.501057396358675], [127.14776356399426, 37.501049202197784], [127.14717431098822, 37.50084720565129], [127.1471146714556, 37.500826006607035], [127.14705661330429, 37.50080382349667], [127.14699412548619, 37.50077174384532], [127.14693795988077, 37.50073406118156], [127.14688788646981, 37.50068879360186], [127.14684709204823, 37.50064640678967], [127.14680923451948, 37.50060222336526], [127.14677465344536, 37.50055639608357], [127.14617651367507, 37.49973065353046], [127.14607873745328, 37.49963670901299], [127.14602831806208, 37.499587305901485], [127.14597021535477, 37.49954132694566], [127.14590622819152, 37.49949329186716], [127.14583443150033, 37.499441851510774], [127.14576921250567, 37.499400034749065], [127.14569675389524, 37.49935713657873], [127.14562363244337, 37.499322357165504], [127.14554531356096, 37.499289935648385], [127.14546428546043, 37.499260022155084], [127.14538077142484, 37.49923111174119], [127.14529646981653, 37.49920427452236], [127.14521092726234, 37.49917897945947], [127.14512391649701, 37.4991546591972], [127.14505513197841, 37.49914033582761]]], [[[127.14260990420706, 37.49935221388327], [127.14439761357391, 37.499362679308234], [127.14476296613516, 37.499108245495236], [127.14254193085299, 37.49910758393124], [127.14251648796763, 37.499108515297905], [127.14245294152808, 37.499113096113696], [127.14238996610113, 37.49912064950852], [127.14232756167944, 37.49913117548334], [127.1422660675171, 37.499144673634866], [127.1422057096293, 37.4991610626055], [127.14214671431932, 37.49918041420745], [127.14208930726578, 37.49920246688474], [127.14203360155106, 37.49922722050514], [127.14188581518543, 37.499297755139416], [127.14201034646618, 37.49955088670967], [127.14213199509666, 37.49947244524141], [127.14218837220152, 37.49944380747397], [127.14224577805764, 37.499421033952224], [127.14230228780569, 37.49940285656109], [127.14236241904875, 37.49938612543253], [127.14242255769675, 37.49937334964653], [127.14248111918067, 37.49936381029525], [127.1425509909476, 37.49935508633182], [127.14260990420706, 37.49935221388327]]], [[[127.13434264361763, 37.51612867593881], [127.1343489394459, 37.516126101021484], [127.13457882006477, 37.5160184436053], [127.13507496341805, 37.51590233998451], [127.13525936178745, 37.515859189891586], [127.13547034918965, 37.51581408123051], [127.13572946468487, 37.51576842197105], [127.13581873875951, 37.515752697237566], [127.13779913978658, 37.51550753856572], [127.13803402116284, 37.51547883191774], [127.13839610223597, 37.51543456143756], [127.13854624025613, 37.51539376146682], [127.13857944751848, 37.51542957356116], [127.13880229240425, 37.51537570552982], [127.13895286020914, 37.51532273208987], [127.13911014437986, 37.5152931765245], [127.13937718369925, 37.51522222710093], [127.140050613056, 37.515024724824336], [127.1400572943047, 37.51502276182762], [127.1403436616539, 37.5149330558443], [127.14053422212228, 37.51487321283931], [127.1406929743605, 37.514824948764364], [127.14085690630479, 37.51478246275913], [127.1410950222498, 37.51471894974905], [127.14123890820585, 37.51466916180213], [127.14139611338977, 37.51462274565261], [127.14236902043747, 37.514380311880515], [127.14256321458402, 37.51433560700707], [127.14263536292326, 37.51431509526005], [127.14266040664955, 37.51429166647563], [127.1427039338458, 37.514250907464124], [127.14282903053677, 37.51417127201987], [127.14284204518354, 37.514162985307415], [127.1429007651137, 37.514099430868335], [127.14295207338927, 37.51406432971516], [127.1429950743379, 37.51405053803308], [127.1431005135754, 37.51399573025909], [127.14337317445381, 37.51386348832104], [127.14339441742939, 37.513869995029104], [127.14339865464495, 37.513712315647446], [127.14337242581577, 37.51369503000571], [127.14340202727428, 37.51367750612212], [127.14343284125869, 37.51361339027227], [127.14343256746021, 37.51361215623672], [127.14342731270712, 37.51361470335829], [127.14321759639353, 37.51371608290376], [127.14319118658203, 37.51372869248517], [127.14304973824035, 37.513791868694945], [127.14299300180608, 37.51382143526818], [127.14293522850647, 37.51385900389941], [127.14274090142823, 37.51394644378336], [127.14273064745835, 37.513955141642846], [127.14271944487753, 37.51396464252176], [127.14262666032465, 37.51398831444027], [127.14248643619092, 37.51404137032685], [127.14246100112015, 37.51405516789587], [127.14243257848563, 37.51406217551411], [127.14227922223036, 37.5141153459289], [127.14213112913214, 37.51416449143743], [127.14203563046671, 37.514182643017136], [127.14181385914132, 37.514263059218734], [127.14128983308481, 37.514391450670004], [127.1411004558991, 37.51443581438995], [127.14065485410669, 37.514580229141345], [127.14046797047199, 37.51463391421651], [127.14015543819698, 37.51471551522401], [127.13920427962309, 37.51498116912337], [127.13915906839921, 37.51499312396833], [127.1387637790096, 37.51509838774371], [127.13858694372891, 37.51514955339648], [127.13851165826367, 37.5151689580829], [127.13838122349212, 37.51521528531741], [127.13831135488937, 37.51523410696241], [127.13800159886294, 37.51528385786092], [127.1377656376264, 37.515321764857354], [127.13775802695838, 37.51532272869108], [127.13614114322498, 37.51552611723468], [127.13578142615455, 37.51557136020182], [127.13524588563095, 37.51566017519163], [127.13469514509458, 37.51578918930112], [127.13468900609467, 37.515790881084406], [127.13448904175732, 37.51584592293499], [127.13448499459057, 37.515847197894814], [127.13425616091627, 37.51591987730112], [127.13377353671864, 37.51612773776916], [127.13372795562331, 37.5161296808863], [127.13368165247353, 37.51610702761134], [127.13366945631607, 37.51605424290879], [127.13371917020113, 37.51595850153564], [127.1336823875287, 37.51594656846364], [127.13407099528736, 37.51521623634558], [127.13525672078333, 37.512921144222176], [127.13537541325226, 37.51269134585423], [127.13544167405136, 37.512743258230955], [127.13576480788305, 37.51210318410871], [127.13593532945467, 37.51175088083334], [127.13613087732104, 37.51134684059227], [127.13614699168106, 37.511313566450596], [127.1362448622098, 37.51107452863553], [127.13630694738201, 37.510880455252526], [127.1363637274354, 37.510679990811596], [127.13642798793603, 37.51033122277266], [127.13645606907271, 37.51012869171959], [127.13647366542813, 37.50985709322068], [127.13647927851027, 37.5097897373096], [127.13648323909369, 37.50972172555795], [127.13649427707497, 37.50955162279652], [127.1365037978182, 37.5094057495641], [127.13652385675026, 37.50903215537887], [127.13653288324589, 37.50885055817385], [127.13653975071918, 37.508757576465925], [127.13654326441673, 37.508661291931304], [127.1365618248624, 37.50795206004238], [127.13664310732096, 37.507919044666956], [127.13666017944665, 37.50780902242215], [127.13667564237313, 37.50762198479354], [127.13668115028908, 37.50757176593031], [127.13668608457372, 37.50746685720555], [127.13670048564185, 37.5072931465238], [127.13672328630004, 37.50699199820832], [127.13674437651215, 37.50673336988463], [127.13675239436658, 37.50659495853933], [127.1367616754531, 37.506517336021254], [127.13677327891334, 37.5064355932855], [127.1367837929106, 37.50638941415289], [127.13680418000706, 37.50629289401081], [127.13686344665477, 37.50610047223395], [127.1369165223391, 37.50594954843958], [127.13696758808356, 37.505800510006466], [127.13697955448907, 37.50576960108972], [127.13701787651055, 37.50567830413785], [127.13704414885449, 37.50561566370004], [127.13704836157565, 37.505606198395625], [127.13705153525054, 37.5055850213185], [127.13704525377489, 37.50557622578163], [127.13630603856313, 37.50589613267755], [127.13631763491543, 37.50599892322963], [127.13632623157461, 37.50609395961596], [127.13633062134448, 37.50618918100052], [127.1363307926886, 37.506284470267296], [127.13632674536409, 37.50637970127701], [127.13631697444727, 37.506531097968335], [127.13629275399435, 37.506823418078525], [127.1362659039662, 37.50714414960576], [127.13623179440013, 37.507541357003035], [127.13622904054365, 37.50758863545509], [127.13621031122774, 37.50780899561866], [127.13620853814388, 37.507829324131336], [127.13619742380189, 37.507944556290994], [127.13618179014992, 37.5081065102887], [127.13619714935598, 37.50810027590023], [127.13619768054039, 37.50810005905537], [127.13619756943069, 37.50810116740823], [127.1361301896827, 37.50882871807064], [127.13609591926775, 37.50919384100545], [127.1360818775976, 37.50932931284882], [127.13605497838371, 37.50954799736551], [127.13598824514247, 37.51014562332666], [127.13597708207773, 37.5102214548959], [127.13595622513675, 37.51039142460625], [127.13593051392226, 37.51049720382885], [127.13587787778863, 37.51073218053132], [127.1358367467345, 37.510867620049495], [127.13582606468377, 37.510896428042585], [127.13580124495817, 37.51096338227712], [127.13573174948499, 37.511150850498495], [127.1356476046079, 37.51134359712712], [127.13551996724357, 37.511636016204065], [127.13545793577808, 37.511779344975864], [127.13508873682612, 37.51246651140588], [127.13513019202593, 37.512498981477364], [127.13377524560777, 37.51510907004077], [127.13368292100742, 37.51528693985442], [127.13366860494011, 37.51531479664224], [127.13359953399468, 37.515337678099634], [127.1335786777196, 37.51537706592558], [127.13362100593208, 37.515390902940645], [127.13349158990611, 37.515638722334295], [127.13338269069482, 37.51584742446952], [127.1332699304997, 37.515983510549646], [127.133189408713, 37.51605613949993], [127.13309632315706, 37.51612416929225], [127.13294873951246, 37.51620507182019], [127.1325429609541, 37.516375180106785], [127.13240993166642, 37.516176297647355], [127.1317836366181, 37.51644341441252], [127.13187663487922, 37.51658440773497], [127.13158534624087, 37.51670266916938], [127.1318636522724, 37.51711934314699], [127.13226767167772, 37.51697508872163], [127.1334876826054, 37.516477436569595], [127.13434264361763, 37.51612867593881]]], [[[127.14133370808054, 37.49941175540787], [127.13750323413932, 37.50123894570872], [127.13756673617819, 37.50133339628947], [127.1376355800955, 37.50144241882583], [127.13770092103525, 37.50155289596459], [127.13776253246026, 37.50166463876326], [127.13777944114334, 37.501696613696126], [127.14156959838175, 37.49989044661639], [127.14133370808054, 37.49941175540787]]], [[[127.1372017331863, 37.50136300840015], [127.13711066047249, 37.50140635185442], [127.13705247245323, 37.50143607046698], [127.13699666430422, 37.50146856139517], [127.13694346194336, 37.50150368022364], [127.13689309133866, 37.501541309567244], [127.1368455523268, 37.50158135932989], [127.13680129697849, 37.50162366681771], [127.13676032495404, 37.50166804282513], [127.13672286211293, 37.5017143068975], [127.13668902124137, 37.50176228771943], [127.13665891524023, 37.50181187704509], [127.1366326567354, 37.50186281345912], [127.13661035848374, 37.50191490762554], [127.13659213330793, 37.501968006247964], [127.13657798082637, 37.50202189308913], [127.13656790078787, 37.502076423991184], [127.1365633359037, 37.50211633440293], [127.13643256008575, 37.5040416455443], [127.13641889885388, 37.50424313319752], [127.13631657168516, 37.505766115766036], [127.13701777537294, 37.5054533792924], [127.1371171599888, 37.50399987534373], [127.13713590529407, 37.50379658878139], [127.13720415653506, 37.50270223977095], [127.13723857321489, 37.502160069883374], [127.13724314654876, 37.502125024824565], [127.1372519052277, 37.50209050654542], [127.13726484989861, 37.502056875443344], [127.13728198093145, 37.502024338746104], [127.13730284670648, 37.50199331142996], [127.1373275608665, 37.50196409970157], [127.13735567130468, 37.50193684823809], [127.1373869527022, 37.50191203482507], [127.13742117887652, 37.501889659720256], [127.13745801133871, 37.50187015578956], [127.13749315246255, 37.50185343787741], [127.13743958627633, 37.50175025417529], [127.13737707084461, 37.501638683438756], [127.1373107131427, 37.50152856769002], [127.13724051334667, 37.501419997022296], [127.1372017331863, 37.50136300840015]]], [[[127.12184329688539, 37.52522225327511], [127.12227877704814, 37.5252566773158], [127.12245644536398, 37.52522333893639], [127.12295306375098, 37.52500911351856], [127.12319841806905, 37.524998769870066], [127.12337975800688, 37.52499777201815], [127.1235541013104, 37.52507678942078], [127.1236922677394, 37.52510070313427], [127.12380191832492, 37.52511969074318], [127.12405317534581, 37.52512150263213], [127.12424809138966, 37.52505183358855], [127.12469732032581, 37.52484774120509], [127.1249353820406, 37.52473730107191], [127.12522404917374, 37.524650413521144], [127.1257749736162, 37.52437854578778], [127.12600333403088, 37.524286493988896], [127.12639138185962, 37.52416760359089], [127.12669975989539, 37.52403158738509], [127.12701842739108, 37.523758247867335], [127.12718271489531, 37.52350678579874], [127.12731196648343, 37.52341006159052], [127.12741289017052, 37.5233529211015], [127.1276792175269, 37.52330578520885], [127.12789343004098, 37.523078505554736], [127.12810476174839, 37.5220172678312], [127.12871967487985, 37.52107416654881], [127.12880079607021, 37.52088252762564], [127.1288767343225, 37.5207032378613], [127.12891186176849, 37.520605622217616], [127.12906968648807, 37.52028667983703], [127.12913785282704, 37.520127670670085], [127.12920201904514, 37.51994478941257], [127.12925474895074, 37.51975543331762], [127.12929583742877, 37.51957194625605], [127.12944941900341, 37.51875755059666], [127.12948401694406, 37.518615786553376], [127.12954596873418, 37.518462189812], [127.12962864361143, 37.51832208549107], [127.12973123412398, 37.518186374370885], [127.12984517069918, 37.51807101332947], [127.12997609324688, 37.51796671594864], [127.13011428944571, 37.517882592800774], [127.13048252436418, 37.517710731896166], [127.13109030410173, 37.5174422818845], [127.13114926838057, 37.517538903016465], [127.13142642630463, 37.517423361199604], [127.13115571984761, 37.51701803041646], [127.13089755391059, 37.517126432939705], [127.13006404821047, 37.51747647872276], [127.12986447142177, 37.51758409441065], [127.12971813166774, 37.51766849640773], [127.12955636360911, 37.517793189445015], [127.12941632701917, 37.51792596768916], [127.12928942486926, 37.518066660317515], [127.12918222589742, 37.518219945448664], [127.12909709241919, 37.51837807202339], [127.12903832359441, 37.518541395845816], [127.12901525429726, 37.51861169838669], [127.12884075485631, 37.51956712180619], [127.12879954235368, 37.51974484247493], [127.12874565487917, 37.519919333194686], [127.1286786404877, 37.52009095483308], [127.12860210775011, 37.5202531262214], [127.1285167603913, 37.52042062290452], [127.12841310065978, 37.520662831685556], [127.12827233858573, 37.520906071281935], [127.12814008352682, 37.521096503276446], [127.12780301371866, 37.521516547583666], [127.12763051603648, 37.52179252642262], [127.12753898542461, 37.52205247103069], [127.12749827580845, 37.52226280664878], [127.12747065121559, 37.52251844832971], [127.12745139191719, 37.52283805169956], [127.12741705312172, 37.52286818152984], [127.12718989988096, 37.52306934525246], [127.12701329749962, 37.52312692638337], [127.12677115026469, 37.52336000043355], [127.12672027134866, 37.523443756778235], [127.12662468323964, 37.52351251385429], [127.12644114335392, 37.523616682895685], [127.12630981085276, 37.523755394695016], [127.12624488137835, 37.523825740854825], [127.12605796323372, 37.52394000400256], [127.12592263211887, 37.523987719131746], [127.12590172021514, 37.52399747189676], [127.12566705512664, 37.524107369822026], [127.12510666231086, 37.52439897875061], [127.12504832829931, 37.52442246563132], [127.12435656809514, 37.52469979239724], [127.12399123887364, 37.52481027330013], [127.12383340928655, 37.52479881402268], [127.12362755050832, 37.52474821093984], [127.12354060650685, 37.52470937783326], [127.123174146892, 37.5246818250264], [127.12297505881138, 37.524690138869346], [127.12250420049452, 37.524812706870534], [127.12227590633516, 37.524809156321304], [127.12175782551061, 37.52476148166454], [127.12130283969124, 37.52490736447358], [127.12106770915668, 37.524944273173034], [127.12082026923115, 37.52492371039266], [127.12057376940247, 37.524853951848584], [127.12055508887356, 37.52484469043382], [127.12021036949795, 37.52461528375409], [127.12011476700816, 37.524465274100514], [127.12001221281234, 37.52421120646819], [127.11991920690957, 37.5241288587338], [127.11947616897689, 37.523887745367105], [127.1193458262713, 37.523729210311046], [127.11917497587216, 37.523636488075134], [127.11883262259836, 37.52361151065748], [127.11866354771965, 37.52356852082221], [127.11860532227463, 37.52351758225688], [127.11808178795167, 37.523592972738044], [127.1180088755951, 37.52362692207073], [127.11792893001552, 37.52364835446439], [127.11788742282553, 37.52365443203012], [127.11754948036882, 37.52370161622055], [127.11725517630376, 37.52365793642921], [127.11717292320752, 37.52365035854376], [127.11707277484902, 37.52355540162544], [127.11665605350727, 37.5235737383766], [127.11685984811578, 37.52390528577677], [127.11692494467269, 37.524011089059115], [127.11707210755097, 37.52400292632472], [127.11712303948549, 37.5239462940229], [127.11720506651339, 37.52395378206444], [127.11763132089366, 37.52402688495911], [127.1180258480477, 37.52406586991873], [127.11834133102033, 37.52405141268791], [127.1186911743836, 37.52416278947762], [127.1191514306606, 37.52441929563765], [127.11955073264846, 37.52454323452758], [127.12011291859693, 37.52486982248537], [127.12067619757568, 37.52516928671124], [127.12115669200088, 37.525268721264204], [127.12184329688539, 37.52522225327511]]]]}}, {"type": "Feature", "properties": {"facility_layer": "UPIS_C_UQ156", "urban_facility": "지방하천", "urban_facility_landuse": "하천/수공간", "urban_facility_source": "도시계획 시설정보"}, "geometry": {"type": "MultiPolygon", "coordinates": [[[[127.15805787169542, 37.4904796045251], [127.15804720599722, 37.49049452118574], [127.1580160804576, 37.490545126503164], [127.15798174314489, 37.49060095285167], [127.15795442653534, 37.49064537225223], [127.15795258720279, 37.49064718569631], [127.15790685190927, 37.49069217908086], [127.15785131051253, 37.490746835126096], [127.15766665167808, 37.49085166732321], [127.15757272544762, 37.49090299521295], [127.15753936103532, 37.49092122144333], [127.15747218182379, 37.49095317848359], [127.15738787731752, 37.49099328509342], [127.1572848803442, 37.491000205453894], [127.15729796154278, 37.491010333459215], [127.15733760525458, 37.491026472139666], [127.15734407863347, 37.49102911254009], [127.15735215711298, 37.49103148052329], [127.15739404298536, 37.49104374193037], [127.1574198155192, 37.491045050414314], [127.15746757243413, 37.49104760028556], [127.15758635938882, 37.491032045355816], [127.1576056334248, 37.49102951511618], [127.15760264574175, 37.49102287869833], [127.15759383038647, 37.4910033026189], [127.15792842738281, 37.49081189333315], [127.15797443005032, 37.490759529412436], [127.15804511029881, 37.49069319432253], [127.15816047285033, 37.490511374357006], [127.15808166458366, 37.490446311194624], [127.15808166083832, 37.49044630814916], [127.15805787169542, 37.4904796045251]]], [[[127.15729686347629, 37.491080522752924], [127.15727536862227, 37.49108087545162], [127.15723786285649, 37.49108148350968], [127.15713563395853, 37.49117527707967], [127.15706725228881, 37.49123828390768], [127.15702806736942, 37.49129075562814], [127.1565329484998, 37.49192775500295], [127.15655613073507, 37.491966809928805], [127.15662524413041, 37.49198372106963], [127.1566832056518, 37.491906465372885], [127.15669725623775, 37.49188774217621], [127.156700052826, 37.49188401737644], [127.15685004179882, 37.4916950609457], [127.15696741363472, 37.49154718775366], [127.15714455274771, 37.49129926085269], [127.15733876568984, 37.49112786006047], [127.15736347672102, 37.49110261750743], [127.1573572309074, 37.49110066156741], [127.15729686347629, 37.491080522752924]]], [[[127.15647432622738, 37.49200819201952], [127.15641888973693, 37.492131052879294], [127.15636798628356, 37.49224787107536], [127.15617050817517, 37.492686348666965], [127.15613972015046, 37.4927536305239], [127.15602003257679, 37.49304708931696], [127.15603570992805, 37.49307682881169], [127.15611154517948, 37.49309573167543], [127.15611306120309, 37.493096108111295], [127.15621608767849, 37.49286628157586], [127.15626474730126, 37.49275773756724], [127.15658356655152, 37.49203412361098], [127.1565219184607, 37.49201831989103], [127.15647432622738, 37.49200819201952]]], [[[127.15601800701879, 37.49313421856958], [127.15597818415046, 37.49315229061913], [127.15594883575332, 37.493210479459385], [127.1558597185893, 37.49340276998317], [127.15574864043892, 37.49363326442884], [127.1556812957581, 37.493778827607734], [127.15559323077902, 37.49395552925959], [127.15548020263589, 37.4941898822507], [127.15542135652937, 37.494322459810185], [127.15529423446237, 37.494538792972754], [127.15524735331826, 37.4945838949128], [127.15519776903797, 37.49463981233551], [127.15504775557017, 37.49478855504041], [127.15485811664077, 37.49498644440904], [127.15485757660565, 37.49500991612672], [127.15485726508575, 37.495023476561805], [127.15494506260661, 37.49506283533094], [127.15521313454569, 37.4947822492622], [127.15529444147298, 37.49469491777168], [127.15535065014836, 37.49463798256513], [127.15541384394184, 37.494573992422254], [127.1554206472664, 37.4945609641276], [127.155471920023, 37.49446282360694], [127.15549828860505, 37.49441240539018], [127.15553712603807, 37.49433808543426], [127.15553839882544, 37.49433564206819], [127.1560018801235, 37.49333642382944], [127.15608783372456, 37.49315111106778], [127.15608646479413, 37.4931507794891], [127.15601800701879, 37.49313421856958]]], [[[127.15482014278922, 37.49506882695237], [127.15481628192416, 37.49507201248757], [127.15479014871356, 37.49507193827395], [127.15477965469812, 37.49507189782776], [127.1547359263906, 37.49512180680444], [127.15465055667141, 37.495219207326684], [127.15458424629064, 37.495346919719765], [127.15446974228314, 37.49560317688229], [127.15438179956857, 37.4958534079185], [127.15435252444748, 37.49593203089066], [127.15429020660537, 37.49603844734305], [127.154283738124, 37.496049474919836], [127.15426966453363, 37.49609089400102], [127.15422054161829, 37.496235405591506], [127.15417401280418, 37.496365551889895], [127.15406732295541, 37.49665665815458], [127.15407179970427, 37.49675605953529], [127.1541503762328, 37.49680899982507], [127.15419991668867, 37.49684712012608], [127.1541992512961, 37.4967924574099], [127.15420446840379, 37.49661664784604], [127.15427969772729, 37.49643646802708], [127.15430075283334, 37.496386020923616], [127.15431517424724, 37.49633769073223], [127.15436961357705, 37.496155141078084], [127.15447199645428, 37.495910036071436], [127.15465192427784, 37.495457033164286], [127.1547381705407, 37.49527931648589], [127.15490456570465, 37.495105829513456], [127.15482014278922, 37.49506882695237]]], [[[127.15429320559187, 37.49773829415298], [127.15411751935414, 37.49773972854933], [127.15420656575932, 37.49858552471059], [127.15420901922089, 37.49872968124681], [127.15420456826547, 37.498798622368085], [127.15419139254804, 37.498853627312585], [127.15415196940279, 37.49893089379281], [127.1541178201633, 37.4989768437622], [127.15408782017658, 37.49901118350727], [127.1540819419908, 37.499017894524385], [127.15404081512041, 37.4990526901149], [127.15400232732465, 37.49907841824372], [127.15396297440844, 37.499095813243805], [127.1539166198959, 37.499118046612686], [127.15386415726616, 37.49913960308158], [127.15380819028128, 37.49915627162485], [127.15375573464559, 37.49917016054269], [127.15365868857843, 37.499189593947584], [127.15357913287224, 37.49920137330787], [127.15321628686145, 37.49924358302086], [127.15322019945336, 37.499271418837736], [127.15322968858152, 37.499339035568426], [127.15328822157431, 37.49936640478892], [127.15358338815501, 37.4993479512086], [127.15373726939677, 37.49932710216227], [127.15380134738862, 37.499311657565435], [127.15391407164066, 37.49927756260169], [127.153990752724, 37.49924800102395], [127.15404854810464, 37.49921841873126], [127.15410178993267, 37.49918520225911], [127.15418365332995, 37.49911826947147], [127.15423291224603, 37.49906180332549], [127.15427876206365, 37.49898617733673], [127.15430112759338, 37.49893470142217], [127.15431665089369, 37.49886635865763], [127.15433102235521, 37.498804387437005], [127.15433477670938, 37.49876547748068], [127.15433939835785, 37.49866382089005], [127.15433649661048, 37.49857172461018], [127.15432317079703, 37.49833099512767], [127.15429933136508, 37.49783652207619], [127.15429320559187, 37.49773829415298]]], [[[127.15423968177177, 37.49769357472917], [127.1542655786745, 37.497693775508985], [127.15424083822181, 37.49766727309328], [127.15422561437822, 37.497643785726034], [127.15422257262796, 37.49758281009075], [127.15421009934992, 37.49733286223909], [127.154197319612, 37.49707676095231], [127.15420120694864, 37.49695320201487], [127.15420077295755, 37.496917775317335], [127.15411978670076, 37.49686439668554], [127.15407522295673, 37.49683232463432], [127.1540959731221, 37.4972933297173], [127.15410721249233, 37.497542837687526], [127.154114070279, 37.49769527774745], [127.15423968177177, 37.49769357472917]]], [[[127.14989217122347, 37.50106113512916], [127.15096255201014, 37.50059811463842], [127.15092994434043, 37.50055071834245], [127.15097192050823, 37.50053237498934], [127.1511234369708, 37.50046398668032], [127.15119739579342, 37.500406535470944], [127.15131461255964, 37.50029320354027], [127.15171260539185, 37.49998192600725], [127.15175282884024, 37.499958268715446], [127.15185043124488, 37.49991662656875], [127.1519851818903, 37.499863115939625], [127.15200926817333, 37.49985107495642], [127.15225740723015, 37.49973881861153], [127.15257766859655, 37.499607485517814], [127.15293062933537, 37.499462720818514], [127.15312988226285, 37.49939175495202], [127.15316112142315, 37.49933238413478], [127.15315392822481, 37.49928164014575], [127.15315031460247, 37.49925623663783], [127.15313678329389, 37.499258839868965], [127.15299263431297, 37.49931103038884], [127.15246496775906, 37.499502068637824], [127.15233668383962, 37.499548516746536], [127.15224233132356, 37.4995862808591], [127.15221970681137, 37.49959409434476], [127.15210905048787, 37.499633654113225], [127.1516626108692, 37.49980215035427], [127.15158362269902, 37.49984371464357], [127.15147779639032, 37.499918127297256], [127.15143448408116, 37.499958015389375], [127.15135079027161, 37.50001612781659], [127.15120903392118, 37.50014655578579], [127.15106524777345, 37.500291483208926], [127.15087735988372, 37.50037577499776], [127.15082492863442, 37.50039693363517], [127.15083279993326, 37.500408438440594], [127.14898323312258, 37.501217343942095], [127.14893226911437, 37.50123758088817], [127.14887960289984, 37.501254855652675], [127.14882546013351, 37.50126889765263], [127.1487701802162, 37.50127976953281], [127.14871410212461, 37.501287317699685], [127.1486573389562, 37.50129154201115], [127.14860045611682, 37.50129241473248], [127.1485435665807, 37.50128987265299], [127.1484871230522, 37.50128408639908], [127.1484313515426, 37.501274965590504], [127.14837659134743, 37.50126251881643], [127.1483231820616, 37.501246907835814], [127.14822348575184, 37.50121440655069], [127.14825661441503, 37.50126870458577], [127.14832036056012, 37.50136538354592], [127.14838783552247, 37.50146035494844], [127.14841277935216, 37.50149294906564], [127.14847499559681, 37.501501250967756], [127.14854059890291, 37.50150665641897], [127.14860664805923, 37.501508736596826], [127.14867257740957, 37.501507393095366], [127.14873838729869, 37.50150280611394], [127.14880362517869, 37.50149488611718], [127.14886817795056, 37.50148363324708], [127.1489317067063, 37.50146923713719], [127.1489938719543, 37.50145159009321], [127.14905456079194, 37.50143079136805], [127.14911343427846, 37.50140701257695], [127.14989217122347, 37.50106113512916]]], [[[127.14505513197841, 37.49914033582761], [127.14473315178657, 37.49936641761968], [127.14490629100536, 37.49936746900198], [127.14497437928908, 37.499372440942125], [127.14503569333796, 37.49938316944086], [127.1450946379329, 37.499396702891644], [127.1451496272489, 37.49941168271878], [127.14520552353096, 37.49942783271479], [127.14526198907403, 37.49944596418754], [127.14531347982903, 37.499464642287364], [127.14536757371505, 37.49948440740279], [127.1454204258962, 37.49950533629346], [127.14549219539747, 37.49954273037345], [127.1455639649529, 37.49958011539952], [127.14563584768491, 37.499617509253596], [127.1456772968722, 37.4996481827182], [127.14572327655569, 37.49968246364043], [127.14576314880547, 37.49971637358252], [127.14580257118378, 37.49975155446766], [127.1458405248419, 37.49978745793209], [127.14587678256206, 37.49982354365607], [127.1459128158757, 37.499860530640994], [127.14594681330776, 37.49989734891399], [127.14598205870138, 37.499936219926475], [127.1460133438011, 37.499973933484554], [127.14604792360262, 37.50001948168643], [127.14608250344617, 37.50006502987773], [127.14611708350553, 37.500110668158065], [127.14639970484798, 37.50052686228248], [127.14642590260965, 37.50056521266453], [127.14645311785321, 37.50060338159266], [127.14648089717768, 37.50064082902374], [127.14651196361275, 37.500682146704825], [127.14654303008214, 37.50072346437741], [127.14657409658578, 37.50076478204146], [127.14660527603893, 37.50080600945854], [127.14664310809279, 37.50083703840853], [127.14668195644995, 37.5008672732193], [127.14672182123252, 37.5008967769595], [127.14675953208857, 37.500923571330496], [127.14680267077463, 37.500950097725], [127.1468460337501, 37.50097563273001], [127.14689425088504, 37.500996656756264], [127.14694246804696, 37.50101768076273], [127.14699068523589, 37.50103870474938], [127.1470389024518, 37.50105972871622], [127.1470871197122, 37.501080761673194], [127.1471353369821, 37.50110178560042], [127.14718355427901, 37.50112280950783], [127.14723143266535, 37.50114400500306], [127.14794469431841, 37.50137612114072], [127.14792745039283, 37.501348391779715], [127.14787071812066, 37.50125260491589], [127.14781737620008, 37.5011555344077], [127.1477675381324, 37.501057396358675], [127.14776356399426, 37.501049202197784], [127.14717431098822, 37.50084720565129], [127.1471146714556, 37.500826006607035], [127.14705661330429, 37.50080382349667], [127.14699412548619, 37.50077174384532], [127.14693795988077, 37.50073406118156], [127.14688788646981, 37.50068879360186], [127.14684709204823, 37.50064640678967], [127.14680923451948, 37.50060222336526], [127.14677465344536, 37.50055639608357], [127.14617651367507, 37.49973065353046], [127.14607873745328, 37.49963670901299], [127.14602831806208, 37.499587305901485], [127.14597021535477, 37.49954132694566], [127.14590622819152, 37.49949329186716], [127.14583443150033, 37.499441851510774], [127.14576921250567, 37.499400034749065], [127.14569675389524, 37.49935713657873], [127.14562363244337, 37.499322357165504], [127.14554531356096, 37.499289935648385], [127.14546428546043, 37.499260022155084], [127.14538077142484, 37.49923111174119], [127.14529646981653, 37.49920427452236], [127.14521092726234, 37.49917897945947], [127.14512391649701, 37.4991546591972], [127.14505513197841, 37.49914033582761]]], [[[127.14260990420706, 37.49935221388327], [127.14439761357391, 37.499362679308234], [127.14476296613516, 37.499108245495236], [127.14254193085299, 37.49910758393124], [127.14251648796763, 37.499108515297905], [127.14245294152808, 37.499113096113696], [127.14238996610113, 37.49912064950852], [127.14232756167944, 37.49913117548334], [127.1422660675171, 37.499144673634866], [127.1422057096293, 37.4991610626055], [127.14214671431932, 37.49918041420745], [127.14208930726578, 37.49920246688474], [127.14203360155106, 37.49922722050514], [127.14188581518543, 37.499297755139416], [127.14201034646618, 37.49955088670967], [127.14213199509666, 37.49947244524141], [127.14218837220152, 37.49944380747397], [127.14224577805764, 37.499421033952224], [127.14230228780569, 37.49940285656109], [127.14236241904875, 37.49938612543253], [127.14242255769675, 37.49937334964653], [127.14248111918067, 37.49936381029525], [127.1425509909476, 37.49935508633182], [127.14260990420706, 37.49935221388327]]], [[[127.13434264361763, 37.51612867593881], [127.1343489394459, 37.516126101021484], [127.13457882006477, 37.5160184436053], [127.13507496341805, 37.51590233998451], [127.13525936178745, 37.515859189891586], [127.13547034918965, 37.51581408123051], [127.13572946468487, 37.51576842197105], [127.13581873875951, 37.515752697237566], [127.13779913978658, 37.51550753856572], [127.13803402116284, 37.51547883191774], [127.13839610223597, 37.51543456143756], [127.13854624025613, 37.51539376146682], [127.13857944751848, 37.51542957356116], [127.13880229240425, 37.51537570552982], [127.13895286020914, 37.51532273208987], [127.13911014437986, 37.5152931765245], [127.13937718369925, 37.51522222710093], [127.140050613056, 37.515024724824336], [127.1400572943047, 37.51502276182762], [127.1403436616539, 37.5149330558443], [127.14053422212228, 37.51487321283931], [127.1406929743605, 37.514824948764364], [127.14085690630479, 37.51478246275913], [127.1410950222498, 37.51471894974905], [127.14123890820585, 37.51466916180213], [127.14139611338977, 37.51462274565261], [127.14236902043747, 37.514380311880515], [127.14256321458402, 37.51433560700707], [127.14263536292326, 37.51431509526005], [127.14266040664955, 37.51429166647563], [127.1427039338458, 37.514250907464124], [127.14282903053677, 37.51417127201987], [127.14284204518354, 37.514162985307415], [127.1429007651137, 37.514099430868335], [127.14295207338927, 37.51406432971516], [127.1429950743379, 37.51405053803308], [127.1431005135754, 37.51399573025909], [127.14337317445381, 37.51386348832104], [127.14339441742939, 37.513869995029104], [127.14339865464495, 37.513712315647446], [127.14337242581577, 37.51369503000571], [127.14340202727428, 37.51367750612212], [127.14343284125869, 37.51361339027227], [127.14343256746021, 37.51361215623672], [127.14342731270712, 37.51361470335829], [127.14321759639353, 37.51371608290376], [127.14319118658203, 37.51372869248517], [127.14304973824035, 37.513791868694945], [127.14299300180608, 37.51382143526818], [127.14293522850647, 37.51385900389941], [127.14274090142823, 37.51394644378336], [127.14273064745835, 37.513955141642846], [127.14271944487753, 37.51396464252176], [127.14262666032465, 37.51398831444027], [127.14248643619092, 37.51404137032685], [127.14246100112015, 37.51405516789587], [127.14243257848563, 37.51406217551411], [127.14227922223036, 37.5141153459289], [127.14213112913214, 37.51416449143743], [127.14203563046671, 37.514182643017136], [127.14181385914132, 37.514263059218734], [127.14128983308481, 37.514391450670004], [127.1411004558991, 37.51443581438995], [127.14065485410669, 37.514580229141345], [127.14046797047199, 37.51463391421651], [127.14015543819698, 37.51471551522401], [127.13920427962309, 37.51498116912337], [127.13915906839921, 37.51499312396833], [127.1387637790096, 37.51509838774371], [127.13858694372891, 37.51514955339648], [127.13851165826367, 37.5151689580829], [127.13838122349212, 37.51521528531741], [127.13831135488937, 37.51523410696241], [127.13800159886294, 37.51528385786092], [127.1377656376264, 37.515321764857354], [127.13775802695838, 37.51532272869108], [127.13614114322498, 37.51552611723468], [127.13578142615455, 37.51557136020182], [127.13524588563095, 37.51566017519163], [127.13469514509458, 37.51578918930112], [127.13468900609467, 37.515790881084406], [127.13448904175732, 37.51584592293499], [127.13448499459057, 37.515847197894814], [127.13425616091627, 37.51591987730112], [127.13377353671864, 37.51612773776916], [127.13372795562331, 37.5161296808863], [127.13368165247353, 37.51610702761134], [127.13366945631607, 37.51605424290879], [127.13371917020113, 37.51595850153564], [127.1336823875287, 37.51594656846364], [127.13407099528736, 37.51521623634558], [127.13525672078333, 37.512921144222176], [127.13537541325226, 37.51269134585423], [127.13544167405136, 37.512743258230955], [127.13576480788305, 37.51210318410871], [127.13593532945467, 37.51175088083334], [127.13613087732104, 37.51134684059227], [127.13614699168106, 37.511313566450596], [127.1362448622098, 37.51107452863553], [127.13630694738201, 37.510880455252526], [127.1363637274354, 37.510679990811596], [127.13642798793603, 37.51033122277266], [127.13645606907271, 37.51012869171959], [127.13647366542813, 37.50985709322068], [127.13647927851027, 37.5097897373096], [127.13648323909369, 37.50972172555795], [127.13649427707497, 37.50955162279652], [127.1365037978182, 37.5094057495641], [127.13652385675026, 37.50903215537887], [127.13653288324589, 37.50885055817385], [127.13653975071918, 37.508757576465925], [127.13654326441673, 37.508661291931304], [127.1365618248624, 37.50795206004238], [127.13664310732096, 37.507919044666956], [127.13666017944665, 37.50780902242215], [127.13667564237313, 37.50762198479354], [127.13668115028908, 37.50757176593031], [127.13668608457372, 37.50746685720555], [127.13670048564185, 37.5072931465238], [127.13672328630004, 37.50699199820832], [127.13674437651215, 37.50673336988463], [127.13675239436658, 37.50659495853933], [127.1367616754531, 37.506517336021254], [127.13677327891334, 37.5064355932855], [127.1367837929106, 37.50638941415289], [127.13680418000706, 37.50629289401081], [127.13686344665477, 37.50610047223395], [127.1369165223391, 37.50594954843958], [127.13696758808356, 37.505800510006466], [127.13697955448907, 37.50576960108972], [127.13701787651055, 37.50567830413785], [127.13704414885449, 37.50561566370004], [127.13704836157565, 37.505606198395625], [127.13705153525054, 37.5055850213185], [127.13704525377489, 37.50557622578163], [127.13630603856313, 37.50589613267755], [127.13631763491543, 37.50599892322963], [127.13632623157461, 37.50609395961596], [127.13633062134448, 37.50618918100052], [127.1363307926886, 37.506284470267296], [127.13632674536409, 37.50637970127701], [127.13631697444727, 37.506531097968335], [127.13629275399435, 37.506823418078525], [127.1362659039662, 37.50714414960576], [127.13623179440013, 37.507541357003035], [127.13622904054365, 37.50758863545509], [127.13621031122774, 37.50780899561866], [127.13620853814388, 37.507829324131336], [127.13619742380189, 37.507944556290994], [127.13618179014992, 37.5081065102887], [127.13619714935598, 37.50810027590023], [127.13619768054039, 37.50810005905537], [127.13619756943069, 37.50810116740823], [127.1361301896827, 37.50882871807064], [127.13609591926775, 37.50919384100545], [127.1360818775976, 37.50932931284882], [127.13605497838371, 37.50954799736551], [127.13598824514247, 37.51014562332666], [127.13597708207773, 37.5102214548959], [127.13595622513675, 37.51039142460625], [127.13593051392226, 37.51049720382885], [127.13587787778863, 37.51073218053132], [127.1358367467345, 37.510867620049495], [127.13582606468377, 37.510896428042585], [127.13580124495817, 37.51096338227712], [127.13573174948499, 37.511150850498495], [127.1356476046079, 37.51134359712712], [127.13551996724357, 37.511636016204065], [127.13545793577808, 37.511779344975864], [127.13508873682612, 37.51246651140588], [127.13513019202593, 37.512498981477364], [127.13377524560777, 37.51510907004077], [127.13368292100742, 37.51528693985442], [127.13366860494011, 37.51531479664224], [127.13359953399468, 37.515337678099634], [127.1335786777196, 37.51537706592558], [127.13362100593208, 37.515390902940645], [127.13349158990611, 37.515638722334295], [127.13338269069482, 37.51584742446952], [127.1332699304997, 37.515983510549646], [127.133189408713, 37.51605613949993], [127.13309632315706, 37.51612416929225], [127.13294873951246, 37.51620507182019], [127.1325429609541, 37.516375180106785], [127.13240993166642, 37.516176297647355], [127.1317836366181, 37.51644341441252], [127.13187663487922, 37.51658440773497], [127.13158534624087, 37.51670266916938], [127.1318636522724, 37.51711934314699], [127.13226767167772, 37.51697508872163], [127.1334876826054, 37.516477436569595], [127.13434264361763, 37.51612867593881]]], [[[127.14133370808054, 37.49941175540787], [127.13750323413932, 37.50123894570872], [127.13756673617819, 37.50133339628947], [127.1376355800955, 37.50144241882583], [127.13770092103525, 37.50155289596459], [127.13776253246026, 37.50166463876326], [127.13777944114334, 37.501696613696126], [127.14156959838175, 37.49989044661639], [127.14133370808054, 37.49941175540787]]], [[[127.1372017331863, 37.50136300840015], [127.13711066047249, 37.50140635185442], [127.13705247245323, 37.50143607046698], [127.13699666430422, 37.50146856139517], [127.13694346194336, 37.50150368022364], [127.13689309133866, 37.501541309567244], [127.1368455523268, 37.50158135932989], [127.13680129697849, 37.50162366681771], [127.13676032495404, 37.50166804282513], [127.13672286211293, 37.5017143068975], [127.13668902124137, 37.50176228771943], [127.13665891524023, 37.50181187704509], [127.1366326567354, 37.50186281345912], [127.13661035848374, 37.50191490762554], [127.13659213330793, 37.501968006247964], [127.13657798082637, 37.50202189308913], [127.13656790078787, 37.502076423991184], [127.1365633359037, 37.50211633440293], [127.13643256008575, 37.5040416455443], [127.13641889885388, 37.50424313319752], [127.13631657168516, 37.505766115766036], [127.13701777537294, 37.5054533792924], [127.1371171599888, 37.50399987534373], [127.13713590529407, 37.50379658878139], [127.13720415653506, 37.50270223977095], [127.13723857321489, 37.502160069883374], [127.13724314654876, 37.502125024824565], [127.1372519052277, 37.50209050654542], [127.13726484989861, 37.502056875443344], [127.13728198093145, 37.502024338746104], [127.13730284670648, 37.50199331142996], [127.1373275608665, 37.50196409970157], [127.13735567130468, 37.50193684823809], [127.1373869527022, 37.50191203482507], [127.13742117887652, 37.501889659720256], [127.13745801133871, 37.50187015578956], [127.13749315246255, 37.50185343787741], [127.13743958627633, 37.50175025417529], [127.13737707084461, 37.501638683438756], [127.1373107131427, 37.50152856769002], [127.13724051334667, 37.501419997022296], [127.1372017331863, 37.50136300840015]]], [[[127.12184329688539, 37.52522225327511], [127.12227877704814, 37.5252566773158], [127.12245644536398, 37.52522333893639], [127.12295306375098, 37.52500911351856], [127.12319841806905, 37.524998769870066], [127.12337975800688, 37.52499777201815], [127.1235541013104, 37.52507678942078], [127.1236922677394, 37.52510070313427], [127.12380191832492, 37.52511969074318], [127.12405317534581, 37.52512150263213], [127.12424809138966, 37.52505183358855], [127.12469732032581, 37.52484774120509], [127.1249353820406, 37.52473730107191], [127.12522404917374, 37.524650413521144], [127.1257749736162, 37.52437854578778], [127.12600333403088, 37.524286493988896], [127.12639138185962, 37.52416760359089], [127.12669975989539, 37.52403158738509], [127.12701842739108, 37.523758247867335], [127.12718271489531, 37.52350678579874], [127.12731196648343, 37.52341006159052], [127.12741289017052, 37.5233529211015], [127.1276792175269, 37.52330578520885], [127.12789343004098, 37.523078505554736], [127.12810476174839, 37.5220172678312], [127.12871967487985, 37.52107416654881], [127.12880079607021, 37.52088252762564], [127.1288767343225, 37.5207032378613], [127.12891186176849, 37.520605622217616], [127.12906968648807, 37.52028667983703], [127.12913785282704, 37.520127670670085], [127.12920201904514, 37.51994478941257], [127.12925474895074, 37.51975543331762], [127.12929583742877, 37.51957194625605], [127.12944941900341, 37.51875755059666], [127.12948401694406, 37.518615786553376], [127.12954596873418, 37.518462189812], [127.12962864361143, 37.51832208549107], [127.12973123412398, 37.518186374370885], [127.12984517069918, 37.51807101332947], [127.12997609324688, 37.51796671594864], [127.13011428944571, 37.517882592800774], [127.13048252436418, 37.517710731896166], [127.13109030410173, 37.5174422818845], [127.13114926838057, 37.517538903016465], [127.13142642630463, 37.517423361199604], [127.13115571984761, 37.51701803041646], [127.13089755391059, 37.517126432939705], [127.13006404821047, 37.51747647872276], [127.12986447142177, 37.51758409441065], [127.12971813166774, 37.51766849640773], [127.12955636360911, 37.517793189445015], [127.12941632701917, 37.51792596768916], [127.12928942486926, 37.518066660317515], [127.12918222589742, 37.518219945448664], [127.12909709241919, 37.51837807202339], [127.12903832359441, 37.518541395845816], [127.12901525429726, 37.51861169838669], [127.12884075485631, 37.51956712180619], [127.12879954235368, 37.51974484247493], [127.12874565487917, 37.519919333194686], [127.1286786404877, 37.52009095483308], [127.12860210775011, 37.5202531262214], [127.1285167603913, 37.52042062290452], [127.12841310065978, 37.520662831685556], [127.12827233858573, 37.520906071281935], [127.12814008352682, 37.521096503276446], [127.12780301371866, 37.521516547583666], [127.12763051603648, 37.52179252642262], [127.12753898542461, 37.52205247103069], [127.12749827580845, 37.52226280664878], [127.12747065121559, 37.52251844832971], [127.12745139191719, 37.52283805169956], [127.12741705312172, 37.52286818152984], [127.12718989988096, 37.52306934525246], [127.12701329749962, 37.52312692638337], [127.12677115026469, 37.52336000043355], [127.12672027134866, 37.523443756778235], [127.12662468323964, 37.52351251385429], [127.12644114335392, 37.523616682895685], [127.12630981085276, 37.523755394695016], [127.12624488137835, 37.523825740854825], [127.12605796323372, 37.52394000400256], [127.12592263211887, 37.523987719131746], [127.12590172021514, 37.52399747189676], [127.12566705512664, 37.524107369822026], [127.12510666231086, 37.52439897875061], [127.12504832829931, 37.52442246563132], [127.12435656809514, 37.52469979239724], [127.12399123887364, 37.52481027330013], [127.12383340928655, 37.52479881402268], [127.12362755050832, 37.52474821093984], [127.12354060650685, 37.52470937783326], [127.123174146892, 37.5246818250264], [127.12297505881138, 37.524690138869346], [127.12250420049452, 37.524812706870534], [127.12227590633516, 37.524809156321304], [127.12175782551061, 37.52476148166454], [127.12130283969124, 37.52490736447358], [127.12106770915668, 37.524944273173034], [127.12082026923115, 37.52492371039266], [127.12057376940247, 37.524853951848584], [127.12055508887356, 37.52484469043382], [127.12021036949795, 37.52461528375409], [127.12011476700816, 37.524465274100514], [127.12001221281234, 37.52421120646819], [127.11991920690957, 37.5241288587338], [127.11947616897689, 37.523887745367105], [127.1193458262713, 37.523729210311046], [127.11917497587216, 37.523636488075134], [127.11883262259836, 37.52361151065748], [127.11866354771965, 37.52356852082221], [127.11860532227463, 37.52351758225688], [127.11808178795167, 37.523592972738044], [127.1180088755951, 37.52362692207073], [127.11792893001552, 37.52364835446439], [127.11788742282553, 37.52365443203012], [127.11754948036882, 37.52370161622055], [127.11725517630376, 37.52365793642921], [127.11717292320752, 37.52365035854376], [127.11707277484902, 37.52355540162544], [127.11665605350727, 37.5235737383766], [127.11685984811578, 37.52390528577677], [127.11692494467269, 37.524011089059115], [127.11707210755097, 37.52400292632472], [127.11712303948549, 37.5239462940229], [127.11720506651339, 37.52395378206444], [127.11763132089366, 37.52402688495911], [127.1180258480477, 37.52406586991873], [127.11834133102033, 37.52405141268791], [127.1186911743836, 37.52416278947762], [127.1191514306606, 37.52441929563765], [127.11955073264846, 37.52454323452758], [127.12011291859693, 37.52486982248537], [127.12067619757568, 37.52516928671124], [127.12115669200088, 37.525268721264204], [127.12184329688539, 37.52522225327511]]]]}}, {"type": "Feature", "properties": {"facility_layer": "UPIS_C_UQ156", "urban_facility": "지방하천", "urban_facility_landuse": "하천/수공간", "urban_facility_source": "도시계획 시설정보"}, "geometry": {"type": "MultiPolygon", "coordinates": [[[[127.15805787169542, 37.4904796045251], [127.15804720599722, 37.49049452118574], [127.1580160804576, 37.490545126503164], [127.15798174314489, 37.49060095285167], [127.15795442653534, 37.49064537225223], [127.15795258720279, 37.49064718569631], [127.15790685190927, 37.49069217908086], [127.15785131051253, 37.490746835126096], [127.15766665167808, 37.49085166732321], [127.15757272544762, 37.49090299521295], [127.15753936103532, 37.49092122144333], [127.15747218182379, 37.49095317848359], [127.15738787731752, 37.49099328509342], [127.1572848803442, 37.491000205453894], [127.15729796154278, 37.491010333459215], [127.15733760525458, 37.491026472139666], [127.15734407863347, 37.49102911254009], [127.15735215711298, 37.49103148052329], [127.15739404298536, 37.49104374193037], [127.1574198155192, 37.491045050414314], [127.15746757243413, 37.49104760028556], [127.15758635938882, 37.491032045355816], [127.1576056334248, 37.49102951511618], [127.15760264574175, 37.49102287869833], [127.15759383038647, 37.4910033026189], [127.15792842738281, 37.49081189333315], [127.15797443005032, 37.490759529412436], [127.15804511029881, 37.49069319432253], [127.15816047285033, 37.490511374357006], [127.15808166458366, 37.490446311194624], [127.15808166083832, 37.49044630814916], [127.15805787169542, 37.4904796045251]]], [[[127.15729686347629, 37.491080522752924], [127.15727536862227, 37.49108087545162], [127.15723786285649, 37.49108148350968], [127.15713563395853, 37.49117527707967], [127.15706725228881, 37.49123828390768], [127.15702806736942, 37.49129075562814], [127.1565329484998, 37.49192775500295], [127.15655613073507, 37.491966809928805], [127.15662524413041, 37.49198372106963], [127.1566832056518, 37.491906465372885], [127.15669725623775, 37.49188774217621], [127.156700052826, 37.49188401737644], [127.15685004179882, 37.4916950609457], [127.15696741363472, 37.49154718775366], [127.15714455274771, 37.49129926085269], [127.15733876568984, 37.49112786006047], [127.15736347672102, 37.49110261750743], [127.1573572309074, 37.49110066156741], [127.15729686347629, 37.491080522752924]]], [[[127.15647432622738, 37.49200819201952], [127.15641888973693, 37.492131052879294], [127.15636798628356, 37.49224787107536], [127.15617050817517, 37.492686348666965], [127.15613972015046, 37.4927536305239], [127.15602003257679, 37.49304708931696], [127.15603570992805, 37.49307682881169], [127.15611154517948, 37.49309573167543], [127.15611306120309, 37.493096108111295], [127.15621608767849, 37.49286628157586], [127.15626474730126, 37.49275773756724], [127.15658356655152, 37.49203412361098], [127.1565219184607, 37.49201831989103], [127.15647432622738, 37.49200819201952]]], [[[127.15601800701879, 37.49313421856958], [127.15597818415046, 37.49315229061913], [127.15594883575332, 37.493210479459385], [127.1558597185893, 37.49340276998317], [127.15574864043892, 37.49363326442884], [127.1556812957581, 37.493778827607734], [127.15559323077902, 37.49395552925959], [127.15548020263589, 37.4941898822507], [127.15542135652937, 37.494322459810185], [127.15529423446237, 37.494538792972754], [127.15524735331826, 37.4945838949128], [127.15519776903797, 37.49463981233551], [127.15504775557017, 37.49478855504041], [127.15485811664077, 37.49498644440904], [127.15485757660565, 37.49500991612672], [127.15485726508575, 37.495023476561805], [127.15494506260661, 37.49506283533094], [127.15521313454569, 37.4947822492622], [127.15529444147298, 37.49469491777168], [127.15535065014836, 37.49463798256513], [127.15541384394184, 37.494573992422254], [127.1554206472664, 37.4945609641276], [127.155471920023, 37.49446282360694], [127.15549828860505, 37.49441240539018], [127.15553712603807, 37.49433808543426], [127.15553839882544, 37.49433564206819], [127.1560018801235, 37.49333642382944], [127.15608783372456, 37.49315111106778], [127.15608646479413, 37.4931507794891], [127.15601800701879, 37.49313421856958]]], [[[127.15482014278922, 37.49506882695237], [127.15481628192416, 37.49507201248757], [127.15479014871356, 37.49507193827395], [127.15477965469812, 37.49507189782776], [127.1547359263906, 37.49512180680444], [127.15465055667141, 37.495219207326684], [127.15458424629064, 37.495346919719765], [127.15446974228314, 37.49560317688229], [127.15438179956857, 37.4958534079185], [127.15435252444748, 37.49593203089066], [127.15429020660537, 37.49603844734305], [127.154283738124, 37.496049474919836], [127.15426966453363, 37.49609089400102], [127.15422054161829, 37.496235405591506], [127.15417401280418, 37.496365551889895], [127.15406732295541, 37.49665665815458], [127.15407179970427, 37.49675605953529], [127.1541503762328, 37.49680899982507], [127.15419991668867, 37.49684712012608], [127.1541992512961, 37.4967924574099], [127.15420446840379, 37.49661664784604], [127.15427969772729, 37.49643646802708], [127.15430075283334, 37.496386020923616], [127.15431517424724, 37.49633769073223], [127.15436961357705, 37.496155141078084], [127.15447199645428, 37.495910036071436], [127.15465192427784, 37.495457033164286], [127.1547381705407, 37.49527931648589], [127.15490456570465, 37.495105829513456], [127.15482014278922, 37.49506882695237]]], [[[127.15429320559187, 37.49773829415298], [127.15411751935414, 37.49773972854933], [127.15420656575932, 37.49858552471059], [127.15420901922089, 37.49872968124681], [127.15420456826547, 37.498798622368085], [127.15419139254804, 37.498853627312585], [127.15415196940279, 37.49893089379281], [127.1541178201633, 37.4989768437622], [127.15408782017658, 37.49901118350727], [127.1540819419908, 37.499017894524385], [127.15404081512041, 37.4990526901149], [127.15400232732465, 37.49907841824372], [127.15396297440844, 37.499095813243805], [127.1539166198959, 37.499118046612686], [127.15386415726616, 37.49913960308158], [127.15380819028128, 37.49915627162485], [127.15375573464559, 37.49917016054269], [127.15365868857843, 37.499189593947584], [127.15357913287224, 37.49920137330787], [127.15321628686145, 37.49924358302086], [127.15322019945336, 37.499271418837736], [127.15322968858152, 37.499339035568426], [127.15328822157431, 37.49936640478892], [127.15358338815501, 37.4993479512086], [127.15373726939677, 37.49932710216227], [127.15380134738862, 37.499311657565435], [127.15391407164066, 37.49927756260169], [127.153990752724, 37.49924800102395], [127.15404854810464, 37.49921841873126], [127.15410178993267, 37.49918520225911], [127.15418365332995, 37.49911826947147], [127.15423291224603, 37.49906180332549], [127.15427876206365, 37.49898617733673], [127.15430112759338, 37.49893470142217], [127.15431665089369, 37.49886635865763], [127.15433102235521, 37.498804387437005], [127.15433477670938, 37.49876547748068], [127.15433939835785, 37.49866382089005], [127.15433649661048, 37.49857172461018], [127.15432317079703, 37.49833099512767], [127.15429933136508, 37.49783652207619], [127.15429320559187, 37.49773829415298]]], [[[127.15423968177177, 37.49769357472917], [127.1542655786745, 37.497693775508985], [127.15424083822181, 37.49766727309328], [127.15422561437822, 37.497643785726034], [127.15422257262796, 37.49758281009075], [127.15421009934992, 37.49733286223909], [127.154197319612, 37.49707676095231], [127.15420120694864, 37.49695320201487], [127.15420077295755, 37.496917775317335], [127.15411978670076, 37.49686439668554], [127.15407522295673, 37.49683232463432], [127.1540959731221, 37.4972933297173], [127.15410721249233, 37.497542837687526], [127.154114070279, 37.49769527774745], [127.15423968177177, 37.49769357472917]]], [[[127.14989217122347, 37.50106113512916], [127.15096255201014, 37.50059811463842], [127.15092994434043, 37.50055071834245], [127.15097192050823, 37.50053237498934], [127.1511234369708, 37.50046398668032], [127.15119739579342, 37.500406535470944], [127.15131461255964, 37.50029320354027], [127.15171260539185, 37.49998192600725], [127.15175282884024, 37.499958268715446], [127.15185043124488, 37.49991662656875], [127.1519851818903, 37.499863115939625], [127.15200926817333, 37.49985107495642], [127.15225740723015, 37.49973881861153], [127.15257766859655, 37.499607485517814], [127.15293062933537, 37.499462720818514], [127.15312988226285, 37.49939175495202], [127.15316112142315, 37.49933238413478], [127.15315392822481, 37.49928164014575], [127.15315031460247, 37.49925623663783], [127.15313678329389, 37.499258839868965], [127.15299263431297, 37.49931103038884], [127.15246496775906, 37.499502068637824], [127.15233668383962, 37.499548516746536], [127.15224233132356, 37.4995862808591], [127.15221970681137, 37.49959409434476], [127.15210905048787, 37.499633654113225], [127.1516626108692, 37.49980215035427], [127.15158362269902, 37.49984371464357], [127.15147779639032, 37.499918127297256], [127.15143448408116, 37.499958015389375], [127.15135079027161, 37.50001612781659], [127.15120903392118, 37.50014655578579], [127.15106524777345, 37.500291483208926], [127.15087735988372, 37.50037577499776], [127.15082492863442, 37.50039693363517], [127.15083279993326, 37.500408438440594], [127.14898323312258, 37.501217343942095], [127.14893226911437, 37.50123758088817], [127.14887960289984, 37.501254855652675], [127.14882546013351, 37.50126889765263], [127.1487701802162, 37.50127976953281], [127.14871410212461, 37.501287317699685], [127.1486573389562, 37.50129154201115], [127.14860045611682, 37.50129241473248], [127.1485435665807, 37.50128987265299], [127.1484871230522, 37.50128408639908], [127.1484313515426, 37.501274965590504], [127.14837659134743, 37.50126251881643], [127.1483231820616, 37.501246907835814], [127.14822348575184, 37.50121440655069], [127.14825661441503, 37.50126870458577], [127.14832036056012, 37.50136538354592], [127.14838783552247, 37.50146035494844], [127.14841277935216, 37.50149294906564], [127.14847499559681, 37.501501250967756], [127.14854059890291, 37.50150665641897], [127.14860664805923, 37.501508736596826], [127.14867257740957, 37.501507393095366], [127.14873838729869, 37.50150280611394], [127.14880362517869, 37.50149488611718], [127.14886817795056, 37.50148363324708], [127.1489317067063, 37.50146923713719], [127.1489938719543, 37.50145159009321], [127.14905456079194, 37.50143079136805], [127.14911343427846, 37.50140701257695], [127.14989217122347, 37.50106113512916]]], [[[127.14505513197841, 37.49914033582761], [127.14473315178657, 37.49936641761968], [127.14490629100536, 37.49936746900198], [127.14497437928908, 37.499372440942125], [127.14503569333796, 37.49938316944086], [127.1450946379329, 37.499396702891644], [127.1451496272489, 37.49941168271878], [127.14520552353096, 37.49942783271479], [127.14526198907403, 37.49944596418754], [127.14531347982903, 37.499464642287364], [127.14536757371505, 37.49948440740279], [127.1454204258962, 37.49950533629346], [127.14549219539747, 37.49954273037345], [127.1455639649529, 37.49958011539952], [127.14563584768491, 37.499617509253596], [127.1456772968722, 37.4996481827182], [127.14572327655569, 37.49968246364043], [127.14576314880547, 37.49971637358252], [127.14580257118378, 37.49975155446766], [127.1458405248419, 37.49978745793209], [127.14587678256206, 37.49982354365607], [127.1459128158757, 37.499860530640994], [127.14594681330776, 37.49989734891399], [127.14598205870138, 37.499936219926475], [127.1460133438011, 37.499973933484554], [127.14604792360262, 37.50001948168643], [127.14608250344617, 37.50006502987773], [127.14611708350553, 37.500110668158065], [127.14639970484798, 37.50052686228248], [127.14642590260965, 37.50056521266453], [127.14645311785321, 37.50060338159266], [127.14648089717768, 37.50064082902374], [127.14651196361275, 37.500682146704825], [127.14654303008214, 37.50072346437741], [127.14657409658578, 37.50076478204146], [127.14660527603893, 37.50080600945854], [127.14664310809279, 37.50083703840853], [127.14668195644995, 37.5008672732193], [127.14672182123252, 37.5008967769595], [127.14675953208857, 37.500923571330496], [127.14680267077463, 37.500950097725], [127.1468460337501, 37.50097563273001], [127.14689425088504, 37.500996656756264], [127.14694246804696, 37.50101768076273], [127.14699068523589, 37.50103870474938], [127.1470389024518, 37.50105972871622], [127.1470871197122, 37.501080761673194], [127.1471353369821, 37.50110178560042], [127.14718355427901, 37.50112280950783], [127.14723143266535, 37.50114400500306], [127.14794469431841, 37.50137612114072], [127.14792745039283, 37.501348391779715], [127.14787071812066, 37.50125260491589], [127.14781737620008, 37.5011555344077], [127.1477675381324, 37.501057396358675], [127.14776356399426, 37.501049202197784], [127.14717431098822, 37.50084720565129], [127.1471146714556, 37.500826006607035], [127.14705661330429, 37.50080382349667], [127.14699412548619, 37.50077174384532], [127.14693795988077, 37.50073406118156], [127.14688788646981, 37.50068879360186], [127.14684709204823, 37.50064640678967], [127.14680923451948, 37.50060222336526], [127.14677465344536, 37.50055639608357], [127.14617651367507, 37.49973065353046], [127.14607873745328, 37.49963670901299], [127.14602831806208, 37.499587305901485], [127.14597021535477, 37.49954132694566], [127.14590622819152, 37.49949329186716], [127.14583443150033, 37.499441851510774], [127.14576921250567, 37.499400034749065], [127.14569675389524, 37.49935713657873], [127.14562363244337, 37.499322357165504], [127.14554531356096, 37.499289935648385], [127.14546428546043, 37.499260022155084], [127.14538077142484, 37.49923111174119], [127.14529646981653, 37.49920427452236], [127.14521092726234, 37.49917897945947], [127.14512391649701, 37.4991546591972], [127.14505513197841, 37.49914033582761]]], [[[127.14260990420706, 37.49935221388327], [127.14439761357391, 37.499362679308234], [127.14476296613516, 37.499108245495236], [127.14254193085299, 37.49910758393124], [127.14251648796763, 37.499108515297905], [127.14245294152808, 37.499113096113696], [127.14238996610113, 37.49912064950852], [127.14232756167944, 37.49913117548334], [127.1422660675171, 37.499144673634866], [127.1422057096293, 37.4991610626055], [127.14214671431932, 37.49918041420745], [127.14208930726578, 37.49920246688474], [127.14203360155106, 37.49922722050514], [127.14188581518543, 37.499297755139416], [127.14201034646618, 37.49955088670967], [127.14213199509666, 37.49947244524141], [127.14218837220152, 37.49944380747397], [127.14224577805764, 37.499421033952224], [127.14230228780569, 37.49940285656109], [127.14236241904875, 37.49938612543253], [127.14242255769675, 37.49937334964653], [127.14248111918067, 37.49936381029525], [127.1425509909476, 37.49935508633182], [127.14260990420706, 37.49935221388327]]], [[[127.13434264361763, 37.51612867593881], [127.1343489394459, 37.516126101021484], [127.13457882006477, 37.5160184436053], [127.13507496341805, 37.51590233998451], [127.13525936178745, 37.515859189891586], [127.13547034918965, 37.51581408123051], [127.13572946468487, 37.51576842197105], [127.13581873875951, 37.515752697237566], [127.13779913978658, 37.51550753856572], [127.13803402116284, 37.51547883191774], [127.13839610223597, 37.51543456143756], [127.13854624025613, 37.51539376146682], [127.13857944751848, 37.51542957356116], [127.13880229240425, 37.51537570552982], [127.13895286020914, 37.51532273208987], [127.13911014437986, 37.5152931765245], [127.13937718369925, 37.51522222710093], [127.140050613056, 37.515024724824336], [127.1400572943047, 37.51502276182762], [127.1403436616539, 37.5149330558443], [127.14053422212228, 37.51487321283931], [127.1406929743605, 37.514824948764364], [127.14085690630479, 37.51478246275913], [127.1410950222498, 37.51471894974905], [127.14123890820585, 37.51466916180213], [127.14139611338977, 37.51462274565261], [127.14236902043747, 37.514380311880515], [127.14256321458402, 37.51433560700707], [127.14263536292326, 37.51431509526005], [127.14266040664955, 37.51429166647563], [127.1427039338458, 37.514250907464124], [127.14282903053677, 37.51417127201987], [127.14284204518354, 37.514162985307415], [127.1429007651137, 37.514099430868335], [127.14295207338927, 37.51406432971516], [127.1429950743379, 37.51405053803308], [127.1431005135754, 37.51399573025909], [127.14337317445381, 37.51386348832104], [127.14339441742939, 37.513869995029104], [127.14339865464495, 37.513712315647446], [127.14337242581577, 37.51369503000571], [127.14340202727428, 37.51367750612212], [127.14343284125869, 37.51361339027227], [127.14343256746021, 37.51361215623672], [127.14342731270712, 37.51361470335829], [127.14321759639353, 37.51371608290376], [127.14319118658203, 37.51372869248517], [127.14304973824035, 37.513791868694945], [127.14299300180608, 37.51382143526818], [127.14293522850647, 37.51385900389941], [127.14274090142823, 37.51394644378336], [127.14273064745835, 37.513955141642846], [127.14271944487753, 37.51396464252176], [127.14262666032465, 37.51398831444027], [127.14248643619092, 37.51404137032685], [127.14246100112015, 37.51405516789587], [127.14243257848563, 37.51406217551411], [127.14227922223036, 37.5141153459289], [127.14213112913214, 37.51416449143743], [127.14203563046671, 37.514182643017136], [127.14181385914132, 37.514263059218734], [127.14128983308481, 37.514391450670004], [127.1411004558991, 37.51443581438995], [127.14065485410669, 37.514580229141345], [127.14046797047199, 37.51463391421651], [127.14015543819698, 37.51471551522401], [127.13920427962309, 37.51498116912337], [127.13915906839921, 37.51499312396833], [127.1387637790096, 37.51509838774371], [127.13858694372891, 37.51514955339648], [127.13851165826367, 37.5151689580829], [127.13838122349212, 37.51521528531741], [127.13831135488937, 37.51523410696241], [127.13800159886294, 37.51528385786092], [127.1377656376264, 37.515321764857354], [127.13775802695838, 37.51532272869108], [127.13614114322498, 37.51552611723468], [127.13578142615455, 37.51557136020182], [127.13524588563095, 37.51566017519163], [127.13469514509458, 37.51578918930112], [127.13468900609467, 37.515790881084406], [127.13448904175732, 37.51584592293499], [127.13448499459057, 37.515847197894814], [127.13425616091627, 37.51591987730112], [127.13377353671864, 37.51612773776916], [127.13372795562331, 37.5161296808863], [127.13368165247353, 37.51610702761134], [127.13366945631607, 37.51605424290879], [127.13371917020113, 37.51595850153564], [127.1336823875287, 37.51594656846364], [127.13407099528736, 37.51521623634558], [127.13525672078333, 37.512921144222176], [127.13537541325226, 37.51269134585423], [127.13544167405136, 37.512743258230955], [127.13576480788305, 37.51210318410871], [127.13593532945467, 37.51175088083334], [127.13613087732104, 37.51134684059227], [127.13614699168106, 37.511313566450596], [127.1362448622098, 37.51107452863553], [127.13630694738201, 37.510880455252526], [127.1363637274354, 37.510679990811596], [127.13642798793603, 37.51033122277266], [127.13645606907271, 37.51012869171959], [127.13647366542813, 37.50985709322068], [127.13647927851027, 37.5097897373096], [127.13648323909369, 37.50972172555795], [127.13649427707497, 37.50955162279652], [127.1365037978182, 37.5094057495641], [127.13652385675026, 37.50903215537887], [127.13653288324589, 37.50885055817385], [127.13653975071918, 37.508757576465925], [127.13654326441673, 37.508661291931304], [127.1365618248624, 37.50795206004238], [127.13664310732096, 37.507919044666956], [127.13666017944665, 37.50780902242215], [127.13667564237313, 37.50762198479354], [127.13668115028908, 37.50757176593031], [127.13668608457372, 37.50746685720555], [127.13670048564185, 37.5072931465238], [127.13672328630004, 37.50699199820832], [127.13674437651215, 37.50673336988463], [127.13675239436658, 37.50659495853933], [127.1367616754531, 37.506517336021254], [127.13677327891334, 37.5064355932855], [127.1367837929106, 37.50638941415289], [127.13680418000706, 37.50629289401081], [127.13686344665477, 37.50610047223395], [127.1369165223391, 37.50594954843958], [127.13696758808356, 37.505800510006466], [127.13697955448907, 37.50576960108972], [127.13701787651055, 37.50567830413785], [127.13704414885449, 37.50561566370004], [127.13704836157565, 37.505606198395625], [127.13705153525054, 37.5055850213185], [127.13704525377489, 37.50557622578163], [127.13630603856313, 37.50589613267755], [127.13631763491543, 37.50599892322963], [127.13632623157461, 37.50609395961596], [127.13633062134448, 37.50618918100052], [127.1363307926886, 37.506284470267296], [127.13632674536409, 37.50637970127701], [127.13631697444727, 37.506531097968335], [127.13629275399435, 37.506823418078525], [127.1362659039662, 37.50714414960576], [127.13623179440013, 37.507541357003035], [127.13622904054365, 37.50758863545509], [127.13621031122774, 37.50780899561866], [127.13620853814388, 37.507829324131336], [127.13619742380189, 37.507944556290994], [127.13618179014992, 37.5081065102887], [127.13619714935598, 37.50810027590023], [127.13619768054039, 37.50810005905537], [127.13619756943069, 37.50810116740823], [127.1361301896827, 37.50882871807064], [127.13609591926775, 37.50919384100545], [127.1360818775976, 37.50932931284882], [127.13605497838371, 37.50954799736551], [127.13598824514247, 37.51014562332666], [127.13597708207773, 37.5102214548959], [127.13595622513675, 37.51039142460625], [127.13593051392226, 37.51049720382885], [127.13587787778863, 37.51073218053132], [127.1358367467345, 37.510867620049495], [127.13582606468377, 37.510896428042585], [127.13580124495817, 37.51096338227712], [127.13573174948499, 37.511150850498495], [127.1356476046079, 37.51134359712712], [127.13551996724357, 37.511636016204065], [127.13545793577808, 37.511779344975864], [127.13508873682612, 37.51246651140588], [127.13513019202593, 37.512498981477364], [127.13377524560777, 37.51510907004077], [127.13368292100742, 37.51528693985442], [127.13366860494011, 37.51531479664224], [127.13359953399468, 37.515337678099634], [127.1335786777196, 37.51537706592558], [127.13362100593208, 37.515390902940645], [127.13349158990611, 37.515638722334295], [127.13338269069482, 37.51584742446952], [127.1332699304997, 37.515983510549646], [127.133189408713, 37.51605613949993], [127.13309632315706, 37.51612416929225], [127.13294873951246, 37.51620507182019], [127.1325429609541, 37.516375180106785], [127.13240993166642, 37.516176297647355], [127.1317836366181, 37.51644341441252], [127.13187663487922, 37.51658440773497], [127.13158534624087, 37.51670266916938], [127.1318636522724, 37.51711934314699], [127.13226767167772, 37.51697508872163], [127.1334876826054, 37.516477436569595], [127.13434264361763, 37.51612867593881]]], [[[127.14133370808054, 37.49941175540787], [127.13750323413932, 37.50123894570872], [127.13756673617819, 37.50133339628947], [127.1376355800955, 37.50144241882583], [127.13770092103525, 37.50155289596459], [127.13776253246026, 37.50166463876326], [127.13777944114334, 37.501696613696126], [127.14156959838175, 37.49989044661639], [127.14133370808054, 37.49941175540787]]], [[[127.1372017331863, 37.50136300840015], [127.13711066047249, 37.50140635185442], [127.13705247245323, 37.50143607046698], [127.13699666430422, 37.50146856139517], [127.13694346194336, 37.50150368022364], [127.13689309133866, 37.501541309567244], [127.1368455523268, 37.50158135932989], [127.13680129697849, 37.50162366681771], [127.13676032495404, 37.50166804282513], [127.13672286211293, 37.5017143068975], [127.13668902124137, 37.50176228771943], [127.13665891524023, 37.50181187704509], [127.1366326567354, 37.50186281345912], [127.13661035848374, 37.50191490762554], [127.13659213330793, 37.501968006247964], [127.13657798082637, 37.50202189308913], [127.13656790078787, 37.502076423991184], [127.1365633359037, 37.50211633440293], [127.13643256008575, 37.5040416455443], [127.13641889885388, 37.50424313319752], [127.13631657168516, 37.505766115766036], [127.13701777537294, 37.5054533792924], [127.1371171599888, 37.50399987534373], [127.13713590529407, 37.50379658878139], [127.13720415653506, 37.50270223977095], [127.13723857321489, 37.502160069883374], [127.13724314654876, 37.502125024824565], [127.1372519052277, 37.50209050654542], [127.13726484989861, 37.502056875443344], [127.13728198093145, 37.502024338746104], [127.13730284670648, 37.50199331142996], [127.1373275608665, 37.50196409970157], [127.13735567130468, 37.50193684823809], [127.1373869527022, 37.50191203482507], [127.13742117887652, 37.501889659720256], [127.13745801133871, 37.50187015578956], [127.13749315246255, 37.50185343787741], [127.13743958627633, 37.50175025417529], [127.13737707084461, 37.501638683438756], [127.1373107131427, 37.50152856769002], [127.13724051334667, 37.501419997022296], [127.1372017331863, 37.50136300840015]]], [[[127.12184329688539, 37.52522225327511], [127.12227877704814, 37.5252566773158], [127.12245644536398, 37.52522333893639], [127.12295306375098, 37.52500911351856], [127.12319841806905, 37.524998769870066], [127.12337975800688, 37.52499777201815], [127.1235541013104, 37.52507678942078], [127.1236922677394, 37.52510070313427], [127.12380191832492, 37.52511969074318], [127.12405317534581, 37.52512150263213], [127.12424809138966, 37.52505183358855], [127.12469732032581, 37.52484774120509], [127.1249353820406, 37.52473730107191], [127.12522404917374, 37.524650413521144], [127.1257749736162, 37.52437854578778], [127.12600333403088, 37.524286493988896], [127.12639138185962, 37.52416760359089], [127.12669975989539, 37.52403158738509], [127.12701842739108, 37.523758247867335], [127.12718271489531, 37.52350678579874], [127.12731196648343, 37.52341006159052], [127.12741289017052, 37.5233529211015], [127.1276792175269, 37.52330578520885], [127.12789343004098, 37.523078505554736], [127.12810476174839, 37.5220172678312], [127.12871967487985, 37.52107416654881], [127.12880079607021, 37.52088252762564], [127.1288767343225, 37.5207032378613], [127.12891186176849, 37.520605622217616], [127.12906968648807, 37.52028667983703], [127.12913785282704, 37.520127670670085], [127.12920201904514, 37.51994478941257], [127.12925474895074, 37.51975543331762], [127.12929583742877, 37.51957194625605], [127.12944941900341, 37.51875755059666], [127.12948401694406, 37.518615786553376], [127.12954596873418, 37.518462189812], [127.12962864361143, 37.51832208549107], [127.12973123412398, 37.518186374370885], [127.12984517069918, 37.51807101332947], [127.12997609324688, 37.51796671594864], [127.13011428944571, 37.517882592800774], [127.13048252436418, 37.517710731896166], [127.13109030410173, 37.5174422818845], [127.13114926838057, 37.517538903016465], [127.13142642630463, 37.517423361199604], [127.13115571984761, 37.51701803041646], [127.13089755391059, 37.517126432939705], [127.13006404821047, 37.51747647872276], [127.12986447142177, 37.51758409441065], [127.12971813166774, 37.51766849640773], [127.12955636360911, 37.517793189445015], [127.12941632701917, 37.51792596768916], [127.12928942486926, 37.518066660317515], [127.12918222589742, 37.518219945448664], [127.12909709241919, 37.51837807202339], [127.12903832359441, 37.518541395845816], [127.12901525429726, 37.51861169838669], [127.12884075485631, 37.51956712180619], [127.12879954235368, 37.51974484247493], [127.12874565487917, 37.519919333194686], [127.1286786404877, 37.52009095483308], [127.12860210775011, 37.5202531262214], [127.1285167603913, 37.52042062290452], [127.12841310065978, 37.520662831685556], [127.12827233858573, 37.520906071281935], [127.12814008352682, 37.521096503276446], [127.12780301371866, 37.521516547583666], [127.12763051603648, 37.52179252642262], [127.12753898542461, 37.52205247103069], [127.12749827580845, 37.52226280664878], [127.12747065121559, 37.52251844832971], [127.12745139191719, 37.52283805169956], [127.12741705312172, 37.52286818152984], [127.12718989988096, 37.52306934525246], [127.12701329749962, 37.52312692638337], [127.12677115026469, 37.52336000043355], [127.12672027134866, 37.523443756778235], [127.12662468323964, 37.52351251385429], [127.12644114335392, 37.523616682895685], [127.12630981085276, 37.523755394695016], [127.12624488137835, 37.523825740854825], [127.12605796323372, 37.52394000400256], [127.12592263211887, 37.523987719131746], [127.12590172021514, 37.52399747189676], [127.12566705512664, 37.524107369822026], [127.12510666231086, 37.52439897875061], [127.12504832829931, 37.52442246563132], [127.12435656809514, 37.52469979239724], [127.12399123887364, 37.52481027330013], [127.12383340928655, 37.52479881402268], [127.12362755050832, 37.52474821093984], [127.12354060650685, 37.52470937783326], [127.123174146892, 37.5246818250264], [127.12297505881138, 37.524690138869346], [127.12250420049452, 37.524812706870534], [127.12227590633516, 37.524809156321304], [127.12175782551061, 37.52476148166454], [127.12130283969124, 37.52490736447358], [127.12106770915668, 37.524944273173034], [127.12082026923115, 37.52492371039266], [127.12057376940247, 37.524853951848584], [127.12055508887356, 37.52484469043382], [127.12021036949795, 37.52461528375409], [127.12011476700816, 37.524465274100514], [127.12001221281234, 37.52421120646819], [127.11991920690957, 37.5241288587338], [127.11947616897689, 37.523887745367105], [127.1193458262713, 37.523729210311046], [127.11917497587216, 37.523636488075134], [127.11883262259836, 37.52361151065748], [127.11866354771965, 37.52356852082221], [127.11860532227463, 37.52351758225688], [127.11808178795167, 37.523592972738044], [127.1180088755951, 37.52362692207073], [127.11792893001552, 37.52364835446439], [127.11788742282553, 37.52365443203012], [127.11754948036882, 37.52370161622055], [127.11725517630376, 37.52365793642921], [127.11717292320752, 37.52365035854376], [127.11707277484902, 37.52355540162544], [127.11665605350727, 37.5235737383766], [127.11685984811578, 37.52390528577677], [127.11692494467269, 37.524011089059115], [127.11707210755097, 37.52400292632472], [127.11712303948549, 37.5239462940229], [127.11720506651339, 37.52395378206444], [127.11763132089366, 37.52402688495911], [127.1180258480477, 37.52406586991873], [127.11834133102033, 37.52405141268791], [127.1186911743836, 37.52416278947762], [127.1191514306606, 37.52441929563765], [127.11955073264846, 37.52454323452758], [127.12011291859693, 37.52486982248537], [127.12067619757568, 37.52516928671124], [127.12115669200088, 37.525268721264204], [127.12184329688539, 37.52522225327511]]]]}}, {"type": "Feature", "properties": {"facility_layer": "UPIS_C_UQ151", "urban_facility": "중로1류", "urban_facility_landuse": "기타", "urban_facility_source": "도시계획 시설정보"}, "geometry": {"type": "Polygon", "coordinates": [[[127.14242755767432, 37.51286555067437], [127.14247566872953, 37.51281472214295], [127.14265578808839, 37.51279401841983], [127.14267512403539, 37.51279109410795], [127.14287932746863, 37.51276026109515], [127.14310155087823, 37.512730523367466], [127.14311976828593, 37.51272826706056], [127.14332779276819, 37.51270254634999], [127.14341174934913, 37.51268884048882], [127.14348822922162, 37.512674999394775], [127.14352588997762, 37.51266685417072], [127.14352764503377, 37.51265873349519], [127.14352764159985, 37.51265873390789], [127.14342334622813, 37.51267125807824], [127.14304902445856, 37.51271401707748], [127.14288449143092, 37.512733585430105], [127.14271325815956, 37.51269905704881], [127.14269607348244, 37.51269559456578], [127.14269606434817, 37.51269558998241], [127.14269278002917, 37.512694927711706], [127.14259529264348, 37.51265296766143], [127.14242659111802, 37.512598082116575], [127.14229439907831, 37.51261446667108], [127.14219865709993, 37.512568197450896], [127.14237678250836, 37.512919202480454], [127.14242755767432, 37.51286555067437]]]}}, {"type": "Feature", "properties": {"facility_layer": "UPIS_C_UQ151", "urban_facility": "대로3류", "urban_facility_landuse": "기타", "urban_facility_source": "도시계획 시설정보"}, "geometry": {"type": "MultiPolygon", "coordinates": [[[[127.14338799913465, 37.515588354921334], [127.14327492334169, 37.51559560854169], [127.14311487811185, 37.51560607185164], [127.14315717620245, 37.51575260412548], [127.14325616568337, 37.516066176026264], [127.14350286775148, 37.516670754102414], [127.14369633367005, 37.517096240260535], [127.1437126188475, 37.51708913495857], [127.14382778727749, 37.51703895299535], [127.14387720619291, 37.51703283125095], [127.14408030029088, 37.517007460074666], [127.14387778897044, 37.51654866844783], [127.14382065072418, 37.51642115632864], [127.14376268549495, 37.51629287932853], [127.14364224208154, 37.5160719290005], [127.14350176908866, 37.51577438194851], [127.1434866742694, 37.51573558519885], [127.1434110795697, 37.51559129147432], [127.14340727796998, 37.5155907464335], [127.14338799913465, 37.515588354921334]]], [[[127.14266278509804, 37.514311350393776], [127.142725136604, 37.51424204335023], [127.14277953789839, 37.51420956047328], [127.14282716011967, 37.51418109511276], [127.14274038520924, 37.51397862797537], [127.14273431759635, 37.5139640030553], [127.14274706299608, 37.51395690598957], [127.14269435838558, 37.51381517024887], [127.14268187573416, 37.51378159603736], [127.14267309921732, 37.51375798241109], [127.14260291424387, 37.513559360604646], [127.14259115596262, 37.51353200238929], [127.14247733766618, 37.51326311887109], [127.14253615568244, 37.51321583647556], [127.14254468247547, 37.513208978725906], [127.14249313236483, 37.513181442749854], [127.14237678250836, 37.512919202480454], [127.14219865709993, 37.512568197450896], [127.14218762617132, 37.512542523187115], [127.14217926557585, 37.51252307307343], [127.14207497407708, 37.51250699735786], [127.14198705904317, 37.512481111084774], [127.1419161836195, 37.51246024279266], [127.14181899556348, 37.51245090681535], [127.14194407481703, 37.51275549310843], [127.14199155931348, 37.5128711335618], [127.14201289637305, 37.512922014466135], [127.14217194504064, 37.51329963987458], [127.14229149779219, 37.51358705034011], [127.14233645304066, 37.5137165059201], [127.14248106402152, 37.51402361810809], [127.1424883937915, 37.51404781011153], [127.14262215522785, 37.514323003761874], [127.14263536292326, 37.51431509526005], [127.14261065796856, 37.514338235315726], [127.14260151815635, 37.51434397656619], [127.14260538781038, 37.51435667598623], [127.14263197247169, 37.51434064254366], [127.14264174537476, 37.514334729345265], [127.14266278509804, 37.514311350393776]]], [[[127.14094652352544, 37.510398046603584], [127.14104572835492, 37.51062343987869], [127.14121958232612, 37.51101229367208], [127.14121922244426, 37.5109891204701], [127.14121705816088, 37.51082312344901], [127.14117269682156, 37.5107615657664], [127.14094652352544, 37.510398046603584]]], [[[127.13466137061916, 37.498365655901395], [127.13397253538871, 37.49873430784466], [127.13430992377732, 37.49876294124294], [127.13603772631816, 37.50018501422569], [127.13632927272707, 37.50042584304505], [127.13644602281315, 37.50052458528875], [127.13654796775329, 37.50061592011419], [127.13664663708174, 37.50070933089227], [127.13674203111957, 37.50080499783032], [127.13683403644781, 37.50090274086649], [127.13692253980844, 37.50100247003859], [127.13700742810447, 37.50110418548415], [127.13708881409241, 37.50120770688183], [127.13715728795722, 37.501300160772544], [127.13720173317, 37.501362999390174], [127.13724051333034, 37.50141998801232], [127.1373107131427, 37.50152856769002], [127.13737707084461, 37.501638683438756], [127.13743958626, 37.50175024516533], [127.13749315246255, 37.50185343787741], [127.13752652481905, 37.501921514898186], [127.13755263715738, 37.50197734669835], [127.13760317228217, 37.50209270631701], [127.13760794436615, 37.50210495439001], [127.13766009451902, 37.5022377013785], [127.1377124723503, 37.50237116887654], [127.13777564389736, 37.5025320142307], [127.13779575504728, 37.50258361820326], [127.1378961971378, 37.50284109754011], [127.13795403165034, 37.502989605278344], [127.13799834451633, 37.50310307979792], [127.13801856955901, 37.50315495389498], [127.13806924571007, 37.50328481918869], [127.13808833433731, 37.50333363119379], [127.13824607312944, 37.503753043308414], [127.13826777515239, 37.50380842953775], [127.13831856543857, 37.50393838467697], [127.13836935573703, 37.50406824969155], [127.13842014604752, 37.50419802458155], [127.13847093636987, 37.504327709346924], [127.13852161377342, 37.50445739421841], [127.13859297138931, 37.5046399436192], [127.13861592374339, 37.504698481815886], [127.13868546371666, 37.50487634807603], [127.13872005575757, 37.5049544964569], [127.13902778660932, 37.50574182653011], [127.13907772442239, 37.50596049447543], [127.13939381528598, 37.50676921239917], [127.13933378936272, 37.50686527466979], [127.13936631704598, 37.50685319939691], [127.13988754397509, 37.50673626229495], [127.13976962339636, 37.50668514263418], [127.13945838096778, 37.505888853807605], [127.13940229460158, 37.505654452776234], [127.13928682238448, 37.50535900633411], [127.13920399434959, 37.50523800886287], [127.13905142360352, 37.504847658298964], [127.13899206463746, 37.50475174413973], [127.13897024804854, 37.504695997787344], [127.13891820645469, 37.50456298101056], [127.13887343713203, 37.50444851629964], [127.13882162289767, 37.5043159497088], [127.13877049054904, 37.50418509419506], [127.1387374254888, 37.50410070914217], [127.13867447657205, 37.50393977398982], [127.13866106848839, 37.503905371450834], [127.13861834503811, 37.503796039940674], [127.13855380607502, 37.503631142171265], [127.13839606598587, 37.503211820561255], [127.13838265816105, 37.50317741798589], [127.13833663988991, 37.50305935049949], [127.13828300921232, 37.502921920355746], [127.13825324039338, 37.502846000710484], [127.13820233754514, 37.502715865449], [127.1381952928006, 37.50269776354563], [127.13813564183124, 37.502545563928244], [127.13805553889728, 37.502340859746326], [127.13800338682461, 37.5022074822391], [127.13795123510202, 37.50207419480506], [127.13792498901776, 37.50200719087564], [127.13789648426786, 37.501941901442905], [127.13787467980266, 37.50189192123235], [127.13786185134451, 37.50186490610336], [127.13782223052894, 37.5017813392233], [127.13777944112698, 37.501696604686174], [127.13776253246026, 37.50166463876326], [127.13770092103525, 37.50155289596459], [127.1376355800955, 37.50144241882583], [127.13756673616184, 37.50133338727949], [127.13750323413932, 37.50123894570872], [127.13745901476506, 37.50117601684368], [127.13741820041382, 37.501119841529096], [127.13737070287769, 37.50105763719896], [127.13733862203763, 37.50101550738072], [127.13727707604862, 37.500939263593466], [127.13725576721565, 37.50091279873771], [127.13718720201243, 37.5008322381764], [127.13712192909858, 37.500758611479846], [127.13707989013783, 37.500712889026794], [127.13702584405164, 37.50065627825526], [127.13698709423753, 37.50061577778418], [127.13692682268918, 37.50055602061168], [127.13689113565918, 37.500520652286724], [127.13682543241106, 37.50045891908962], [127.13679201440716, 37.500427512526784], [127.13672065346373, 37.5003638936525], [127.1366898438991, 37.500336538566344], [127.1366119199204, 37.50027067463911], [127.13658473706366, 37.500247640168695], [127.13657352504883, 37.50023864300569], [127.13628834283378, 37.50000263687157], [127.13564550565981, 37.499473671620386], [127.1355656611686, 37.49940789927218], [127.13526078144706, 37.49915695639588], [127.13462599957514, 37.4986345536784], [127.13466137061916, 37.498365655901395]]], [[[127.13226209472491, 37.496649788854484], [127.13223778057286, 37.49666857455237], [127.13160874823444, 37.496150789151166], [127.13151951910218, 37.496075113372335], [127.1314331023118, 37.49599736213523], [127.13134962240821, 37.49591762540896], [127.13126919247084, 37.49583590307546], [127.13119578915236, 37.49575651557053], [127.1309666501044, 37.49547448391305], [127.13091495727762, 37.49540056853164], [127.1308766472791, 37.49534276635468], [127.13085407404311, 37.4953087333096], [127.13080645730663, 37.4952311193206], [127.13079681837988, 37.495215452486995], [127.13074464299338, 37.4951237878764], [127.13074294180981, 37.495120906540556], [127.13069279487384, 37.49502509509156], [127.13068700695452, 37.49501302803365], [127.13064615155372, 37.49492810849167], [127.13062470963766, 37.49488109977836], [127.13056568490762, 37.49475169070974], [127.13053481046236, 37.494683969304], [127.13025990625334, 37.494081410713456], [127.13021361661592, 37.493992172133396], [127.13016359763779, 37.493904198993384], [127.13011042757762, 37.4938183916585], [127.13005166701684, 37.49371015550131], [127.12990319892228, 37.493376046228974], [127.12910773628163, 37.4928644105596], [127.12910558550709, 37.49286306138329], [127.1290079019469, 37.492805782186096], [127.12669809045724, 37.49157610833127], [127.12611366099578, 37.491265070354565], [127.12602504468126, 37.49121794238535], [127.12589501741866, 37.49114862128051], [127.12573623294537, 37.49106417545619], [127.1255966884079, 37.49098989951873], [127.12546653768747, 37.49092065915869], [127.12532926841705, 37.49084755181572], [127.12516946652133, 37.490762484600886], [127.12509420591776, 37.49072246885752], [127.1249277273883, 37.49063389439787], [127.12478773169447, 37.490559338659715], [127.12464773644136, 37.49048488186402], [127.12450775262556, 37.49041033478941], [127.12436775778033, 37.49033578755929], [127.12422776336048, 37.490261330261674], [127.12408776907102, 37.49018678269692], [127.1239250388845, 37.49010018512556], [127.12388746583176, 37.49008021284153], [127.12374645369127, 37.49000513433389], [127.12368658591478, 37.48997329185057], [127.12334606457274, 37.48979200190178], [127.1232670711414, 37.4897499165359], [127.12312572086223, 37.48967473852077], [127.1229844839389, 37.489599560218856], [127.12284314537267, 37.48952428274133], [127.12270202223336, 37.48944919408258], [127.12256078615845, 37.48937401526981], [127.12241977665622, 37.48929892615519], [127.12227877888829, 37.489223926959106], [127.12214150451632, 37.489150815892216], [127.12206477590229, 37.489109988804636], [127.1219076974423, 37.489026355968925], [127.12177664808608, 37.48895657183193], [127.12164549720889, 37.48888678765178], [127.1215416087175, 37.48883147272354], [127.12149301219189, 37.48870529198022], [127.12144214476987, 37.48857308582889], [127.12129436999004, 37.488862357622224], [127.1211278824273, 37.48918822876033], [127.1212631658734, 37.48915512414049], [127.12145226190657, 37.48910889124365], [127.12161252004422, 37.489194197311804], [127.12178429924339, 37.48928569031372], [127.12198619314883, 37.4893931631307], [127.12236552658912, 37.489595050219826], [127.12250550675952, 37.4896695998492], [127.1226697169434, 37.48975700876614], [127.12274486236048, 37.48979711628023], [127.12289888776647, 37.489879129327065], [127.12304736795357, 37.48995808447637], [127.12319583730635, 37.49003713855892], [127.12334431826454, 37.490116183431645], [127.12349279953528, 37.490195228116164], [127.12364139433916, 37.490274362595436], [127.12378986478122, 37.49035331681529], [127.12393857343211, 37.490432540900365], [127.12409373308493, 37.49051510081339], [127.12418777960647, 37.49056508977945], [127.12433818655417, 37.49064513150454], [127.12447998145666, 37.49072066799165], [127.12462190087864, 37.49079611407771], [127.12476382073382, 37.490871650091634], [127.12490572956709, 37.49094718594543], [127.12504753677007, 37.491022631633875], [127.12518945749648, 37.491098176142074], [127.12533137849358, 37.49117371146835], [127.1254732884687, 37.491249246634524], [127.1256240376666, 37.49132945754225], [127.12569929931091, 37.49136956304222], [127.12587143923989, 37.49146119384156], [127.12643957174221, 37.491763519552954], [127.12650860951796, 37.491800297416184], [127.12663921548108, 37.49186980643385], [127.12676880309682, 37.491938775786046], [127.12689837964305, 37.49200774500685], [127.12702808081141, 37.49207671395218], [127.12715766929237, 37.49214577297393], [127.12729121901974, 37.492216809834375], [127.12736635792353, 37.49225683330576], [127.1275029639965, 37.49232957856852], [127.12763481670804, 37.49239971584811], [127.12776655643712, 37.49246976300032], [127.12789817202716, 37.4925398101374], [127.12802979917046, 37.49260985711448], [127.12816131348202, 37.49267990406484], [127.12829282788665, 37.49274986076775], [127.12842422932157, 37.49281973635466], [127.12869127752876, 37.49296195125549], [127.12876647450938, 37.49300200079771], [127.12881140740474, 37.49302609917549], [127.12890524279365, 37.49308122929382], [127.12899636904032, 37.49313906525799], [127.12908489892007, 37.493199426752525], [127.12917059512458, 37.49326240413951], [127.12925347981108, 37.49332772710133], [127.1293332024368, 37.49339539602301], [127.12940987594095, 37.49346532969872], [127.12945348434187, 37.49350817004727], [127.12948327398026, 37.49353742025955], [127.12955339641313, 37.49361158662178], [127.12962011867972, 37.493687729816294], [127.12968335018859, 37.49376577786713], [127.12974296623852, 37.49384555071531], [127.12979896677592, 37.49392702133635], [127.12984420887703, 37.49399914223472], [127.12985112538746, 37.494010045821376], [127.1298996567142, 37.494094506812345], [127.1299441309052, 37.49418032369094], [127.13006897649547, 37.49445400153409], [127.1301021319864, 37.494526766176676], [127.13026897675446, 37.49489256126043], [127.13032753559597, 37.49502088978367], [127.13037156841074, 37.49511247336153], [127.13037781015933, 37.49512544093869], [127.13043192761178, 37.495228816578624], [127.13048988750185, 37.49533074639903], [127.1305516898418, 37.495431230394296], [127.13061732333529, 37.49553026857082], [127.13068647105425, 37.49562768106904], [127.13073384931413, 37.49569151007941], [127.13096578648704, 37.4959634479256], [127.13099909491179, 37.495999451377784], [127.13108575533622, 37.496087573161574], [127.13109005961658, 37.49609170402547], [127.13117580483025, 37.49617360084384], [127.13120932950315, 37.49620375651595], [127.13126889257641, 37.496257381632404], [127.13136515427597, 37.49633891537098], [127.13142200319614, 37.49638579491122], [127.13155280085623, 37.49649341046896], [127.13168337241231, 37.496600845928995], [127.13191540133688, 37.49679187208228], [127.13197836608143, 37.496843700092974], [127.13369233189673, 37.49825465981846], [127.13365639168005, 37.49852337775001], [127.13434613107711, 37.498154645530654], [127.1341786261854, 37.49814065202514], [127.13400874620818, 37.49812646272596], [127.13392788554503, 37.498059969594365], [127.13381045635337, 37.49796324381216], [127.13377897286755, 37.497937330306335], [127.13367331073846, 37.4978503129853], [127.13356730931399, 37.497763133767805], [127.13345735543359, 37.497672526063454], [127.13333164906737, 37.4975690425425], [127.13321364404915, 37.497471956400865], [127.13309563917842, 37.497374780039465], [127.13297358049427, 37.49727435546415], [127.1328514880855, 37.49717385871838], [127.13278433220023, 37.4971185219388], [127.13278125186663, 37.49711598454517], [127.13259903329514, 37.49693146412056], [127.13257108769476, 37.496904122784365], [127.13226209472491, 37.496649788854484]]]]}}]}